Image_Num,Name,Visibility,Quality,Blur,Brightness,Noise,Contrast,Compression,Sharpness,Exposure,Quality score
1,image_0001.jpg,1,1,1,1,1,1,1,1,1,
2,image_0002.jpg,1,1,1,1,1,1,1,1,1,
3,image_0003.jpg,1,1,1,1,1,1,1,1,1,
4,image_0004.jpg,1,1,1,1,1,1,1,1,1,
5,image_0005.jpg,1,1,1,1,2,1,1,1,1,
6,image_0006.jpg,1,1,1,1,2,1,1,1,1,
7,image_0007.jpg,1,1,1,1,1,1,1,1,1,
8,image_0008.jpg,1,1,1,1,1,1,1,1,1,
9,image_0009.jpg,1,1,1,1,1,1,1,1,1,
10,image_0010.jpg,0,1,1,1,1,1,1,1,1,
11,image_0011.jpg,0,1,1,1,1,1,1,1,1,
12,image_0012.jpg,0,1,1,1,1,1,1,1,1,
13,image_0013.jpg,0,1,1,1,1,1,1,1,1,
14,image_0014.jpg,1,1,1,1,1,1,1,1,1,
15,image_0015.jpg,0,1,1,1,1,1,1,1,1,
16,image_0016.jpg,0,1,1,1,1,1,1,1,1,
17,image_0017.jpg,0,1,1,1,1,1,1,1,1,
18,image_0018.jpg,0,1,1,1,1,1,1,1,1,
19,image_0019.jpg,0,1,1,1,1,1,1,1,1,
20,image_0020.jpg,0,1,1,1,1,1,1,1,1,
21,image_0021.jpg,0,1,1,1,1,1,1,1,1,
22,image_0022.jpg,0,1,1,1,1,1,1,1,1,
23,image_0023.jpg,0,1,1,1,1,1,1,1,1,
24,image_0024.jpg,0,1,1,1,1,1,1,1,1,
25,image_0025.jpg,0,1,1,1,1,1,1,1,1,
26,image_0026.jpg,1,1,1,1,1,1,1,1,1,
27,image_0027.jpg,0,1,1,1,1,1,1,1,1,
28,image_0028.jpg,0,1,1,1,1,1,1,1,1,
29,image_0029.jpg,1,1,1,1,1,1,1,1,1,
30,image_0030.jpg,0,1,1,1,1,1,1,1,1,
31,image_0031.jpg,0,0,1,1,1,1,1,1,1,
32,image_0032.jpg,0,0,1,3,1,1,1,1,1,
33,image_0033.jpg,0,1,1,1,1,1,1,1,1,
34,image_0034.jpg,0,1,1,1,1,1,1,1,1,
35,image_0035.jpg,0,1,1,1,1,1,1,1,1,
36,image_0036.jpg,0,1,1,1,1,1,1,1,1,
37,image_0037.jpg,1,1,1,1,1,1,1,1,1,
38,image_0038.jpg,0,1,1,1,1,1,1,1,1,
39,image_0039.jpg,1,1,1,1,1,1,1,1,1,
40,image_0040.jpg,1,1,1,3,1,1,1,1,1,
41,image_0041.jpg,0,1,1,1,1,1,1,1,1,
42,image_0042.jpg,0,1,1,1,1,1,1,1,1,
43,image_0043.jpg,0,1,1,1,1,1,1,1,1,
44,image_0044.jpg,0,1,1,1,1,1,1,1,1,
45,image_0045.jpg,0,1,1,1,1,1,1,1,1,
46,image_0046.jpg,1,1,1,1,1,1,1,1,1,
47,image_0047.jpg,1,1,1,1,1,1,1,1,1,
48,image_0048.jpg,0,1,1,1,1,1,1,1,1,
49,image_0049.jpg,0,1,1,1,1,1,1,1,1,
50,image_0050.jpg,0,1,1,1,1,1,1,1,1,
51,image_0051.jpg,0,1,1,1,1,1,1,1,1,
52,image_0052.jpg,1,1,1,3,1,1,1,1,1,
53,image_0053.jpg,0,1,1,1,1,1,1,1,1,
54,image_0054.jpg,0,1,1,1,1,1,1,1,1,
55,image_0055.jpg,0,1,1,1,1,1,1,1,1,
56,image_0056.jpg,1,1,1,1,1,1,1,1,1,
57,image_0057.jpg,0,1,1,1,1,1,1,1,1,
58,image_0058.jpg,0,1,1,1,1,1,1,1,1,
59,image_0059.jpg,0,1,1,1,1,1,1,1,1,
60,image_0060.jpg,0,0,1,1,1,1,1,1,1,
61,image_0061.jpg,0,0,1,1,1,1,1,1,1,
62,image_0062.jpg,0,1,1,1,1,1,1,1,1,
63,image_0063.jpg,0,1,1,1,1,1,1,1,1,
64,image_0064.jpg,0,1,1,1,1,1,1,1,1,
65,image_0065.jpg,0,1,1,1,1,1,1,1,1,
66,image_0066.jpg,0,1,1,1,1,1,1,1,1,
67,image_0067.jpg,0,1,1,1,1,1,1,1,1,
68,image_0068.jpg,1,1,1,1,1,1,1,1,1,
69,image_0069.jpg,0,1,1,1,1,1,1,1,1,
70,image_0070.jpg,0,1,1,1,1,1,1,1,1,
71,image_0071.jpg,0,1,1,1,1,1,1,1,1,
72,image_0072.jpg,0,1,1,1,1,1,1,1,1,
73,image_0073.jpg,0,1,1,1,1,1,1,1,1,
74,image_0074.jpg,0,1,1,1,1,1,1,1,1,
75,image_0075.jpg,0,1,1,1,1,1,1,1,1,
76,image_0076.jpg,1,1,1,1,1,1,1,1,1,
77,image_0077.jpg,0,1,1,1,1,1,1,1,1,
78,image_0078.jpg,1,1,1,1,2,1,1,1,1,
79,image_0079.jpg,1,1,1,1,1,1,1,1,1,
80,image_0080.jpg,0,1,1,1,2,1,1,1,1,
81,image_0081.jpg,0,1,1,1,1,1,1,1,1,
82,image_0082.jpg,0,1,1,1,1,1,1,1,1,
83,image_0083.jpg,0,1,1,1,1,1,1,1,1,
84,image_0084.jpg,0,1,1,1,1,1,1,1,1,
85,image_0085.jpg,0,1,1,1,1,1,1,1,1,
86,image_0086.jpg,0,1,1,1,2,1,1,1,1,
87,image_0087.jpg,0,1,1,1,2,1,1,1,1,
88,image_0088.jpg,0,1,1,1,1,1,1,1,1,
89,image_0089.jpg,0,1,1,1,2,1,1,1,1,
90,image_0090.jpg,0,1,1,1,1,1,1,1,1,
91,image_0091.jpg,0,1,1,1,1,1,1,1,1,
92,image_0092.jpg,0,1,1,1,1,1,1,1,1,
93,image_0093.jpg,0,1,1,1,1,1,1,1,1,
94,image_0094.jpg,0,1,1,1,1,1,1,1,1,
95,image_0095.jpg,0,1,1,1,1,1,1,1,1,
96,image_0096.jpg,0,1,1,1,1,1,1,1,1,
97,image_0097.jpg,0,1,1,1,1,1,1,1,1,
98,image_0098.jpg,0,1,1,1,1,1,1,1,1,
99,image_0099.jpg,0,1,1,1,1,1,1,1,1,
100,image_0100.jpg,0,1,1,1,1,1,1,1,1,
101,image_0101.jpg,0,0,1,1,1,1,1,1,1,
102,image_0102.jpg,0,1,1,1,1,1,1,1,1,
103,image_0103.jpg,0,0,1,1,1,1,1,1,1,
104,image_0104.jpg,0,1,1,1,2,1,1,1,1,
105,image_0105.jpg,0,1,1,1,1,1,1,1,1,
106,image_0106.jpg,0,1,1,1,1,1,1,1,1,
107,image_0107.jpg,0,1,1,1,1,1,1,1,1,
108,image_0108.jpg,0,1,1,1,1,1,1,1,1,
109,image_0109.jpg,0,0,1,1,1,1,1,1,1,
110,image_0110.jpg,0,1,1,1,1,1,1,1,1,
111,image_0111.jpg,0,1,1,1,1,1,1,1,1,
112,image_0112.jpg,1,1,1,1,1,1,1,1,1,
113,image_0113.jpg,0,1,1,1,1,1,1,1,1,
114,image_0114.jpg,0,1,1,1,1,1,1,1,1,
115,image_0115.jpg,0,1,1,1,2,1,1,1,1,
116,image_0116.jpg,1,1,1,1,1,1,1,1,1,
117,image_0117.jpg,1,0,1,3,1,1,1,1,1,
118,image_0118.jpg,0,1,1,1,1,1,1,1,1,
119,image_0119.jpg,1,1,1,1,2,1,1,1,1,
120,image_0120.jpg,1,0,1,3,1,1,1,1,1,
121,image_0121.jpg,0,1,1,1,1,1,1,1,1,
122,image_0122.jpg,1,1,1,1,1,1,1,1,1,
123,image_0123.jpg,1,1,1,1,1,1,1,1,1,
124,image_0124.jpg,1,1,1,1,1,1,1,1,1,
125,image_0125.jpg,1,0,1,1,1,1,1,1,1,
126,image_0126.jpg,0,1,1,1,1,1,1,1,1,
127,image_0127.jpg,0,0,1,3,1,1,1,1,1,
128,image_0128.jpg,1,1,1,1,2,1,1,1,1,
129,image_0129.jpg,0,1,1,1,1,1,1,1,1,
130,image_0130.jpg,1,1,1,1,1,1,1,1,1,
131,image_0131.jpg,0,1,1,1,1,1,1,1,1,
132,image_0132.jpg,1,1,1,1,2,1,1,1,1,
133,image_0133.jpg,0,1,1,1,1,1,1,1,1,
134,image_0134.jpg,1,0,1,3,1,1,1,1,1,
135,image_0135.jpg,0,1,1,1,1,1,1,1,1,
136,image_0136.jpg,0,0,1,1,1,1,1,1,1,
137,image_0137.jpg,0,1,1,1,1,1,1,1,1,
138,image_0138.jpg,0,1,1,1,1,1,1,1,1,
139,image_0139.jpg,1,1,1,1,1,1,1,1,1,
140,image_0140.jpg,1,1,1,1,1,1,1,1,1,
141,image_0141.jpg,1,1,1,1,1,1,1,1,1,
142,image_0142.jpg,1,1,1,1,1,1,1,1,1,
143,image_0143.jpg,1,1,1,1,1,1,1,1,1,
144,image_0144.jpg,1,1,1,1,2,1,1,1,1,
145,image_0145.jpg,1,1,1,1,1,1,1,1,1,
146,image_0146.jpg,0,1,1,1,1,1,1,1,1,
147,image_0147.jpg,0,1,1,1,1,1,1,1,1,
148,image_0148.jpg,1,1,1,1,1,1,1,1,1,
149,image_0149.jpg,0,1,1,1,1,1,1,1,1,
150,image_0150.jpg,0,1,1,1,1,1,1,1,1,
151,image_0151.jpg,0,1,1,1,1,1,1,1,1,
152,image_0152.jpg,0,1,1,1,2,1,1,1,1,
153,image_0153.jpg,0,1,1,1,1,1,1,1,1,
154,image_0154.jpg,0,1,1,1,1,1,1,1,1,
155,image_0155.jpg,0,1,1,1,1,1,1,1,1,
156,image_0156.jpg,0,1,1,1,1,1,1,1,1,
157,image_0157.jpg,0,1,1,1,1,1,1,1,1,
158,image_0158.jpg,0,1,1,1,2,1,1,1,1,
159,image_0159.jpg,0,1,1,1,1,1,1,1,1,
160,image_0160.jpg,0,1,1,1,1,1,1,1,1,
161,image_0161.jpg,1,1,1,1,1,1,1,1,1,
162,image_0162.jpg,1,1,1,1,1,1,1,1,1,
163,image_0163.jpg,0,1,1,1,1,1,1,1,1,
164,image_0164.jpg,1,1,1,1,2,1,1,1,1,
165,image_0165.jpg,1,1,1,1,1,1,1,1,1,
166,image_0166.jpg,0,1,1,1,1,1,1,1,1,
167,image_0167.jpg,1,1,1,1,1,1,1,1,1,
168,image_0168.jpg,1,0,1,1,1,1,1,1,1,
169,image_0169.jpg,1,0,1,1,1,1,1,1,1,
170,image_0170.jpg,1,1,1,1,1,1,1,1,1,
171,image_0171.jpg,1,0,1,1,1,1,1,1,1,
172,image_0172.jpg,1,0,1,1,1,1,1,1,1,
173,image_0173.jpg,1,0,1,1,1,1,1,2,1,
174,image_0174.jpg,1,1,1,1,1,1,1,1,1,
175,image_0175.jpg,1,0,1,1,1,1,1,1,1,
176,image_0176.jpg,1,0,1,1,1,1,1,1,1,
177,image_0177.jpg,0,1,1,1,1,1,1,1,1,
178,image_0178.jpg,1,1,1,1,2,1,1,1,1,
179,image_0179.jpg,0,1,1,1,1,1,1,1,1,
180,image_0180.jpg,1,1,1,1,1,1,1,1,1,
181,image_0181.jpg,0,1,1,1,1,1,1,1,1,
182,image_0182.jpg,0,1,1,1,1,1,1,1,1,
183,image_0183.jpg,1,1,1,1,1,1,1,1,1,
184,image_0184.jpg,1,1,1,1,2,1,1,1,1,
185,image_0185.jpg,0,1,1,1,1,1,1,1,1,
186,image_0186.jpg,1,1,1,1,1,1,1,1,1,
187,image_0187.jpg,1,1,1,1,1,1,1,1,1,
188,image_0188.jpg,1,1,1,1,1,1,1,1,1,
189,image_0189.jpg,0,1,1,1,1,1,1,1,1,
190,image_0190.jpg,1,1,1,1,1,1,1,1,1,
191,image_0191.jpg,0,1,1,1,1,1,1,1,1,
192,image_0192.jpg,1,1,1,1,1,1,1,1,1,
193,image_0193.jpg,0,1,1,1,2,1,1,1,1,
194,image_0194.jpg,0,1,1,1,1,1,1,1,1,
195,image_0195.jpg,0,1,1,1,1,1,1,1,1,
196,image_0196.jpg,0,1,1,1,1,1,1,1,1,
197,image_0197.jpg,0,1,1,1,1,1,1,1,1,
198,image_0198.jpg,1,1,1,1,1,1,1,1,1,
199,image_0199.jpg,1,0,1,1,1,1,1,3,1,
200,image_0200.jpg,0,1,1,1,1,1,1,1,1,
201,image_0201.jpg,0,0,1,1,1,1,1,1,1,
202,image_0202.jpg,0,0,1,1,1,1,1,1,1,
203,image_0203.jpg,0,0,1,1,1,1,1,1,1,
204,image_0204.jpg,0,1,1,1,1,1,1,1,1,
205,image_0205.jpg,0,1,1,1,1,1,1,1,1,
206,image_0206.jpg,0,1,1,1,1,1,1,1,1,
207,image_0207.jpg,0,0,1,1,1,1,1,1,1,
208,image_0208.jpg,0,1,1,1,1,1,1,1,1,
209,image_0209.jpg,0,1,1,1,1,1,1,1,1,
210,image_0210.jpg,0,0,1,1,1,1,1,2,1,
211,image_0211.jpg,0,1,1,1,1,1,1,1,1,
212,image_0212.jpg,0,1,1,1,1,1,1,1,1,
213,image_0213.jpg,0,1,1,1,1,1,1,1,1,
214,image_0214.jpg,0,0,1,2,1,1,1,1,1,
215,image_0215.jpg,0,0,1,2,1,1,1,4,1,
216,image_0216.jpg,0,1,1,1,1,1,1,1,1,
217,image_0217.jpg,0,1,1,1,1,1,1,1,1,
218,image_0218.jpg,0,0,1,1,1,1,1,1,1,
219,image_0219.jpg,0,1,1,1,1,1,1,1,1,
220,image_0220.jpg,0,1,1,1,1,1,1,1,1,
221,image_0221.jpg,0,1,1,1,1,1,1,1,1,
222,image_0222.jpg,0,1,1,1,1,1,1,1,1,
223,image_0223.jpg,0,0,1,1,1,1,1,1,1,
224,image_0224.jpg,0,1,1,1,1,1,1,1,1,
225,image_0225.jpg,0,1,1,1,1,1,1,1,1,
226,image_0226.jpg,0,0,1,1,1,1,1,1,1,
227,image_0227.jpg,0,1,1,1,1,1,1,1,1,
228,image_0228.jpg,0,1,1,1,1,1,1,1,1,
229,image_0229.jpg,0,1,1,1,1,1,1,1,1,
230,image_0230.jpg,1,1,1,1,1,1,1,1,1,
231,image_0231.jpg,1,1,1,1,1,1,1,1,1,
232,image_0232.jpg,1,1,1,1,1,1,1,1,1,
233,image_0233.jpg,1,1,1,1,1,1,1,1,1,
234,image_0234.jpg,1,0,1,1,1,1,1,1,1,
235,image_0235.jpg,1,0,1,1,1,1,1,1,1,
236,image_0236.jpg,0,0,1,1,1,1,1,1,1,
237,image_0237.jpg,1,1,1,1,1,1,1,1,1,
238,image_0238.jpg,1,1,1,1,1,1,1,1,1,
239,image_0239.jpg,1,1,1,1,1,1,1,1,1,
240,image_0240.jpg,0,1,1,1,1,1,1,1,1,
241,image_0241.jpg,0,1,1,3,1,1,1,1,1,
242,image_0242.jpg,0,1,1,3,1,1,1,1,1,
243,image_0243.jpg,0,1,1,1,1,1,1,1,1,
244,image_0244.jpg,0,1,1,1,1,1,1,1,1,
245,image_0245.jpg,0,1,1,1,1,1,1,1,1,
246,image_0246.jpg,0,1,1,1,1,1,1,1,1,
247,image_0247.jpg,0,1,1,1,1,1,1,1,1,
248,image_0248.jpg,1,1,1,1,1,1,1,1,1,
249,image_0249.jpg,0,1,1,1,1,1,1,1,1,
250,image_0250.jpg,0,0,1,1,1,1,1,1,1,
251,image_0251.jpg,0,0,1,1,1,1,1,1,1,
252,image_0252.jpg,1,1,1,1,1,1,1,1,1,
253,image_0253.jpg,0,1,1,1,1,1,1,1,1,
254,image_0254.jpg,0,1,1,1,1,1,1,1,1,
255,image_0255.jpg,1,1,1,3,1,1,1,1,1,
256,image_0256.jpg,0,1,1,1,1,1,1,1,1,
257,image_0257.jpg,1,0,1,1,1,1,1,1,1,
258,image_0258.jpg,0,1,1,1,1,1,1,1,1,
259,image_0259.jpg,1,1,1,3,1,1,1,1,1,
260,image_0260.jpg,1,0,1,3,1,1,1,1,1,
261,image_0261.jpg,1,1,1,1,1,1,1,1,1,
262,image_0262.jpg,0,1,1,1,1,1,1,1,1,
263,image_0263.jpg,0,1,1,3,1,1,1,1,1,
264,image_0264.jpg,0,1,1,1,1,1,1,1,1,
265,image_0265.jpg,0,0,1,1,1,1,1,1,1,
266,image_0266.jpg,1,1,1,1,1,1,1,1,1,
267,image_0267.jpg,1,1,1,1,1,1,1,1,1,
268,image_0268.jpg,1,1,1,1,1,1,1,1,1,
269,image_0269.jpg,0,1,1,1,1,1,1,1,1,
270,image_0270.jpg,0,1,1,1,1,1,1,1,1,
271,image_0271.jpg,0,1,1,1,1,1,1,1,1,
272,image_0272.jpg,0,1,1,1,1,1,1,1,1,
273,image_0273.jpg,0,1,1,1,1,1,1,1,1,
274,image_0274.jpg,0,1,1,1,1,1,1,1,1,
275,image_0275.jpg,0,1,1,1,1,1,1,1,1,
276,image_0276.jpg,0,1,1,1,1,1,1,1,1,
277,image_0277.jpg,0,1,1,1,1,1,1,1,1,
278,image_0278.jpg,0,1,1,1,1,1,1,1,1,
279,image_0279.jpg,0,1,1,1,1,1,1,1,1,
280,image_0280.jpg,0,1,1,1,1,1,1,1,1,
281,image_0281.jpg,0,1,1,1,1,1,1,1,1,
282,image_0282.jpg,0,1,1,3,1,1,1,1,1,
283,image_0283.jpg,0,1,1,3,1,1,1,1,1,
284,image_0284.jpg,0,1,1,1,1,1,1,1,1,
285,image_0285.jpg,0,0,1,1,1,1,1,1,1,
286,image_0286.jpg,0,0,1,1,1,1,1,1,1,
287,image_0287.jpg,0,0,1,1,1,1,1,1,1,
288,image_0288.jpg,1,0,1,1,1,1,1,1,1,
289,image_0289.jpg,0,0,1,1,1,1,1,1,1,
290,image_0290.jpg,1,0,1,1,1,1,1,1,1,
291,image_0291.jpg,1,0,1,1,1,1,1,1,1,
292,image_0292.jpg,1,0,1,1,1,1,1,1,1,
293,image_0293.jpg,0,0,1,3,1,1,1,1,1,
294,image_0294.jpg,0,0,1,3,1,1,1,1,1,
295,image_0295.jpg,0,0,1,3,1,1,1,1,1,
296,image_0296.jpg,0,0,1,3,1,1,1,1,1,
297,image_0297.jpg,0,1,1,1,1,1,1,1,1,
298,image_0298.jpg,0,0,1,3,1,1,1,1,1,
299,image_0299.jpg,0,1,1,3,1,1,1,1,1,
300,image_0300.jpg,0,0,1,3,1,1,1,1,1,
301,image_0301.jpg,1,1,1,1,1,1,1,1,1,
302,image_0302.jpg,0,0,1,1,1,1,1,1,1,
303,image_0303.jpg,1,1,1,1,1,1,1,1,1,
304,image_0304.jpg,1,1,1,1,1,1,1,1,1,
305,image_0305.jpg,0,1,1,1,1,1,1,1,1,
306,image_0306.jpg,0,1,1,1,1,1,1,1,1,
307,image_0307.jpg,0,1,1,1,1,1,1,1,1,
308,image_0308.jpg,1,1,1,1,1,1,1,2,1,
309,image_0309.jpg,1,1,1,1,1,1,1,1,1,
310,image_0310.jpg,1,1,1,1,1,1,1,1,1,
311,image_0311.jpg,0,1,1,1,1,1,1,1,1,
312,image_0312.jpg,1,0,1,1,1,1,1,3,1,
313,image_0313.jpg,1,1,1,1,1,1,1,2,1,
314,image_0314.jpg,0,1,1,1,1,1,1,1,1,
315,image_0315.jpg,1,1,1,1,1,1,1,1,1,
316,image_0316.jpg,0,1,1,1,1,1,1,1,1,
317,image_0317.jpg,0,1,1,1,1,1,1,1,1,
318,image_0318.jpg,0,1,1,3,1,1,1,1,1,
319,image_0319.jpg,0,1,1,1,1,1,1,1,1,
320,image_0320.jpg,1,0,1,1,1,1,1,2,1,
321,image_0321.jpg,1,0,1,1,1,1,1,2,1,
322,image_0322.jpg,0,1,1,1,1,1,1,1,1,
323,image_0323.jpg,0,0,1,1,1,1,1,1,1,
324,image_0324.jpg,0,1,1,1,1,1,1,1,1,
325,image_0325.jpg,0,1,1,1,1,1,1,1,1,
326,image_0326.jpg,0,1,1,1,1,1,1,1,1,
327,image_0327.jpg,0,1,1,1,1,1,1,1,1,
328,image_0328.jpg,0,1,1,1,1,1,1,2,1,
329,image_0329.jpg,0,1,1,1,1,1,1,1,1,
330,image_0330.jpg,0,1,1,1,1,1,1,1,1,
331,image_0331.jpg,0,1,1,1,1,1,1,1,1,
332,image_0332.jpg,0,1,1,1,1,1,1,1,1,
333,image_0333.jpg,0,1,1,1,1,1,1,1,1,
334,image_0334.jpg,1,0,1,1,1,1,1,1,1,
335,image_0335.jpg,1,0,1,1,1,1,1,1,1,
336,image_0336.jpg,1,0,1,1,1,1,1,1,1,
337,image_0337.jpg,1,0,1,1,1,1,1,2,1,
338,image_0338.jpg,1,0,1,1,1,1,2,3,1,
339,image_0339.jpg,0,1,1,1,1,1,1,1,1,
340,image_0340.jpg,0,1,1,1,1,1,1,1,1,
341,image_0341.jpg,0,1,1,1,1,1,1,1,1,
342,image_0342.jpg,0,1,1,1,1,1,1,1,1,
343,image_0343.jpg,0,1,1,1,1,1,1,1,1,
344,image_0344.jpg,0,1,1,1,1,1,1,1,1,
345,image_0345.jpg,0,1,1,1,1,1,1,1,1,
346,image_0346.jpg,0,1,1,3,1,1,1,1,1,
347,image_0347.jpg,0,1,1,1,1,1,1,1,1,
348,image_0348.jpg,0,1,1,1,1,1,1,1,1,
349,image_0349.jpg,0,1,1,1,1,1,1,1,1,
350,image_0350.jpg,0,1,1,1,1,1,1,1,1,
351,image_0351.jpg,0,1,1,1,1,1,1,1,1,
352,image_0352.jpg,0,1,1,1,1,1,1,1,1,
353,image_0353.jpg,0,1,1,1,1,1,1,1,1,
354,image_0354.jpg,0,1,1,1,1,1,1,1,1,
355,image_0355.jpg,0,1,1,1,1,1,1,1,1,
356,image_0356.jpg,1,1,1,1,1,1,1,1,1,
357,image_0357.jpg,0,1,1,1,1,1,1,1,1,
358,image_0358.jpg,0,1,1,1,1,1,1,1,1,
359,image_0359.jpg,0,1,1,1,1,1,1,2,1,
360,image_0360.jpg,1,1,1,1,1,1,1,2,1,
361,image_0361.jpg,0,1,1,1,1,1,1,2,1,
362,image_0362.jpg,0,1,1,1,1,1,1,1,1,
363,image_0363.jpg,0,1,1,1,1,1,1,1,1,
364,image_0364.jpg,1,1,1,1,1,1,1,1,1,
365,image_0365.jpg,0,1,1,1,1,1,1,1,1,
366,image_0366.jpg,0,1,1,1,1,1,1,1,1,
367,image_0367.jpg,1,0,1,1,1,1,1,1,1,
368,image_0368.jpg,1,0,1,1,1,1,1,1,1,
369,image_0369.jpg,1,0,1,1,1,1,1,1,1,
370,image_0370.jpg,1,0,1,1,1,1,1,2,1,
371,image_0371.jpg,1,0,1,1,1,1,1,1,1,
372,image_0372.jpg,1,0,1,1,1,1,1,1,1,
373,image_0373.jpg,1,0,1,1,1,1,1,1,1,
374,image_0374.jpg,0,1,1,1,1,1,1,1,1,
375,image_0375.jpg,0,1,1,1,1,1,1,1,1,
376,image_0376.jpg,0,1,1,1,1,1,1,1,1,
377,image_0377.jpg,0,1,1,1,1,1,1,1,1,
378,image_0378.jpg,0,1,1,1,1,1,1,1,1,
379,image_0379.jpg,0,1,1,1,1,1,1,1,1,
380,image_0380.jpg,0,1,1,1,1,1,1,1,1,
381,image_0381.jpg,0,1,1,1,1,1,1,1,1,
382,image_0382.jpg,0,1,1,1,1,1,1,1,1,
383,image_0383.jpg,0,1,1,1,1,1,1,1,1,
384,image_0384.jpg,0,1,1,1,1,1,1,1,1,
385,image_0385.jpg,1,1,1,1,1,1,1,1,1,
386,image_0386.jpg,0,1,1,1,1,1,1,1,1,
387,image_0387.jpg,1,1,1,1,1,1,1,1,1,
388,image_0388.jpg,1,1,1,1,1,1,1,1,1,
389,image_0389.jpg,1,1,1,1,1,1,1,1,1,
390,image_0390.jpg,1,1,1,1,1,1,1,1,1,
391,image_0391.jpg,1,1,1,1,1,1,1,4,1,
392,image_0392.jpg,0,0,1,1,1,1,1,4,1,
393,image_0393.jpg,0,0,1,1,1,1,1,2,1,
394,image_0394.jpg,1,1,1,1,1,1,1,2,1,
395,image_0395.jpg,1,1,1,1,1,1,1,1,1,
396,image_0396.jpg,1,1,1,1,1,1,1,3,1,
397,image_0397.jpg,1,1,1,1,1,1,1,1,1,
398,image_0398.jpg,0,0,1,1,1,1,1,1,1,
399,image_0399.jpg,0,0,1,1,1,1,1,2,1,
400,image_0400.jpg,0,1,1,1,1,1,1,1,1,
401,image_0401.jpg,0,1,1,1,1,1,1,2,1,
402,image_0402.jpg,1,1,1,1,1,1,1,2,1,
403,image_0403.jpg,0,0,1,1,1,1,1,1,1,
404,image_0404.jpg,0,0,1,1,1,1,1,1,1,
405,image_0405.jpg,0,1,1,1,1,1,1,1,1,
406,image_0406.jpg,0,1,1,1,1,1,1,1,1,
407,image_0407.jpg,0,1,1,1,1,1,1,1,1,
408,image_0408.jpg,0,0,1,1,1,1,1,1,1,
409,image_0409.jpg,0,0,1,1,1,1,1,1,1,
410,image_0410.jpg,0,0,1,1,1,1,1,1,1,
411,image_0411.jpg,0,0,1,1,1,1,1,3,1,
412,image_0412.jpg,0,0,1,1,1,1,1,2,1,
413,image_0413.jpg,0,0,1,1,1,1,1,3,1,
414,image_0414.jpg,0,0,1,1,1,1,1,3,1,
415,image_0415.jpg,1,0,1,1,1,1,1,3,1,
416,image_0416.jpg,0,0,1,1,1,1,1,2,1,
417,image_0417.jpg,1,0,1,1,1,1,1,4,1,
418,image_0418.jpg,0,0,1,1,1,1,1,3,1,
419,image_0419.jpg,0,0,1,1,1,1,1,4,1,
420,image_0420.jpg,0,0,1,1,1,1,1,3,1,
421,image_0421.jpg,0,0,1,1,1,1,1,1,1,
422,image_0422.jpg,0,0,1,1,1,1,1,1,1,
423,image_0423.jpg,0,0,1,1,1,1,1,2,1,
424,image_0424.jpg,0,0,1,1,1,1,1,2,1,
425,image_0425.jpg,0,1,1,1,1,1,1,3,1,
426,image_0426.jpg,0,0,1,1,1,1,1,2,1,
427,image_0427.jpg,0,0,1,1,1,1,1,1,1,
428,image_0428.jpg,1,0,1,1,1,1,1,2,1,
429,image_0429.jpg,1,0,1,1,1,1,1,2,1,
430,image_0430.jpg,1,0,1,1,1,1,1,1,1,
431,image_0431.jpg,0,1,1,1,1,1,1,1,1,
432,image_0432.jpg,1,1,1,1,1,1,1,1,1,
433,image_0433.jpg,1,1,1,1,1,1,1,1,1,
434,image_0434.jpg,0,0,1,1,1,1,1,2,1,
435,image_0435.jpg,0,0,1,1,1,1,1,1,1,
436,image_0436.jpg,0,1,1,1,1,1,1,1,1,
437,image_0437.jpg,1,1,1,1,1,1,1,1,1,
438,image_0438.jpg,1,1,1,1,1,1,1,1,1,
439,image_0439.jpg,1,1,1,1,1,1,1,1,1,
440,image_0440.jpg,0,0,1,1,1,1,1,1,1,
441,image_0441.jpg,0,1,1,1,1,1,1,1,1,
442,image_0442.jpg,0,0,1,1,1,1,1,1,1,
443,image_0443.jpg,0,0,1,1,1,1,1,2,1,
444,image_0444.jpg,0,0,1,1,1,1,1,1,1,
445,image_0445.jpg,0,0,1,1,1,1,1,1,1,
446,image_0446.jpg,0,0,1,1,1,1,1,1,1,
447,image_0447.jpg,0,0,1,1,1,1,1,1,1,
448,image_0448.jpg,0,0,1,1,1,1,1,1,1,
449,image_0449.jpg,1,1,1,1,1,1,1,1,1,
450,image_0450.jpg,1,1,1,1,1,1,1,1,1,
451,image_0451.jpg,0,0,1,1,1,1,1,1,1,
452,image_0452.jpg,0,0,1,1,1,1,1,1,1,
453,image_0453.jpg,0,1,1,1,1,1,1,1,1,
454,image_0454.jpg,0,1,1,1,1,1,1,1,1,
455,image_0455.jpg,0,1,1,1,1,1,1,1,1,
456,image_0456.jpg,0,1,1,1,1,1,1,1,1,
457,image_0457.jpg,0,1,1,1,1,1,1,1,1,
458,image_0458.jpg,0,1,1,1,1,1,1,1,1,
459,image_0459.jpg,0,1,1,1,1,1,1,1,1,
460,image_0460.jpg,0,1,1,1,1,1,1,1,1,
461,image_0461.jpg,0,1,1,1,1,1,1,1,1,
462,image_0462.jpg,0,1,1,1,1,1,1,1,1,
463,image_0463.jpg,0,1,1,1,1,1,1,1,1,
464,image_0464.jpg,0,1,1,1,1,1,1,1,1,
465,image_0465.jpg,0,1,1,1,1,1,1,1,1,
466,image_0466.jpg,0,1,1,1,1,1,1,1,1,
467,image_0467.jpg,0,1,1,1,2,1,1,1,1,
468,image_0468.jpg,0,1,1,1,2,1,1,1,1,
469,image_0469.jpg,0,1,1,1,1,1,1,1,1,
470,image_0470.jpg,0,1,1,1,1,1,1,1,1,
471,image_0471.jpg,0,1,1,1,1,1,1,1,1,
472,image_0472.jpg,0,1,1,1,1,1,1,1,1,
473,image_0473.jpg,0,1,1,1,1,1,1,1,1,
474,image_0474.jpg,0,1,1,1,1,1,1,1,1,
475,image_0475.jpg,0,1,1,1,2,1,1,1,1,
476,image_0476.jpg,0,1,1,1,1,1,1,1,1,
477,image_0477.jpg,0,1,1,1,2,1,1,1,1,
478,image_0478.jpg,0,1,1,1,1,1,1,1,1,
479,image_0479.jpg,0,1,1,1,1,1,1,1,1,
480,image_0480.jpg,0,1,1,1,2,1,1,1,1,
481,image_0481.jpg,0,1,1,1,1,1,1,1,1,
482,image_0482.jpg,1,1,1,1,1,1,1,1,1,
483,image_0483.jpg,0,1,1,1,1,1,1,1,1,
484,image_0484.jpg,0,1,1,1,2,1,1,1,1,
485,image_0485.jpg,0,1,1,1,1,1,1,1,1,
486,image_0486.jpg,0,1,1,1,1,1,1,1,1,
487,image_0487.jpg,0,1,1,1,2,1,1,1,1,
488,image_0488.jpg,1,0,1,1,1,1,1,1,1,
489,image_0489.jpg,1,1,1,1,1,1,1,1,1,
490,image_0490.jpg,1,1,1,1,1,1,1,1,1,
491,image_0491.jpg,1,1,1,1,1,1,1,1,1,
492,image_0492.jpg,1,1,1,1,1,1,1,2,1,
493,image_0493.jpg,0,0,1,1,1,1,1,1,1,
494,image_0494.jpg,0,0,1,1,1,1,1,1,1,
495,image_0495.jpg,0,0,1,1,1,1,1,1,1,
496,image_0496.jpg,0,0,1,1,1,1,1,1,1,
497,image_0497.jpg,0,1,1,1,1,1,1,1,1,
498,image_0498.jpg,0,0,1,1,1,1,1,1,1,
499,image_0499.jpg,0,0,1,1,1,1,1,1,1,
500,image_0500.jpg,1,0,1,1,1,1,1,1,1,
501,image_0501.jpg,0,1,1,1,1,1,1,1,1,
502,image_0502.jpg,0,1,1,1,1,1,1,3,1,
503,image_0503.jpg,0,1,1,1,1,1,1,3,1,
504,image_0504.jpg,0,1,1,1,1,1,1,1,1,
505,image_0505.jpg,0,0,1,1,1,1,1,1,1,
506,image_0506.jpg,0,0,1,1,1,1,1,2,1,
507,image_0507.jpg,0,0,1,1,1,1,1,3,1,
508,image_0508.jpg,0,0,1,1,1,1,1,1,1,
509,image_0509.jpg,0,1,1,1,1,1,1,1,1,
510,image_0510.jpg,0,1,1,1,1,1,1,1,1,
511,image_0511.jpg,0,0,1,1,1,1,1,1,1,
512,image_0512.jpg,0,0,1,1,1,1,1,2,1,
513,image_0513.jpg,1,1,1,1,1,1,1,2,1,
514,image_0514.jpg,1,1,1,1,1,1,1,4,1,
515,image_0515.jpg,1,1,1,1,1,1,1,3,1,
516,image_0516.jpg,1,1,1,1,1,1,1,3,1,
517,image_0517.jpg,1,1,1,1,1,1,1,2,2,
518,image_0518.jpg,1,1,1,2,1,1,1,2,2,
519,image_0519.jpg,1,0,1,1,1,1,1,4,1,
520,image_0520.jpg,0,0,1,1,1,1,1,4,2,
521,image_0521.jpg,0,1,1,1,1,1,1,4,1,
522,image_0522.jpg,0,1,1,1,1,1,1,4,1,
523,image_0523.jpg,0,1,1,1,1,1,1,4,1,
524,image_0524.jpg,0,1,1,1,1,1,1,2,1,
525,image_0525.jpg,0,1,1,1,1,1,1,1,1,
526,image_0526.jpg,0,1,1,1,1,1,1,1,1,
527,image_0527.jpg,0,1,1,1,1,1,1,1,1,
528,image_0528.jpg,0,1,1,1,1,1,1,1,1,
529,image_0529.jpg,0,1,1,1,1,1,1,1,1,
530,image_0530.jpg,1,1,1,1,1,1,1,4,1,
531,image_0531.jpg,1,1,1,1,1,1,1,4,1,
532,image_0532.jpg,1,1,1,1,1,1,1,4,1,
533,image_0533.jpg,1,1,1,1,1,1,1,4,1,
534,image_0534.jpg,1,1,1,1,1,1,1,4,1,
535,image_0535.jpg,0,0,1,1,1,1,1,4,2,
536,image_0536.jpg,0,0,1,1,1,1,2,4,1,
537,image_0537.jpg,0,1,1,2,1,1,2,4,3,
538,image_0538.jpg,0,0,1,1,1,1,2,4,1,
539,image_0539.jpg,0,1,1,1,1,1,1,4,1,
540,image_0540.jpg,0,0,1,1,1,1,2,4,1,
541,image_0541.jpg,1,0,1,1,1,1,2,4,2,
542,image_0542.jpg,0,1,1,1,1,1,1,4,1,
543,image_0543.jpg,0,1,1,1,1,1,1,2,1,
544,image_0544.jpg,0,1,1,1,1,1,2,3,1,
545,image_0545.jpg,0,1,1,1,1,1,1,3,1,
546,image_0546.jpg,0,1,1,1,1,1,1,4,1,
547,image_0547.jpg,0,1,1,1,1,1,1,4,1,
548,image_0548.jpg,0,1,1,1,1,1,1,3,1,
549,image_0549.jpg,0,1,1,1,1,1,1,3,1,
550,image_0550.jpg,0,1,1,1,1,1,1,3,1,
551,image_0551.jpg,1,1,1,1,1,1,1,4,1,
552,image_0552.jpg,1,1,1,1,1,1,1,3,1,
553,image_0553.jpg,1,0,1,1,1,2,1,4,1,
554,image_0554.jpg,1,0,1,1,1,2,1,4,1,
555,image_0555.jpg,1,0,1,1,1,1,1,4,1,
556,image_0556.jpg,1,0,1,1,1,1,1,4,1,
557,image_0557.jpg,1,0,1,2,1,1,3,4,1,
558,image_0558.jpg,0,0,1,1,2,1,1,1,1,
559,image_0559.jpg,0,0,1,1,1,1,1,1,1,
560,image_0560.jpg,0,0,1,1,1,1,1,2,1,
561,image_0561.jpg,0,0,1,1,2,1,1,1,1,
562,image_0562.jpg,0,0,1,1,2,1,1,1,1,
563,image_0563.jpg,0,0,1,1,1,1,1,1,1,
564,image_0564.jpg,0,0,1,1,1,1,1,3,1,
565,image_0565.jpg,0,1,1,2,1,1,1,1,1,
566,image_0566.jpg,1,1,1,1,1,1,1,4,1,
567,image_0567.jpg,1,1,1,1,1,1,1,4,1,
568,image_0568.jpg,0,1,1,1,1,1,1,1,1,
569,image_0569.jpg,0,1,1,1,1,1,1,2,1,
570,image_0570.jpg,0,1,1,1,1,1,1,2,1,
571,image_0571.jpg,0,0,1,1,1,1,1,4,1,
572,image_0572.jpg,0,0,1,1,1,1,1,4,1,
573,image_0573.jpg,0,0,1,1,1,1,1,4,1,
574,image_0574.jpg,0,1,1,1,1,1,1,4,1,
575,image_0575.jpg,0,1,1,1,1,1,1,2,1,
576,image_0576.jpg,0,1,1,1,1,1,1,2,1,
577,image_0577.jpg,0,0,1,1,1,1,1,4,1,
578,image_0578.jpg,0,1,1,1,1,1,1,3,1,
579,image_0579.jpg,0,1,1,1,1,1,1,2,1,
580,image_0580.jpg,0,1,1,1,1,1,1,1,1,
581,image_0581.jpg,0,0,1,2,1,1,2,4,1,
582,image_0582.jpg,1,0,1,2,1,1,1,3,1,
583,image_0583.jpg,0,1,1,1,1,1,1,1,1,
584,image_0584.jpg,0,1,1,1,1,1,1,1,1,
585,image_0585.jpg,1,0,1,2,1,1,2,4,1,
586,image_0586.jpg,0,1,1,1,1,1,1,3,1,
587,image_0587.jpg,0,1,1,1,1,1,1,3,1,
588,image_0588.jpg,0,0,1,1,1,2,1,1,1,
589,image_0589.jpg,0,1,1,1,1,1,1,1,1,
590,image_0590.jpg,1,0,1,2,1,2,1,3,1,
591,image_0591.jpg,0,1,1,1,1,1,1,1,1,
592,image_0592.jpg,1,1,1,1,1,1,1,3,1,
593,image_0593.jpg,0,1,1,1,1,1,1,3,1,
594,image_0594.jpg,1,0,1,1,1,1,1,1,1,
595,image_0595.jpg,1,0,1,1,1,1,1,4,1,
596,image_0596.jpg,0,0,1,1,1,1,1,1,1,
597,image_0597.jpg,0,0,1,1,1,1,1,1,1,
598,image_0598.jpg,1,1,1,1,1,1,1,1,1,
599,image_0599.jpg,0,1,1,1,1,1,1,1,1,
600,image_0600.jpg,0,1,1,1,1,1,1,1,1,
601,image_0601.jpg,1,1,1,1,1,1,1,1,1,
602,image_0602.jpg,0,1,1,1,1,1,1,1,1,
603,image_0603.jpg,0,1,1,1,1,1,1,1,1,
604,image_0604.jpg,0,1,1,1,1,1,1,1,1,
605,image_0605.jpg,0,1,1,1,1,1,1,1,1,
606,image_0606.jpg,0,1,1,1,1,1,1,1,1,
607,image_0607.jpg,0,1,1,1,1,1,1,1,1,
608,image_0608.jpg,0,1,1,1,1,1,1,1,1,
609,image_0609.jpg,0,1,1,1,1,1,1,1,1,
610,image_0610.jpg,0,1,1,1,1,1,1,1,1,
611,image_0611.jpg,0,1,1,1,1,1,1,1,1,
612,image_0612.jpg,0,1,1,1,1,1,1,1,1,
613,image_0613.jpg,0,1,1,1,1,1,1,1,1,
614,image_0614.jpg,0,1,1,1,1,1,1,1,1,
615,image_0615.jpg,1,1,1,1,1,1,1,1,1,
616,image_0616.jpg,0,1,1,1,1,1,1,1,1,
617,image_0617.jpg,1,1,1,1,1,1,1,1,1,
618,image_0618.jpg,0,1,1,1,1,1,1,1,1,
619,image_0619.jpg,0,1,1,1,1,1,1,1,1,
620,image_0620.jpg,1,1,1,1,1,1,1,1,1,
621,image_0621.jpg,0,1,1,1,1,1,1,1,1,
622,image_0622.jpg,0,1,1,1,1,1,1,1,1,
623,image_0623.jpg,0,1,1,1,1,1,1,1,1,
624,image_0624.jpg,0,1,1,1,1,1,1,1,1,
625,image_0625.jpg,0,1,1,1,1,1,1,1,1,
626,image_0626.jpg,0,1,1,1,1,1,1,1,1,
627,image_0627.jpg,0,1,1,1,1,1,1,1,1,
628,image_0628.jpg,0,1,1,1,1,1,1,1,1,
629,image_0629.jpg,0,1,1,1,1,1,1,2,1,
630,image_0630.jpg,0,1,1,1,1,1,1,1,1,
631,image_0631.jpg,0,0,1,1,1,1,1,4,1,
632,image_0632.jpg,0,1,1,1,1,1,1,3,1,
633,image_0633.jpg,0,1,1,1,1,1,1,1,1,
634,image_0634.jpg,1,1,1,1,1,1,1,1,1,
635,image_0635.jpg,0,1,1,1,1,1,1,1,1,
636,image_0636.jpg,0,1,1,1,1,1,1,1,1,
637,image_0637.jpg,0,1,1,1,1,1,1,2,1,
638,image_0638.jpg,0,1,1,1,1,1,1,2,1,
639,image_0639.jpg,0,1,1,1,1,1,1,3,1,
640,image_0640.jpg,0,1,1,1,1,1,1,1,1,
641,image_0641.jpg,1,0,1,3,1,1,1,1,1,
642,image_0642.jpg,1,1,1,1,1,1,1,1,1,
643,image_0643.jpg,1,1,1,1,1,1,1,1,1,
644,image_0644.jpg,1,1,1,1,1,1,1,1,1,
645,image_0645.jpg,0,1,1,1,1,1,1,1,1,
646,image_0646.jpg,1,1,1,3,1,1,1,1,1,
647,image_0647.jpg,0,1,1,1,1,1,1,2,1,
648,image_0648.jpg,1,1,1,1,1,1,1,2,1,
649,image_0649.jpg,0,1,1,1,1,1,1,1,1,
650,image_0650.jpg,1,1,1,1,1,1,1,1,1,
651,image_0651.jpg,1,1,1,1,1,1,1,1,1,
652,image_0652.jpg,0,1,1,1,1,1,1,2,1,
653,image_0653.jpg,0,1,1,3,1,1,1,1,1,
654,image_0654.jpg,1,1,1,1,1,1,1,1,1,
655,image_0655.jpg,0,1,1,1,1,1,1,1,1,
656,image_0656.jpg,0,1,1,1,1,1,1,1,1,
657,image_0657.jpg,0,1,1,1,1,1,1,1,1,
658,image_0658.jpg,0,1,1,3,1,1,1,1,1,
659,image_0659.jpg,0,1,1,1,1,1,1,1,1,
660,image_0660.jpg,0,1,1,3,1,1,1,1,1,
661,image_0661.jpg,0,1,1,3,1,1,1,1,1,
662,image_0662.jpg,0,1,1,3,1,1,1,1,1,
663,image_0663.jpg,0,1,1,1,1,1,1,1,1,
664,image_0664.jpg,0,1,1,1,1,1,1,1,1,
665,image_0665.jpg,0,1,1,3,1,1,1,2,1,
666,image_0666.jpg,0,1,1,1,1,1,1,1,1,
667,image_0667.jpg,0,1,1,1,1,1,1,1,1,
668,image_0668.jpg,0,1,1,1,1,1,1,1,1,
669,image_0669.jpg,0,1,1,1,1,1,1,1,1,
670,image_0670.jpg,0,0,1,1,1,1,1,1,1,
671,image_0671.jpg,0,0,1,1,1,2,1,3,1,
672,image_0672.jpg,0,1,1,1,1,1,1,1,1,
673,image_0673.jpg,0,1,1,1,1,1,1,1,1,
674,image_0674.jpg,0,1,1,1,1,1,1,1,1,
675,image_0675.jpg,0,1,1,1,1,1,1,1,1,
676,image_0676.jpg,0,1,1,1,1,1,1,1,1,
677,image_0677.jpg,0,1,1,1,1,1,1,1,1,
678,image_0678.jpg,1,0,1,3,1,1,1,1,1,
679,image_0679.jpg,1,0,1,3,1,1,1,1,1,
680,image_0680.jpg,0,1,1,1,1,1,1,1,1,
681,image_0681.jpg,0,1,1,1,1,1,1,1,1,
682,image_0682.jpg,1,1,1,1,1,1,1,4,1,
683,image_0683.jpg,0,1,1,1,1,1,1,1,1,
684,image_0684.jpg,0,1,1,1,1,1,1,1,1,
685,image_0685.jpg,0,1,1,1,1,1,1,1,1,
686,image_0686.jpg,0,1,1,1,1,1,1,1,1,
687,image_0687.jpg,0,1,1,1,1,1,1,1,1,
688,image_0688.jpg,0,1,1,1,1,1,1,1,1,
689,image_0689.jpg,1,1,1,1,1,1,1,2,1,
690,image_0690.jpg,1,1,1,1,1,1,1,3,1,
691,image_0691.jpg,0,1,1,1,1,1,1,1,1,
692,image_0692.jpg,0,1,1,1,1,1,1,1,1,
693,image_0693.jpg,0,1,1,1,1,1,1,1,1,
694,image_0694.jpg,0,1,1,1,1,1,1,1,1,
695,image_0695.jpg,0,1,1,1,1,1,1,1,1,
696,image_0696.jpg,0,1,1,1,1,1,1,1,1,
697,image_0697.jpg,0,0,1,1,1,1,1,3,1,
698,image_0698.jpg,0,1,1,1,2,1,1,1,1,
699,image_0699.jpg,0,1,1,1,1,1,1,1,1,
700,image_0700.jpg,0,1,1,1,1,1,1,1,1,
701,image_0701.jpg,0,1,1,1,1,1,1,1,1,
702,image_0702.jpg,1,0,1,1,1,1,1,1,1,
703,image_0703.jpg,0,1,1,1,1,1,1,1,1,
704,image_0704.jpg,0,1,1,3,1,1,1,1,1,
705,image_0705.jpg,0,1,1,1,1,1,1,1,1,
706,image_0706.jpg,0,1,1,1,1,1,1,1,1,
707,image_0707.jpg,0,1,1,1,1,1,1,1,1,
708,image_0708.jpg,0,1,1,1,1,1,1,1,1,
709,image_0709.jpg,0,1,1,1,1,1,1,1,1,
710,image_0710.jpg,0,1,1,1,1,1,1,1,1,
711,image_0711.jpg,0,1,1,1,1,1,1,1,1,
712,image_0712.jpg,0,1,1,1,1,1,1,1,1,
713,image_0713.jpg,0,1,1,1,1,1,1,1,1,
714,image_0714.jpg,1,1,1,3,1,1,1,1,1,
715,image_0715.jpg,1,1,1,1,1,1,1,2,1,
716,image_0716.jpg,0,1,1,1,1,1,1,1,1,
717,image_0717.jpg,0,1,1,1,1,1,1,1,1,
718,image_0718.jpg,0,1,1,1,1,1,1,1,1,
719,image_0719.jpg,1,1,1,1,1,1,1,1,1,
720,image_0720.jpg,0,1,1,1,1,1,1,1,1,
721,image_0721.jpg,0,1,1,1,1,1,1,1,1,
722,image_0722.jpg,0,1,1,1,1,1,1,1,1,
723,image_0723.jpg,0,1,1,1,1,1,1,1,1,
724,image_0724.jpg,0,1,1,1,1,1,1,1,1,
725,image_0725.jpg,0,1,1,1,1,1,1,1,1,
726,image_0726.jpg,0,1,1,1,1,1,1,1,1,
727,image_0727.jpg,0,1,1,1,1,1,1,1,1,
728,image_0728.jpg,0,1,1,1,2,1,1,1,1,
729,image_0729.jpg,0,1,1,1,2,1,1,1,1,
730,image_0730.jpg,0,1,1,1,1,1,1,1,1,
731,image_0731.jpg,0,1,1,1,1,1,1,1,1,
732,image_0732.jpg,0,1,1,1,1,1,1,1,1,
733,image_0733.jpg,0,1,1,1,1,1,1,1,1,
734,image_0734.jpg,0,1,1,1,1,1,1,1,1,
735,image_0735.jpg,0,1,1,1,1,1,1,1,1,
736,image_0736.jpg,0,1,1,1,1,1,1,1,1,
737,image_0737.jpg,0,1,1,1,1,1,1,1,1,
738,image_0738.jpg,0,1,1,1,1,1,1,1,1,
739,image_0739.jpg,0,1,1,1,1,1,1,1,1,
740,image_0740.jpg,0,1,1,1,1,1,1,1,1,
741,image_0741.jpg,0,1,1,1,1,1,1,4,1,
742,image_0742.jpg,0,1,1,1,1,1,1,4,1,
743,image_0743.jpg,0,1,1,1,1,1,2,4,1,
744,image_0744.jpg,0,0,1,1,1,1,2,4,1,
745,image_0745.jpg,0,1,1,1,1,1,1,1,1,
746,image_0746.jpg,0,1,1,1,1,1,1,1,1,
747,image_0747.jpg,0,1,1,1,1,1,1,1,1,
748,image_0748.jpg,0,1,1,1,1,1,1,1,1,
749,image_0749.jpg,0,1,1,1,1,1,1,1,1,
750,image_0750.jpg,0,1,1,1,1,1,1,1,1,
751,image_0751.jpg,0,1,1,1,1,1,1,1,1,
752,image_0752.jpg,0,1,1,1,1,1,1,2,1,
753,image_0753.jpg,0,1,1,1,1,1,1,1,1,
754,image_0754.jpg,0,1,1,1,1,1,1,1,1,
755,image_0755.jpg,0,1,1,1,1,1,1,1,1,
756,image_0756.jpg,0,1,1,1,1,1,1,1,1,
757,image_0757.jpg,0,1,1,1,1,1,1,1,1,
758,image_0758.jpg,0,1,1,1,1,1,1,1,1,
759,image_0759.jpg,0,1,1,1,1,1,1,1,1,
760,image_0760.jpg,0,1,1,1,1,1,1,1,1,
761,image_0761.jpg,0,1,1,1,1,1,1,1,1,
762,image_0762.jpg,0,1,1,1,1,1,1,1,1,
763,image_0763.jpg,0,1,1,1,1,1,1,1,1,
764,image_0764.jpg,0,1,1,1,1,1,1,1,1,
765,image_0765.jpg,0,1,1,1,1,1,1,1,1,
766,image_0766.jpg,0,1,1,1,1,1,1,1,1,
767,image_0767.jpg,0,1,1,1,1,1,1,1,1,
768,image_0768.jpg,0,1,1,1,1,1,1,1,1,
769,image_0769.jpg,0,1,1,1,1,1,1,1,1,
770,image_0770.jpg,0,1,1,1,1,1,1,1,1,
771,image_0771.jpg,0,1,1,1,1,1,1,1,1,
772,image_0772.jpg,0,1,1,1,1,1,1,1,1,
773,image_0773.jpg,0,1,1,1,1,1,1,1,1,
774,image_0774.jpg,0,1,1,1,1,1,1,1,1,
775,image_0775.jpg,0,1,1,1,1,1,1,1,1,
776,image_0776.jpg,0,1,1,1,1,1,1,1,1,
777,image_0777.jpg,0,1,1,1,1,1,1,1,1,
778,image_0778.jpg,0,1,1,1,1,1,1,1,1,
779,image_0779.jpg,0,1,1,1,1,1,1,1,1,
780,image_0780.jpg,0,1,1,1,1,1,1,1,1,
781,image_0781.jpg,0,1,1,1,1,1,1,1,1,
782,image_0782.jpg,1,1,1,1,1,1,1,1,1,
783,image_0783.jpg,0,1,1,1,1,1,1,1,1,
784,image_0784.jpg,1,1,1,1,1,1,1,1,1,
785,image_0785.jpg,0,1,1,1,1,1,1,1,1,
786,image_0786.jpg,0,1,1,1,1,1,1,1,1,
787,image_0787.jpg,0,1,1,1,1,1,1,1,1,
788,image_0788.jpg,0,1,1,1,1,1,1,1,1,
789,image_0789.jpg,0,1,1,1,1,1,1,1,1,
790,image_0790.jpg,0,1,1,1,1,1,1,1,1,
791,image_0791.jpg,0,1,1,1,1,1,1,1,1,
792,image_0792.jpg,0,1,1,1,1,1,1,1,1,
793,image_0793.jpg,0,1,1,1,1,1,1,1,1,
794,image_0794.jpg,0,1,1,1,1,1,1,1,1,
795,image_0795.jpg,0,1,1,1,1,1,1,1,1,
796,image_0796.jpg,0,1,1,1,1,1,1,1,1,
797,image_0797.jpg,0,1,1,1,1,1,1,1,1,
798,image_0798.jpg,0,1,1,1,1,1,1,1,1,
799,image_0799.jpg,0,1,1,1,1,1,1,2,1,
800,image_0800.jpg,0,1,1,1,1,1,1,2,1,
801,image_0801.jpg,0,1,1,1,1,1,1,1,1,
802,image_0802.jpg,0,1,1,1,1,1,1,1,1,
803,image_0803.jpg,0,1,1,1,1,1,1,1,1,
804,image_0804.jpg,0,1,1,1,1,1,1,1,1,
805,image_0805.jpg,0,1,1,1,1,1,1,1,1,
806,image_0806.jpg,0,1,1,1,1,1,1,1,1,
807,image_0807.jpg,0,1,1,1,1,1,1,1,1,
808,image_0808.jpg,0,1,1,1,1,1,1,1,1,
809,image_0809.jpg,0,1,1,1,1,1,1,3,1,
810,image_0810.jpg,0,1,1,1,1,1,1,2,1,
811,image_0811.jpg,0,1,1,1,1,1,1,3,1,
812,image_0812.jpg,0,1,1,1,1,1,1,1,1,
813,image_0813.jpg,0,1,1,1,1,1,1,1,1,
814,image_0814.jpg,0,1,1,1,1,1,1,1,1,
815,image_0815.jpg,0,1,1,1,1,1,1,1,1,
816,image_0816.jpg,0,1,1,1,1,1,1,1,1,
817,image_0817.jpg,0,1,1,1,1,1,1,1,1,
818,image_0818.jpg,0,1,1,1,1,1,1,1,1,
819,image_0819.jpg,0,1,1,1,1,1,1,1,1,
820,image_0820.jpg,0,1,1,1,1,1,1,1,1,
821,image_0821.jpg,0,1,1,1,1,1,1,1,1,
822,image_0822.jpg,0,1,1,1,1,1,1,1,1,
823,image_0823.jpg,0,1,1,1,1,1,1,1,1,
824,image_0824.jpg,0,1,1,1,1,1,1,1,1,
825,image_0825.jpg,0,1,1,1,1,1,1,1,1,
826,image_0826.jpg,0,1,1,1,1,1,1,1,1,
827,image_0827.jpg,0,1,1,1,1,1,1,1,1,
828,image_0828.jpg,0,1,1,1,1,1,1,1,1,
829,image_0829.jpg,0,1,1,1,1,1,1,1,1,
830,image_0830.jpg,0,1,1,1,1,1,1,1,1,
831,image_0831.jpg,0,1,1,1,1,1,1,1,1,
832,image_0832.jpg,0,1,1,1,1,1,1,1,1,
833,image_0833.jpg,0,1,1,1,1,1,1,1,1,
834,image_0834.jpg,0,1,1,1,1,1,1,1,1,
835,image_0835.jpg,0,1,1,1,1,1,1,1,1,
836,image_0836.jpg,0,1,1,1,1,1,1,1,1,
837,image_0837.jpg,0,1,1,1,1,1,1,1,1,
838,image_0838.jpg,0,1,1,1,1,1,1,2,1,
839,image_0839.jpg,0,1,1,1,1,1,1,1,1,
840,image_0840.jpg,0,1,1,1,1,1,1,1,1,
841,image_0841.jpg,0,1,1,1,1,1,1,1,1,
842,image_0842.jpg,0,1,1,1,1,1,1,1,1,
843,image_0843.jpg,0,1,1,1,1,1,1,1,1,
844,image_0844.jpg,0,1,1,1,1,1,1,1,1,
845,image_0845.jpg,0,1,1,1,1,2,1,4,1,
846,image_0846.jpg,0,0,1,1,1,1,1,1,1,
847,image_0847.jpg,0,1,1,1,1,1,1,1,1,
848,image_0848.jpg,0,1,1,1,1,1,1,1,1,
849,image_0849.jpg,0,1,1,1,1,1,1,1,1,
850,image_0850.jpg,0,1,1,1,1,1,1,1,1,
851,image_0851.jpg,0,1,1,1,1,1,1,1,1,
852,image_0852.jpg,0,1,1,1,1,1,1,1,1,
853,image_0853.jpg,0,1,1,1,1,1,1,1,1,
854,image_0854.jpg,0,1,1,1,1,1,1,1,1,
855,image_0855.jpg,0,1,1,1,1,1,1,1,1,
856,image_0856.jpg,0,1,1,1,1,1,1,1,1,
857,image_0857.jpg,0,1,1,1,1,1,1,1,1,
858,image_0858.jpg,0,1,1,1,1,1,1,1,1,
859,image_0859.jpg,0,1,1,1,1,1,1,1,1,
860,image_0860.jpg,0,1,1,1,1,1,1,1,1,
861,image_0861.jpg,0,1,1,1,1,1,1,1,1,
862,image_0862.jpg,0,1,1,1,1,1,1,1,1,
863,image_0863.jpg,0,1,1,1,1,1,1,1,1,
864,image_0864.jpg,0,1,1,1,1,1,1,1,1,
865,image_0865.jpg,0,1,1,1,1,1,1,1,1,
866,image_0866.jpg,0,1,1,1,1,1,1,1,1,
867,image_0867.jpg,0,1,1,1,1,1,1,1,1,
868,image_0868.jpg,0,1,1,1,1,1,1,1,1,
869,image_0869.jpg,0,1,1,1,1,1,1,1,1,
870,image_0870.jpg,0,1,1,1,1,1,1,1,1,
871,image_0871.jpg,0,1,1,1,1,1,1,1,1,
872,image_0872.jpg,0,1,1,1,1,1,1,1,1,
873,image_0873.jpg,0,1,1,1,1,1,1,1,1,
874,image_0874.jpg,0,1,1,1,1,1,1,1,1,
875,image_0875.jpg,0,1,1,1,1,1,1,1,1,
876,image_0876.jpg,0,1,1,1,1,1,1,1,1,
877,image_0877.jpg,0,1,1,1,1,1,1,1,1,
878,image_0878.jpg,0,1,1,1,1,1,1,1,1,
879,image_0879.jpg,0,1,1,1,1,1,1,1,1,
880,image_0880.jpg,0,1,1,1,1,1,1,1,1,
881,image_0881.jpg,0,1,1,1,1,1,1,1,1,
882,image_0882.jpg,0,1,1,1,1,1,1,1,1,
883,image_0883.jpg,0,0,1,1,1,1,1,1,1,
884,image_0884.jpg,0,1,1,1,1,1,1,1,1,
885,image_0885.jpg,0,1,1,1,1,1,1,1,1,
886,image_0886.jpg,0,1,1,1,1,1,1,1,1,
887,image_0887.jpg,0,1,1,1,1,1,1,1,1,
888,image_0888.jpg,0,1,1,1,1,1,1,1,1,
889,image_0889.jpg,0,1,1,1,1,1,1,4,1,
890,image_0890.jpg,0,1,1,1,1,1,1,3,1,
891,image_0891.jpg,0,1,1,1,1,1,1,1,1,
892,image_0892.jpg,0,1,1,1,1,1,1,1,1,
893,image_0893.jpg,0,1,1,1,1,1,1,1,1,
894,image_0894.jpg,0,1,1,1,1,1,1,1,1,
895,image_0895.jpg,0,1,1,1,1,1,1,1,1,
896,image_0896.jpg,0,1,1,1,1,1,1,1,1,
897,image_0897.jpg,0,1,1,1,1,1,1,1,1,
898,image_0898.jpg,0,1,1,1,1,1,1,1,1,
899,image_0899.jpg,0,1,1,1,1,1,1,1,1,
900,image_0900.jpg,0,1,1,1,1,1,1,1,1,
901,image_0901.jpg,0,1,1,1,1,1,1,1,1,
902,image_0902.jpg,0,1,1,1,1,1,1,1,1,
903,image_0903.jpg,0,1,1,1,1,1,1,1,1,
904,image_0904.jpg,0,0,1,1,1,1,1,4,1,
905,image_0905.jpg,0,1,1,1,1,1,1,1,1,
906,image_0906.jpg,0,1,1,1,1,1,1,1,1,
907,image_0907.jpg,1,1,1,1,1,1,1,1,1,
908,image_0908.jpg,1,1,1,1,1,1,1,1,1,
909,image_0909.jpg,1,1,1,1,1,1,1,1,1,
910,image_0910.jpg,0,1,1,1,1,1,1,1,1,
911,image_0911.jpg,1,1,1,1,2,1,1,1,1,
912,image_0912.jpg,0,1,1,1,2,1,1,1,1,
913,image_0913.jpg,0,1,1,1,1,1,1,1,1,
914,image_0914.jpg,0,1,1,1,2,1,1,1,1,
915,image_0915.jpg,1,1,1,1,1,1,1,1,1,
916,image_0916.jpg,0,1,1,1,2,1,1,1,1,
917,image_0917.jpg,0,1,1,1,2,1,1,1,1,
918,image_0918.jpg,0,0,1,1,1,1,1,1,1,
919,image_0919.jpg,1,1,1,1,1,1,1,1,1,
920,image_0920.jpg,1,1,1,1,1,1,1,1,1,
921,image_0921.jpg,1,1,1,1,1,1,1,1,1,
922,image_0922.jpg,0,1,1,1,1,1,1,1,1,
923,image_0923.jpg,1,1,1,1,1,1,1,1,1,
924,image_0924.jpg,1,1,1,1,1,1,1,1,1,
925,image_0925.jpg,1,1,1,1,1,1,1,2,1,
926,image_0926.jpg,0,1,1,1,1,1,1,1,1,
927,image_0927.jpg,1,0,1,1,1,1,2,4,1,
928,image_0928.jpg,1,1,1,1,1,1,1,2,1,
929,image_0929.jpg,0,1,1,1,1,1,1,1,1,
930,image_0930.jpg,0,1,1,1,1,1,1,1,1,
931,image_0931.jpg,0,1,1,1,1,1,1,2,1,
932,image_0932.jpg,0,1,1,1,1,1,1,1,1,
933,image_0933.jpg,0,1,1,1,1,1,1,3,1,
934,image_0934.jpg,0,1,1,1,1,1,1,1,1,
935,image_0935.jpg,0,1,1,1,1,1,1,1,1,
936,image_0936.jpg,1,1,1,1,1,1,1,2,1,
937,image_0937.jpg,0,1,1,1,1,1,1,1,1,
938,image_0938.jpg,0,1,1,1,1,1,1,1,1,
939,image_0939.jpg,0,1,1,1,1,1,1,1,1,
940,image_0940.jpg,1,1,1,1,1,1,1,1,1,
941,image_0941.jpg,0,1,1,1,1,1,1,1,1,
942,image_0942.jpg,0,1,1,1,1,1,1,1,1,
943,image_0943.jpg,0,1,1,1,1,1,1,1,1,
944,image_0944.jpg,0,1,1,1,1,1,1,2,1,
945,image_0945.jpg,0,1,1,1,1,1,1,1,1,
946,image_0946.jpg,1,1,1,1,1,1,1,1,1,
947,image_0947.jpg,0,1,1,1,1,1,1,1,1,
948,image_0948.jpg,0,1,1,1,1,1,1,1,1,
949,image_0949.jpg,0,1,1,1,1,1,1,1,1,
950,image_0950.jpg,1,1,1,1,1,1,1,1,1,
951,image_0951.jpg,0,1,1,1,1,1,1,1,1,
952,image_0952.jpg,0,1,1,1,1,1,1,1,1,
953,image_0953.jpg,0,1,1,1,1,1,1,1,1,
954,image_0954.jpg,0,1,1,1,1,1,1,1,1,
955,image_0955.jpg,0,1,1,1,1,1,1,1,1,
956,image_0956.jpg,0,1,1,1,1,1,1,1,1,
957,image_0957.jpg,0,1,1,1,1,1,1,1,1,
958,image_0958.jpg,1,0,1,1,1,1,1,3,1,
959,image_0959.jpg,0,1,1,1,1,1,1,1,1,
960,image_0960.jpg,0,1,1,1,1,1,1,1,1,
961,image_0961.jpg,0,1,1,1,1,1,1,1,1,
962,image_0962.jpg,0,1,1,1,1,1,1,1,1,
963,image_0963.jpg,0,1,1,1,1,1,1,1,1,
964,image_0964.jpg,1,0,1,1,1,1,1,1,1,
965,image_0965.jpg,1,0,1,1,1,1,1,1,1,
966,image_0966.jpg,0,1,1,1,1,1,1,1,1,
967,image_0967.jpg,1,1,1,1,1,1,1,1,1,
968,image_0968.jpg,0,1,1,1,1,1,1,1,1,
969,image_0969.jpg,0,1,1,1,1,1,1,1,1,
970,image_0970.jpg,0,1,1,1,2,1,1,1,1,
971,image_0971.jpg,0,1,1,1,1,1,1,1,1,
972,image_0972.jpg,1,0,1,1,1,1,1,1,1,
973,image_0973.jpg,1,1,1,1,1,1,1,1,1,
974,image_0974.jpg,1,1,1,1,1,1,1,1,1,
975,image_0975.jpg,0,1,1,1,1,1,1,1,1,
976,image_0976.jpg,0,1,1,1,1,1,1,1,1,
977,image_0977.jpg,0,1,1,1,1,1,1,1,1,
978,image_0978.jpg,0,1,1,1,1,1,1,1,1,
979,image_0979.jpg,0,1,1,1,1,1,1,1,1,
980,image_0980.jpg,0,1,1,1,1,1,1,1,1,
981,image_0981.jpg,0,1,1,1,1,1,1,1,1,
982,image_0982.jpg,0,1,1,1,2,1,1,1,1,
983,image_0983.jpg,0,1,1,1,1,1,1,1,1,
984,image_0984.jpg,1,1,1,1,1,1,1,1,1,
985,image_0985.jpg,0,1,1,1,1,1,1,1,1,
986,image_0986.jpg,0,1,1,1,1,1,1,1,1,
987,image_0987.jpg,0,1,1,1,1,1,1,1,1,
988,image_0988.jpg,0,1,1,1,1,1,1,1,1,
989,image_0989.jpg,1,0,1,1,1,1,1,1,1,
990,image_0990.jpg,1,0,1,1,1,1,1,1,1,
991,image_0991.jpg,0,0,1,1,1,1,1,1,1,
992,image_0992.jpg,1,0,1,1,1,1,1,1,1,
993,image_0009_blur_L2.jpg,1,0,2,1,1,1,3,4,1,
994,image_0013_blur_L2.jpg,0,0,2,1,1,1,3,4,1,
995,image_0013_blur_L3.jpg,0,0,3,1,1,1,3,4,1,
996,image_0014_blur_L4.jpg,1,0,4,1,1,1,4,4,1,
997,image_0015_blur_L1.jpg,0,1,1,1,1,1,2,4,1,
998,image_0016_blur_L1.jpg,0,1,1,1,1,1,2,3,1,
999,image_0018_blur_L3.jpg,0,0,3,1,1,1,3,4,1,
1000,image_0023_blur_L1.jpg,0,1,1,1,1,1,2,3,1,
1001,image_0025_blur_L1.jpg,0,1,1,1,1,1,2,3,1,
1002,image_0033_blur_L4.jpg,0,0,4,1,1,1,4,4,1,
1003,image_0035_blur_L2.jpg,0,0,2,1,1,1,3,4,1,
1004,image_0037_blur_L1.jpg,1,1,1,1,1,1,1,2,1,
1005,image_0038_blur_L2.jpg,0,0,2,1,1,1,3,4,1,
1006,image_0041_blur_L2.jpg,0,0,2,1,1,1,2,4,1,
1007,image_0045_blur_L3.jpg,0,0,3,1,1,1,3,4,1,
1008,image_0046_blur_L1.jpg,1,1,1,1,1,1,2,4,1,
1009,image_0049_blur_L1.jpg,0,1,1,1,1,1,2,4,1,
1010,image_0050_blur_L2.jpg,0,0,2,1,1,1,3,4,1,
1011,image_0052_blur_L4.jpg,1,0,4,3,1,1,4,4,1,
1012,image_0058_blur_L3.jpg,0,0,4,1,1,1,4,4,1,
1013,image_0064_blur_L1.jpg,0,1,1,1,1,1,2,3,1,
1014,image_0065_blur_L4.jpg,0,0,4,1,1,1,4,4,1,
1015,image_0068_blur_L4.jpg,1,0,4,1,1,2,4,4,1,
1016,image_0072_blur_L1.jpg,0,1,1,1,1,1,2,3,1,
1017,image_0076_blur_L4.jpg,1,0,4,1,1,1,4,4,1,
1018,image_0077_blur_L1.jpg,0,1,1,1,1,1,1,1,1,
1019,image_0079_blur_L4.jpg,1,0,3,1,1,1,4,4,1,
1020,image_0083_blur_L2.jpg,0,0,2,1,1,1,3,4,1,
1021,image_0085_blur_L2.jpg,0,0,2,1,1,1,3,4,1,
1022,image_0088_blur_L1.jpg,0,1,1,1,1,1,2,3,1,
1023,image_0088_blur_L4.jpg,0,0,4,1,1,1,4,4,1,
1024,image_0090_blur_L2.jpg,0,0,2,1,1,1,3,4,1,
1025,image_0091_blur_L1.jpg,0,1,1,1,1,1,2,4,1,
1026,image_0092_blur_L4.jpg,0,0,4,1,1,2,4,4,1,
1027,image_0098_blur_L2.jpg,0,0,2,1,1,1,3,4,1,
1028,image_0098_blur_L3.jpg,0,0,3,1,1,1,4,4,1,
1029,image_0101_blur_L4.jpg,0,0,4,1,1,1,4,4,1,
1030,image_0105_blur_L1.jpg,0,1,1,1,1,1,2,3,1,
1031,image_0106_blur_L2.jpg,0,0,2,1,1,1,3,4,1,
1032,image_0114_blur_L2.jpg,0,0,2,1,1,1,3,4,1,
1033,image_0115_blur_L1.jpg,0,1,1,1,1,1,1,2,1,
1034,image_0115_blur_L4.jpg,0,0,3,1,1,1,4,4,1,
1035,image_0117_blur_L3.jpg,1,0,3,3,1,1,4,4,1,
1036,image_0119_blur_L4.jpg,1,0,4,1,1,2,4,4,1,
1037,image_0121_blur_L4.jpg,0,0,3,1,1,2,4,4,1,
1038,image_0124_blur_L1.jpg,1,1,1,1,1,1,1,2,1,
1039,image_0127_blur_L1.jpg,0,0,1,3,1,1,2,4,1,
1040,image_0131_blur_L1.jpg,0,1,1,1,1,1,1,2,1,
1041,image_0136_blur_L2.jpg,0,0,2,1,1,1,3,4,1,
1042,image_0144_blur_L2.jpg,1,0,2,1,1,1,3,4,1,
1043,image_0144_blur_L3.jpg,1,0,3,1,1,2,3,4,1,
1044,image_0145_blur_L4.jpg,1,0,4,1,1,2,4,4,1,
1045,image_0146_blur_L4.jpg,0,0,4,1,1,2,4,4,1,
1046,image_0148_blur_L1.jpg,1,1,1,1,1,1,2,4,1,
1047,image_0149_blur_L3.jpg,0,0,3,1,1,2,4,4,1,
1048,image_0149_blur_L4.jpg,0,0,4,1,1,2,4,4,1,
1049,image_0153_blur_L3.jpg,0,0,3,1,1,2,4,4,1,
1050,image_0157_blur_L1.jpg,0,1,1,1,1,1,2,4,1,
1051,image_0159_blur_L4.jpg,0,0,4,1,1,1,4,4,1,
1052,image_0161_blur_L2.jpg,1,0,2,1,1,1,3,4,1,
1053,image_0165_blur_L1.jpg,1,1,1,1,1,1,2,2,1,
1054,image_0170_blur_L1.jpg,1,1,1,1,1,1,2,3,1,
1055,image_0170_blur_L2.jpg,1,0,2,1,1,1,3,4,1,
1056,image_0175_blur_L4.jpg,1,0,4,1,1,1,4,4,1,
1057,image_0176_blur_L3.jpg,1,0,3,1,1,1,4,4,1,
1058,image_0176_blur_L4.jpg,1,0,4,1,1,1,4,4,1,
1059,image_0186_blur_L1.jpg,1,1,1,1,1,1,2,3,1,
1060,image_0186_blur_L4.jpg,1,0,4,1,1,1,4,4,1,
1061,image_0189_blur_L2.jpg,0,0,2,1,1,1,3,4,1,
1062,image_0191_blur_L2.jpg,0,0,2,1,1,1,3,4,1,
1063,image_0193_blur_L2.jpg,0,0,2,1,1,1,3,4,1,
1064,image_0196_blur_L3.jpg,0,0,3,1,1,1,4,4,1,
1065,image_0201_blur_L3.jpg,0,0,3,1,1,1,4,4,1,
1066,image_0202_blur_L2.jpg,0,0,2,1,1,1,3,4,1,
1067,image_0207_blur_L2.jpg,0,0,2,1,1,1,3,4,1,
1068,image_0207_blur_L3.jpg,0,0,3,1,1,1,3,4,1,
1069,image_0209_blur_L4.jpg,0,0,4,1,1,2,4,4,1,
1070,image_0210_blur_L1.jpg,0,0,1,1,1,1,2,4,1,
1071,image_0214_blur_L3.jpg,0,0,3,2,1,2,3,4,1,
1072,image_0214_blur_L4.jpg,0,0,4,2,1,2,4,4,1,
1073,image_0219_blur_L2.jpg,0,0,2,1,1,2,3,4,1,
1074,image_0220_blur_L3.jpg,0,0,3,1,1,2,3,4,1,
1075,image_0221_blur_L1.jpg,0,1,1,1,1,1,2,4,1,
1076,image_0225_blur_L2.jpg,0,0,2,1,1,1,3,4,1,
1077,image_0226_blur_L1.jpg,0,0,1,1,1,1,2,3,1,
1078,image_0226_blur_L4.jpg,0,0,4,1,1,2,4,4,1,
1079,image_0230_blur_L4.jpg,1,0,4,1,1,1,4,4,1,
1080,image_0231_blur_L1.jpg,1,1,1,1,1,1,2,4,1,
1081,image_0242_blur_L3.jpg,0,0,3,3,1,1,3,4,1,
1082,image_0247_blur_L2.jpg,0,0,2,1,1,1,3,4,1,
1083,image_0248_blur_L1.jpg,1,1,1,1,1,1,1,2,1,
1084,image_0248_blur_L3.jpg,1,0,3,1,1,1,3,4,1,
1085,image_0250_blur_L3.jpg,0,0,3,1,1,2,3,4,1,
1086,image_0250_blur_L4.jpg,0,0,4,1,1,2,4,4,1,
1087,image_0253_blur_L3.jpg,0,0,3,1,1,1,3,4,1,
1088,image_0253_blur_L4.jpg,0,0,4,1,1,2,4,4,1,
1089,image_0254_blur_L4.jpg,0,0,4,1,1,2,4,4,1,
1090,image_0255_blur_L1.jpg,1,1,1,3,1,1,2,4,1,
1091,image_0257_blur_L1.jpg,1,0,1,1,1,1,2,3,1,
1092,image_0262_blur_L3.jpg,0,0,3,1,1,2,3,4,1,
1093,image_0264_blur_L3.jpg,0,0,3,1,1,1,4,4,1,
1094,image_0266_blur_L3.jpg,1,0,3,1,1,2,3,4,1,
1095,image_0269_blur_L1.jpg,0,1,1,1,1,1,1,2,1,
1096,image_0280_blur_L3.jpg,0,0,3,1,1,1,4,4,1,
1097,image_0281_blur_L4.jpg,0,0,4,1,1,2,4,4,1,
1098,image_0282_blur_L4.jpg,0,0,4,3,1,2,4,4,1,
1099,image_0283_blur_L3.jpg,0,0,3,3,1,1,3,4,1,
1100,image_0284_blur_L2.jpg,0,0,2,1,1,1,3,4,1,
1101,image_0286_blur_L4.jpg,0,0,4,1,1,2,4,4,1,
1102,image_0289_blur_L3.jpg,0,0,3,1,1,2,3,4,1,
1103,image_0290_blur_L2.jpg,1,0,2,1,1,1,3,4,1,
1104,image_0299_blur_L2.jpg,0,0,2,3,1,1,2,4,1,
1105,image_0300_blur_L2.jpg,0,0,2,3,1,1,3,4,1,
1106,image_0309_blur_L2.jpg,1,0,2,1,1,1,3,4,1,
1107,image_0311_blur_L1.jpg,0,1,1,1,1,1,2,4,1,
1108,image_0311_blur_L3.jpg,0,0,3,1,1,1,4,4,1,
1109,image_0311_blur_L4.jpg,0,0,4,1,1,1,4,4,1,
1110,image_0316_blur_L4.jpg,0,0,4,1,1,1,4,4,1,
1111,image_0317_blur_L1.jpg,0,1,1,1,1,1,2,4,1,
1112,image_0319_blur_L2.jpg,0,0,2,1,1,1,3,4,1,
1113,image_0319_blur_L3.jpg,0,0,3,1,1,1,3,4,1,
1114,image_0319_blur_L4.jpg,0,0,4,1,1,1,4,4,1,
1115,image_0322_blur_L2.jpg,0,0,2,1,1,1,3,4,1,
1116,image_0322_blur_L4.jpg,0,0,4,1,1,2,4,4,1,
1117,image_0323_blur_L2.jpg,0,0,2,1,1,2,3,4,1,
1118,image_0323_blur_L4.jpg,0,0,4,1,1,2,4,4,1,
1119,image_0325_blur_L1.jpg,0,1,1,1,1,1,2,4,1,
1120,image_0328_blur_L3.jpg,0,0,4,1,1,1,4,4,1,
1121,image_0328_blur_L4.jpg,0,0,4,1,1,1,4,4,1,
1122,image_0333_blur_L3.jpg,0,0,3,1,1,1,4,4,1,
1123,image_0335_blur_L2.jpg,1,0,2,1,1,2,3,4,1,
1124,image_0335_blur_L4.jpg,1,0,4,1,1,2,4,4,1,
1125,image_0337_blur_L1.jpg,1,0,1,1,1,1,3,4,1,
1126,image_0337_blur_L4.jpg,1,0,4,1,1,1,4,4,1,
1127,image_0340_blur_L4.jpg,0,0,4,1,1,1,4,4,1,
1128,image_0341_blur_L3.jpg,0,0,3,1,1,1,4,4,1,
1129,image_0342_blur_L2.jpg,0,0,2,1,1,1,3,4,1,
1130,image_0351_blur_L2.jpg,0,0,2,1,1,1,3,4,1,
1131,image_0355_blur_L1.jpg,0,1,1,1,1,1,2,4,1,
1132,image_0355_blur_L3.jpg,0,0,3,1,1,1,3,4,1,
1133,image_0362_blur_L1.jpg,0,1,1,1,1,1,2,4,1,
1134,image_0362_blur_L3.jpg,0,0,3,1,1,2,3,4,1,
1135,image_0364_blur_L3.jpg,1,0,3,1,1,1,4,4,1,
1136,image_0368_blur_L3.jpg,1,0,3,1,1,1,4,4,1,
1137,image_0369_blur_L3.jpg,1,0,3,1,1,1,4,4,1,
1138,image_0370_blur_L4.jpg,1,0,4,1,1,1,4,4,1,
1139,image_0372_blur_L4.jpg,1,0,4,1,1,2,4,4,1,
1140,image_0374_blur_L4.jpg,0,0,4,1,1,1,4,4,1,
1141,image_0375_blur_L1.jpg,0,1,1,1,1,1,2,4,1,
1142,image_0375_blur_L2.jpg,0,0,2,1,1,1,3,4,1,
1143,image_0378_blur_L2.jpg,0,0,2,1,1,1,3,4,1,
1144,image_0383_blur_L2.jpg,0,0,2,1,1,1,3,4,1,
1145,image_0386_blur_L3.jpg,0,0,3,1,1,1,4,4,1,
1146,image_0388_blur_L2.jpg,1,0,2,1,1,1,3,4,1,
1147,image_0388_blur_L3.jpg,1,0,3,1,1,1,4,4,1,
1148,image_0388_blur_L4.jpg,1,0,4,1,1,2,4,4,1,
1149,image_0389_blur_L2.jpg,1,0,2,1,1,1,3,4,1,
1150,image_0391_blur_L3.jpg,1,0,4,1,1,1,4,4,1,
1151,image_0392_blur_L4.jpg,0,0,4,1,1,1,4,4,1,
1152,image_0394_blur_L1.jpg,1,1,1,1,1,1,2,4,1,
1153,image_0395_blur_L1.jpg,1,1,1,1,1,1,2,4,1,
1154,image_0396_blur_L4.jpg,1,0,4,1,1,2,4,4,1,
1155,image_0398_blur_L3.jpg,0,0,3,1,1,1,4,4,1,
1156,image_0403_blur_L1.jpg,0,0,1,1,1,1,2,4,1,
1157,image_0406_blur_L4.jpg,0,0,4,1,1,1,4,4,1,
1158,image_0409_blur_L2.jpg,0,0,2,1,1,1,3,4,1,
1159,image_0410_blur_L1.jpg,0,0,1,1,1,1,2,4,1,
1160,image_0410_blur_L3.jpg,0,0,3,1,1,2,4,4,1,
1161,image_0411_blur_L4.jpg,0,0,4,1,1,1,4,4,1,
1162,image_0412_blur_L3.jpg,0,0,3,1,1,1,4,4,1,
1163,image_0414_blur_L1.jpg,0,0,1,1,1,1,2,4,1,
1164,image_0419_blur_L2.jpg,0,0,2,1,1,1,3,4,1,
1165,image_0421_blur_L1.jpg,0,0,1,1,1,1,2,4,1,
1166,image_0421_blur_L2.jpg,0,0,2,1,1,1,3,4,1,
1167,image_0428_blur_L1.jpg,1,0,1,1,1,1,2,4,1,
1168,image_0428_blur_L3.jpg,1,0,3,1,1,1,4,4,1,
1169,image_0436_blur_L4.jpg,0,0,4,1,1,1,4,4,1,
1170,image_0441_blur_L1.jpg,0,1,1,1,1,1,2,4,1,
1171,image_0445_blur_L2.jpg,0,0,2,1,1,1,3,4,1,
1172,image_0447_blur_L2.jpg,0,0,2,1,1,1,3,4,1,
1173,image_0449_blur_L1.jpg,1,1,1,1,1,1,2,4,1,
1174,image_0453_blur_L4.jpg,0,0,4,1,1,2,4,4,1,
1175,image_0455_blur_L3.jpg,0,0,3,1,1,1,4,4,1,
1176,image_0457_blur_L3.jpg,0,0,3,1,1,1,4,4,1,
1177,image_0458_blur_L1.jpg,0,1,1,1,1,1,2,3,1,
1178,image_0458_blur_L2.jpg,0,0,2,1,1,1,3,4,1,
1179,image_0459_blur_L1.jpg,0,1,1,1,1,1,2,3,1,
1180,image_0459_blur_L4.jpg,0,0,4,1,1,1,4,4,1,
1181,image_0463_blur_L3.jpg,0,0,3,1,1,1,4,4,1,
1182,image_0464_blur_L1.jpg,0,1,1,1,1,1,1,2,1,
1183,image_0464_blur_L4.jpg,0,0,4,1,1,2,4,4,1,
1184,image_0471_blur_L1.jpg,0,1,1,1,1,1,2,2,1,
1185,image_0472_blur_L1.jpg,0,1,1,1,1,1,2,4,1,
1186,image_0474_blur_L3.jpg,0,0,3,1,1,1,4,4,1,
1187,image_0474_blur_L4.jpg,0,0,4,1,1,1,4,4,1,
1188,image_0475_blur_L3.jpg,0,0,3,1,1,1,3,4,1,
1189,image_0478_blur_L4.jpg,0,0,4,1,1,1,4,4,1,
1190,image_0479_blur_L4.jpg,0,0,4,1,1,2,4,4,1,
1191,image_0494_blur_L2.jpg,0,0,2,1,1,1,3,4,1,
1192,image_0503_blur_L2.jpg,0,0,2,1,1,1,3,4,1,
1193,image_0504_blur_L4.jpg,0,0,4,1,1,1,4,4,1,
1194,image_0508_blur_L2.jpg,0,0,2,1,1,1,3,4,1,
1195,image_0516_blur_L4.jpg,1,0,4,1,1,1,4,4,1,
1196,image_0518_blur_L2.jpg,1,0,2,2,1,1,3,4,2,
1197,image_0519_blur_L3.jpg,1,0,4,1,1,1,4,4,1,
1198,image_0520_blur_L3.jpg,0,0,4,1,1,1,4,4,1,
1199,image_0524_blur_L3.jpg,0,0,3,1,1,1,4,4,1,
1200,image_0525_blur_L4.jpg,0,0,4,1,1,1,4,4,1,
1201,image_0526_blur_L2.jpg,0,0,2,1,1,1,3,4,1,
1202,image_0529_blur_L3.jpg,0,0,3,1,1,1,4,4,1,
1203,image_0531_blur_L2.jpg,1,0,3,1,1,1,3,4,1,
1204,image_0532_blur_L4.jpg,1,0,4,1,1,1,4,4,1,
1205,image_0538_blur_L1.jpg,0,0,2,1,1,1,4,4,1,
1206,image_0542_blur_L3.jpg,0,0,4,1,1,1,4,4,1,
1207,image_0546_blur_L3.jpg,0,0,4,1,1,1,4,4,1,
1208,image_0546_blur_L4.jpg,0,0,4,1,1,1,4,4,1,
1209,image_0547_blur_L1.jpg,0,1,1,1,1,1,3,4,1,
1210,image_0547_blur_L2.jpg,0,0,3,1,1,1,4,4,1,
1211,image_0547_blur_L3.jpg,0,0,4,1,1,1,4,4,1,
1212,image_0551_blur_L4.jpg,1,0,4,1,1,1,4,4,1,
1213,image_0552_blur_L3.jpg,1,0,4,1,1,1,4,4,1,
1214,image_0555_blur_L1.jpg,1,0,2,1,1,2,3,4,1,
1215,image_0560_blur_L1.jpg,0,0,1,1,1,1,3,4,1,
1216,image_0560_blur_L2.jpg,0,0,2,1,1,1,3,4,1,
1217,image_0561_blur_L1.jpg,0,0,1,1,1,1,1,2,1,
1218,image_0562_blur_L2.jpg,0,0,2,1,1,1,3,4,1,
1219,image_0565_blur_L2.jpg,0,0,2,2,1,2,3,4,1,
1220,image_0566_blur_L4.jpg,1,0,4,1,1,1,4,4,1,
1221,image_0567_blur_L3.jpg,1,0,4,1,1,1,4,4,1,
1222,image_0568_blur_L3.jpg,0,0,4,1,1,2,4,4,1,
1223,image_0571_blur_L2.jpg,0,0,3,1,1,1,4,4,1,
1224,image_0571_blur_L3.jpg,0,0,4,1,1,1,4,4,1,
1225,image_0572_blur_L2.jpg,0,0,3,1,1,1,4,4,1,
1226,image_0574_blur_L4.jpg,0,0,4,1,1,2,4,4,1,
1227,image_0579_blur_L3.jpg,0,0,4,1,1,2,4,4,1,
1228,image_0582_blur_L4.jpg,1,0,4,2,1,2,4,4,1,
1229,image_0586_blur_L4.jpg,0,0,4,1,1,2,4,4,1,
1230,image_0587_blur_L1.jpg,0,1,1,1,1,2,3,4,1,
1231,image_0587_blur_L3.jpg,0,0,4,1,1,2,4,4,1,
1232,image_0594_blur_L1.jpg,1,0,1,1,1,1,2,4,1,
1233,image_0595_blur_L1.jpg,1,0,1,1,1,1,3,4,1,
1234,image_0600_blur_L3.jpg,0,0,3,1,1,1,3,4,1,
1235,image_0602_blur_L1.jpg,0,1,1,1,1,1,2,3,1,
1236,image_0605_blur_L3.jpg,0,0,3,1,1,1,3,4,1,
1237,image_0607_blur_L2.jpg,0,0,2,1,1,1,3,4,1,
1238,image_0608_blur_L2.jpg,0,0,2,1,1,1,2,4,1,
1239,image_0608_blur_L3.jpg,0,0,3,1,1,1,3,4,1,
1240,image_0608_blur_L4.jpg,0,0,3,1,1,1,4,4,1,
1241,image_0609_blur_L3.jpg,0,0,3,1,1,1,4,4,1,
1242,image_0609_blur_L4.jpg,0,0,4,1,1,1,4,4,1,
1243,image_0618_blur_L2.jpg,0,0,2,1,1,1,3,4,1,
1244,image_0626_blur_L2.jpg,0,0,2,1,1,1,3,4,1,
1245,image_0629_blur_L1.jpg,0,1,1,1,1,1,2,4,1,
1246,image_0630_blur_L2.jpg,0,0,2,1,1,1,3,4,1,
1247,image_0632_blur_L1.jpg,0,1,1,1,1,1,2,4,1,
1248,image_0636_blur_L4.jpg,0,0,4,1,1,1,4,4,1,
1249,image_0637_blur_L4.jpg,0,0,4,1,1,1,4,4,1,
1250,image_0639_blur_L2.jpg,0,0,2,1,1,1,3,4,1,
1251,image_0640_blur_L2.jpg,0,0,2,1,1,1,3,4,1,
1252,image_0641_blur_L1.jpg,1,0,1,3,1,1,2,4,1,
1253,image_0642_blur_L1.jpg,1,1,1,1,1,1,2,4,1,
1254,image_0644_blur_L3.jpg,1,0,3,1,1,1,4,4,1,
1255,image_0645_blur_L4.jpg,0,0,4,1,1,1,4,4,1,
1256,image_0648_blur_L4.jpg,1,0,4,1,1,1,4,4,1,
1257,image_0657_blur_L1.jpg,0,1,1,1,1,1,2,4,1,
1258,image_0658_blur_L4.jpg,0,0,4,3,1,1,4,4,1,
1259,image_0660_blur_L4.jpg,0,0,4,3,1,1,4,4,1,
1260,image_0664_blur_L1.jpg,0,1,1,1,1,1,2,4,1,
1261,image_0665_blur_L2.jpg,0,0,2,3,1,1,3,4,1,
1262,image_0667_blur_L2.jpg,0,0,2,1,1,1,3,4,1,
1263,image_0670_blur_L4.jpg,0,0,4,1,1,2,4,4,1,
1264,image_0674_blur_L1.jpg,0,1,1,1,1,1,2,3,1,
1265,image_0675_blur_L2.jpg,0,0,2,1,1,1,3,4,1,
1266,image_0675_blur_L3.jpg,0,0,3,1,1,2,3,4,1,
1267,image_0680_blur_L2.jpg,0,0,2,1,1,1,3,4,1,
1268,image_0681_blur_L4.jpg,0,0,4,1,1,1,4,4,1,
1269,image_0684_blur_L1.jpg,0,1,1,1,1,1,1,2,1,
1270,image_0691_blur_L1.jpg,0,1,1,1,1,1,2,3,1,
1271,image_0692_blur_L1.jpg,0,1,1,1,1,1,2,4,1,
1272,image_0693_blur_L1.jpg,0,1,1,1,1,1,2,3,1,
1273,image_0694_blur_L2.jpg,0,0,2,1,1,1,3,4,1,
1274,image_0695_blur_L1.jpg,0,1,1,1,1,1,2,3,1,
1275,image_0698_blur_L1.jpg,0,1,1,1,1,1,2,3,1,
1276,image_0698_blur_L2.jpg,0,0,2,1,1,1,3,4,1,
1277,image_0698_blur_L3.jpg,0,0,3,1,1,2,3,4,1,
1278,image_0698_blur_L4.jpg,0,0,4,1,1,2,4,4,1,
1279,image_0699_blur_L1.jpg,0,1,1,1,1,1,2,4,1,
1280,image_0702_blur_L2.jpg,1,0,2,1,1,1,3,4,1,
1281,image_0708_blur_L3.jpg,0,0,4,1,1,1,4,4,1,
1282,image_0715_blur_L3.jpg,1,0,4,1,1,1,4,4,1,
1283,image_0717_blur_L1.jpg,0,1,1,1,1,1,2,4,1,
1284,image_0733_blur_L2.jpg,0,0,2,1,1,1,3,4,1,
1285,image_0733_blur_L3.jpg,0,0,3,1,1,1,3,4,1,
1286,image_0741_blur_L2.jpg,0,0,3,1,1,1,4,4,1,
1287,image_0741_blur_L3.jpg,0,0,4,1,1,1,4,4,1,
1288,image_0742_blur_L3.jpg,0,0,4,1,1,1,4,4,1,
1289,image_0743_blur_L1.jpg,0,1,1,1,1,1,3,4,1,
1290,image_0747_blur_L4.jpg,0,0,4,1,1,1,4,4,1,
1291,image_0749_blur_L4.jpg,0,0,4,1,1,1,4,4,1,
1292,image_0750_blur_L1.jpg,0,1,1,1,1,1,2,4,1,
1293,image_0750_blur_L3.jpg,0,0,3,1,1,1,4,4,1,
1294,image_0753_blur_L2.jpg,0,0,2,1,1,1,3,4,1,
1295,image_0757_blur_L2.jpg,0,0,2,1,1,1,3,4,1,
1296,image_0760_blur_L1.jpg,0,1,1,1,1,1,2,3,1,
1297,image_0760_blur_L4.jpg,0,0,3,1,1,1,4,4,1,
1298,image_0761_blur_L3.jpg,0,0,3,1,1,1,4,4,1,
1299,image_0762_blur_L2.jpg,0,0,2,1,1,1,2,4,1,
1300,image_0765_blur_L2.jpg,0,0,2,1,1,1,3,4,1,
1301,image_0765_blur_L3.jpg,0,0,3,1,1,1,4,4,1,
1302,image_0767_blur_L1.jpg,0,1,1,1,1,1,2,2,1,
1303,image_0768_blur_L2.jpg,0,0,2,1,1,1,3,4,1,
1304,image_0773_blur_L1.jpg,0,1,1,1,1,1,2,2,1,
1305,image_0777_blur_L3.jpg,0,0,3,1,1,2,3,4,1,
1306,image_0791_blur_L2.jpg,0,0,2,1,1,1,3,4,1,
1307,image_0792_blur_L2.jpg,0,0,2,1,1,1,3,4,1,
1308,image_0793_blur_L2.jpg,0,0,2,1,1,1,3,4,1,
1309,image_0794_blur_L1.jpg,0,1,1,1,1,1,2,3,1,
1310,image_0803_blur_L1.jpg,0,1,1,1,1,1,2,4,1,
1311,image_0803_blur_L3.jpg,0,0,3,1,1,1,3,4,1,
1312,image_0804_blur_L3.jpg,0,0,3,1,1,2,3,4,1,
1313,image_0804_blur_L4.jpg,0,0,4,1,1,2,4,4,1,
1314,image_0805_blur_L1.jpg,0,1,1,1,1,1,2,4,1,
1315,image_0813_blur_L3.jpg,0,0,3,1,1,1,3,4,1,
1316,image_0816_blur_L2.jpg,0,0,2,1,1,1,3,4,1,
1317,image_0818_blur_L3.jpg,0,0,3,1,1,1,3,4,1,
1318,image_0818_blur_L4.jpg,0,0,4,1,1,1,4,4,1,
1319,image_0819_blur_L4.jpg,0,0,4,1,1,1,4,4,1,
1320,image_0823_blur_L1.jpg,0,1,1,1,1,1,2,3,1,
1321,image_0825_blur_L2.jpg,0,0,2,1,1,1,3,4,1,
1322,image_0825_blur_L4.jpg,0,0,4,1,1,1,4,4,1,
1323,image_0834_blur_L4.jpg,0,0,4,1,1,1,4,4,1,
1324,image_0836_blur_L3.jpg,0,0,3,1,1,2,3,4,1,
1325,image_0847_blur_L1.jpg,0,1,1,1,1,1,2,3,1,
1326,image_0847_blur_L3.jpg,0,0,3,1,1,1,3,4,1,
1327,image_0848_blur_L3.jpg,0,0,3,1,1,2,3,4,1,
1328,image_0850_blur_L2.jpg,0,0,2,1,1,1,3,4,1,
1329,image_0854_blur_L3.jpg,0,0,3,1,1,1,3,4,1,
1330,image_0856_blur_L3.jpg,0,0,3,1,1,1,3,4,1,
1331,image_0860_blur_L2.jpg,0,0,2,1,1,1,3,4,1,
1332,image_0860_blur_L3.jpg,0,0,3,1,1,2,3,4,1,
1333,image_0861_blur_L1.jpg,0,1,1,1,1,1,2,3,1,
1334,image_0862_blur_L1.jpg,0,1,1,1,1,1,2,3,1,
1335,image_0867_blur_L4.jpg,0,0,4,1,1,2,4,4,1,
1336,image_0868_blur_L1.jpg,0,1,1,1,1,1,2,4,1,
1337,image_0869_blur_L3.jpg,0,0,3,1,1,1,3,4,1,
1338,image_0871_blur_L2.jpg,0,0,2,1,1,1,3,4,1,
1339,image_0872_blur_L4.jpg,0,0,4,1,1,2,4,4,1,
1340,image_0874_blur_L3.jpg,0,0,3,1,1,1,3,4,1,
1341,image_0875_blur_L3.jpg,0,0,3,1,1,1,3,4,1,
1342,image_0876_blur_L1.jpg,0,1,1,1,1,1,2,4,1,
1343,image_0876_blur_L3.jpg,0,0,3,1,1,1,3,4,1,
1344,image_0878_blur_L3.jpg,0,0,3,1,1,1,3,4,1,
1345,image_0880_blur_L4.jpg,0,0,4,1,1,2,4,4,1,
1346,image_0881_blur_L3.jpg,0,0,3,1,1,1,3,4,1,
1347,image_0881_blur_L4.jpg,0,0,4,1,1,2,4,4,1,
1348,image_0882_blur_L2.jpg,0,0,2,1,1,1,3,4,1,
1349,image_0883_blur_L2.jpg,0,0,2,1,1,1,3,4,1,
1350,image_0884_blur_L4.jpg,0,0,4,1,1,1,4,4,1,
1351,image_0886_blur_L3.jpg,0,0,3,1,1,1,3,4,1,
1352,image_0886_blur_L4.jpg,0,0,4,1,1,1,4,4,1,
1353,image_0888_blur_L3.jpg,0,0,3,1,1,1,4,4,1,
1354,image_0889_blur_L2.jpg,0,0,2,1,1,1,3,4,1,
1355,image_0889_blur_L4.jpg,0,0,4,1,1,2,4,4,1,
1356,image_0891_blur_L4.jpg,0,0,4,1,1,2,4,4,1,
1357,image_0899_blur_L2.jpg,0,0,2,1,1,1,3,4,1,
1358,image_0900_blur_L4.jpg,0,0,4,1,1,1,4,4,1,
1359,image_0904_blur_L1.jpg,0,0,1,1,1,1,3,4,1,
1360,image_0905_blur_L1.jpg,0,1,1,1,1,1,1,2,1,
1361,image_0909_blur_L4.jpg,1,0,4,1,1,1,4,4,1,
1362,image_0911_blur_L1.jpg,1,1,1,1,1,1,2,3,1,
1363,image_0912_blur_L2.jpg,0,0,2,1,1,1,3,4,1,
1364,image_0913_blur_L3.jpg,0,0,3,1,1,1,4,4,1,
1365,image_0921_blur_L1.jpg,1,1,1,1,1,1,2,4,1,
1366,image_0922_blur_L1.jpg,0,1,1,1,1,1,2,3,1,
1367,image_0924_blur_L1.jpg,1,1,1,1,1,1,2,4,1,
1368,image_0926_blur_L4.jpg,0,0,4,1,1,1,4,4,1,
1369,image_0927_blur_L3.jpg,1,0,4,1,1,1,4,4,1,
1370,image_0929_blur_L2.jpg,0,0,2,1,1,1,3,4,1,
1371,image_0934_blur_L2.jpg,0,0,2,1,1,1,3,4,1,
1372,image_0934_blur_L4.jpg,0,0,4,1,1,1,4,4,1,
1373,image_0936_blur_L4.jpg,1,0,4,1,1,1,4,4,1,
1374,image_0937_blur_L2.jpg,0,0,2,1,1,1,3,4,1,
1375,image_0947_blur_L2.jpg,0,0,2,1,1,1,3,4,1,
1376,image_0948_blur_L3.jpg,0,0,3,1,1,1,3,4,1,
1377,image_0958_blur_L4.jpg,1,0,4,1,1,1,4,4,1,
1378,image_0960_blur_L2.jpg,0,0,2,1,1,1,3,4,1,
1379,image_0962_blur_L1.jpg,0,1,1,1,1,1,2,4,1,
1380,image_0965_blur_L1.jpg,1,0,1,1,1,1,2,4,1,
1381,image_0967_blur_L1.jpg,1,1,1,1,1,1,2,4,1,
1382,image_0969_blur_L3.jpg,0,0,3,1,1,1,3,4,1,
1383,image_0970_blur_L3.jpg,0,0,3,1,1,1,3,4,1,
1384,image_0970_blur_L4.jpg,0,0,3,1,1,1,4,4,1,
1385,image_0973_blur_L2.jpg,1,0,2,1,1,1,3,4,1,
1386,image_0974_blur_L3.jpg,1,0,3,1,1,1,3,4,1,
1387,image_0975_blur_L4.jpg,0,0,4,1,1,1,4,4,1,
1388,image_0977_blur_L1.jpg,0,1,1,1,1,1,2,4,1,
1389,image_0977_blur_L2.jpg,0,0,2,1,1,1,3,4,1,
1390,image_0979_blur_L4.jpg,0,0,3,1,1,1,4,4,1,
1391,image_0984_blur_L1.jpg,1,1,1,1,1,1,3,4,1,
1392,image_0988_blur_L2.jpg,0,0,2,1,1,1,3,4,1,
1393,image_0001_brightness_L1.jpg,1,1,1,1,1,1,1,1,1,
1394,image_0001_brightness_L4.jpg,1,0,1,4,1,3,1,3,1,
1395,image_0006_brightness_L4.jpg,1,0,1,4,1,2,1,1,1,
1396,image_0010_brightness_L4.jpg,0,0,1,4,1,2,1,4,1,
1397,image_0022_brightness_L2.jpg,0,0,1,2,1,1,1,1,2,
1398,image_0024_brightness_L1.jpg,0,1,1,1,1,1,1,1,1,
1399,image_0025_brightness_L4.jpg,0,0,1,4,1,2,1,2,1,
1400,image_0028_brightness_L4.jpg,0,0,1,4,1,3,1,3,1,
1401,image_0041_brightness_L2.jpg,0,0,1,2,1,1,1,1,1,
1402,image_0041_brightness_L4.jpg,0,0,1,4,1,2,1,2,1,
1403,image_0047_brightness_L1.jpg,1,1,1,1,1,1,1,1,1,
1404,image_0048_brightness_L1.jpg,0,1,1,2,1,1,1,1,1,
1405,image_0050_brightness_L2.jpg,0,0,1,2,1,1,1,1,1,
1406,image_0053_brightness_L2.jpg,0,0,1,2,1,1,1,1,1,
1407,image_0055_brightness_L2.jpg,0,0,1,2,1,1,1,1,1,
1408,image_0055_brightness_L4.jpg,0,0,1,4,1,3,1,4,1,
1409,image_0056_brightness_L2.jpg,1,0,1,2,1,1,1,1,1,
1410,image_0056_brightness_L3.jpg,1,0,1,3,1,1,1,3,1,
1411,image_0057_brightness_L4.jpg,0,0,1,4,1,3,2,4,1,
1412,image_0059_brightness_L4.jpg,0,0,1,4,1,3,2,4,1,
1413,image_0064_brightness_L3.jpg,0,0,1,3,1,1,1,1,1,
1414,image_0068_brightness_L1.jpg,1,1,1,1,1,1,1,1,1,
1415,image_0068_brightness_L2.jpg,1,0,1,2,1,1,1,1,1,
1416,image_0071_brightness_L3.jpg,0,0,1,3,1,1,1,1,1,
1417,image_0080_brightness_L2.jpg,0,0,1,2,2,1,1,1,2,
1418,image_0082_brightness_L3.jpg,0,0,1,3,1,1,1,1,1,
1419,image_0083_brightness_L1.jpg,0,1,1,1,1,1,1,1,1,
1420,image_0083_brightness_L2.jpg,0,0,1,2,1,1,1,1,1,
1421,image_0087_brightness_L4.jpg,0,0,1,4,1,2,1,1,1,
1422,image_0090_brightness_L1.jpg,0,1,1,1,1,1,1,1,1,
1423,image_0094_brightness_L2.jpg,0,0,1,2,1,1,1,1,1,
1424,image_0095_brightness_L3.jpg,0,0,1,3,1,1,1,1,1,
1425,image_0097_brightness_L4.jpg,0,0,1,4,1,3,1,4,1,
1426,image_0104_brightness_L2.jpg,0,0,1,2,1,1,1,1,1,
1427,image_0104_brightness_L3.jpg,0,0,1,3,1,1,1,1,1,
1428,image_0105_brightness_L2.jpg,0,0,1,2,1,1,1,1,1,
1429,image_0107_brightness_L2.jpg,0,0,1,2,1,1,1,1,1,
1430,image_0108_brightness_L1.jpg,0,1,1,1,1,1,1,1,1,
1431,image_0109_brightness_L1.jpg,0,0,1,1,1,1,1,1,1,
1432,image_0110_brightness_L3.jpg,0,0,1,3,1,1,1,1,1,
1433,image_0112_brightness_L4.jpg,1,0,1,4,1,3,2,4,1,
1434,image_0115_brightness_L1.jpg,0,1,1,1,2,1,1,1,1,
1435,image_0115_brightness_L3.jpg,0,0,1,3,2,1,1,1,1,
1436,image_0116_brightness_L3.jpg,1,0,1,3,1,1,1,1,1,
1437,image_0117_brightness_L4.jpg,1,0,1,4,1,3,3,4,1,
1438,image_0121_brightness_L3.jpg,0,0,1,3,1,1,1,1,1,
1439,image_0122_brightness_L2.jpg,1,0,1,2,1,1,1,1,1,
1440,image_0127_brightness_L3.jpg,0,0,1,4,1,1,1,1,1,
1441,image_0128_brightness_L2.jpg,1,0,1,2,1,1,1,1,1,
1442,image_0136_brightness_L3.jpg,0,0,1,3,1,1,1,1,1,
1443,image_0138_brightness_L2.jpg,0,0,1,2,1,1,1,1,1,
1444,image_0148_brightness_L4.jpg,1,0,1,4,1,3,3,4,1,
1445,image_0150_brightness_L4.jpg,0,0,1,4,1,3,2,4,1,
1446,image_0151_brightness_L4.jpg,0,0,1,4,1,3,1,2,1,
1447,image_0152_brightness_L1.jpg,0,1,1,2,2,1,1,1,1,
1448,image_0153_brightness_L4.jpg,0,0,1,4,1,3,1,3,1,
1449,image_0157_brightness_L2.jpg,0,0,1,2,1,1,1,1,1,
1450,image_0160_brightness_L1.jpg,0,1,1,1,1,1,1,1,1,
1451,image_0163_brightness_L2.jpg,0,0,1,2,1,1,1,1,1,
1452,image_0165_brightness_L2.jpg,1,0,1,2,1,1,1,1,1,
1453,image_0166_brightness_L2.jpg,0,0,1,2,1,1,1,1,1,
1454,image_0176_brightness_L4.jpg,1,0,1,4,1,3,1,4,1,
1455,image_0179_brightness_L4.jpg,0,0,1,4,1,2,1,2,1,
1456,image_0182_brightness_L3.jpg,0,0,1,3,1,1,1,1,1,
1457,image_0188_brightness_L2.jpg,1,0,1,2,1,1,1,1,2,
1458,image_0189_brightness_L4.jpg,0,0,1,4,1,2,1,1,1,
1459,image_0190_brightness_L1.jpg,1,1,1,1,1,1,1,1,1,
1460,image_0191_brightness_L2.jpg,0,0,1,2,1,1,1,1,1,
1461,image_0193_brightness_L2.jpg,0,0,1,2,1,1,1,1,2,
1462,image_0197_brightness_L3.jpg,0,0,1,3,1,1,1,1,1,
1463,image_0197_brightness_L4.jpg,0,0,1,4,1,2,1,2,1,
1464,image_0199_brightness_L3.jpg,1,0,1,3,1,1,1,4,1,
1465,image_0200_brightness_L1.jpg,0,1,1,1,1,1,1,1,1,
1466,image_0206_brightness_L3.jpg,0,0,1,3,1,1,1,1,1,
1467,image_0211_brightness_L2.jpg,0,0,1,2,1,1,1,1,1,
1468,image_0213_brightness_L2.jpg,0,0,1,2,1,1,1,1,1,
1469,image_0213_brightness_L3.jpg,0,0,1,3,1,1,1,1,1,
1470,image_0214_brightness_L4.jpg,0,0,1,3,1,2,1,2,1,
1471,image_0215_brightness_L4.jpg,0,0,1,3,1,2,2,4,1,
1472,image_0221_brightness_L1.jpg,0,1,1,2,1,1,1,1,1,
1473,image_0221_brightness_L3.jpg,0,0,1,3,1,1,1,1,1,
1474,image_0222_brightness_L2.jpg,0,0,1,2,1,1,1,1,2,
1475,image_0226_brightness_L3.jpg,0,0,1,3,1,1,1,1,1,
1476,image_0228_brightness_L1.jpg,0,1,1,2,1,1,1,1,1,
1477,image_0228_brightness_L3.jpg,0,0,1,3,1,1,1,1,1,
1478,image_0230_brightness_L3.jpg,1,0,1,3,1,1,1,1,1,
1479,image_0231_brightness_L3.jpg,1,0,1,3,1,1,1,1,1,
1480,image_0232_brightness_L1.jpg,1,1,1,1,1,1,1,1,1,
1481,image_0232_brightness_L4.jpg,1,0,1,4,1,2,1,3,1,
1482,image_0236_brightness_L3.jpg,0,0,1,3,1,1,1,1,1,
1483,image_0240_brightness_L2.jpg,0,0,1,2,1,1,1,1,1,
1484,image_0243_brightness_L3.jpg,0,0,1,3,1,1,1,1,1,
1485,image_0245_brightness_L1.jpg,0,1,1,1,1,1,1,1,1,
1486,image_0246_brightness_L3.jpg,0,0,1,3,1,1,1,1,1,
1487,image_0247_brightness_L3.jpg,0,0,1,3,1,1,1,1,1,
1488,image_0248_brightness_L4.jpg,1,0,1,4,1,2,1,2,1,
1489,image_0250_brightness_L1.jpg,0,0,1,1,1,1,1,1,1,
1490,image_0250_brightness_L3.jpg,0,0,1,3,1,1,1,1,1,
1491,image_0251_brightness_L1.jpg,0,0,1,1,1,1,1,1,1,
1492,image_0252_brightness_L4.jpg,1,0,1,4,1,3,2,4,1,
1493,image_0253_brightness_L3.jpg,0,0,1,3,1,1,1,1,1,
1494,image_0257_brightness_L2.jpg,1,0,1,2,1,1,1,1,1,
1495,image_0258_brightness_L3.jpg,0,0,1,3,1,1,1,1,1,
1496,image_0261_brightness_L2.jpg,1,0,1,2,1,1,1,1,1,
1497,image_0262_brightness_L3.jpg,0,0,1,3,1,1,1,1,1,
1498,image_0263_brightness_L2.jpg,0,0,1,1,1,1,1,1,1,
1499,image_0265_brightness_L1.jpg,0,0,1,1,1,1,1,1,1,
1500,image_0266_brightness_L2.jpg,1,0,1,2,1,1,1,1,1,
1501,image_0269_brightness_L4.jpg,0,0,1,4,1,2,1,3,1,
1502,image_0272_brightness_L4.jpg,0,0,1,4,1,3,2,4,1,
1503,image_0276_brightness_L1.jpg,0,1,1,1,1,1,1,1,1,
1504,image_0280_brightness_L3.jpg,0,0,1,3,1,1,1,1,1,
1505,image_0280_brightness_L4.jpg,0,0,1,4,1,3,2,4,1,
1506,image_0283_brightness_L1.jpg,0,1,1,1,1,1,1,1,1,
1507,image_0284_brightness_L1.jpg,0,1,1,1,1,1,1,1,1,
1508,image_0285_brightness_L1.jpg,0,0,1,1,1,1,1,1,1,
1509,image_0285_brightness_L4.jpg,0,0,1,4,1,3,1,4,1,
1510,image_0286_brightness_L3.jpg,0,0,1,3,1,1,1,1,1,
1511,image_0286_brightness_L4.jpg,0,0,1,4,1,3,1,3,1,
1512,image_0290_brightness_L2.jpg,1,0,1,2,1,1,1,2,1,
1513,image_0290_brightness_L3.jpg,1,0,1,3,1,1,1,3,1,
1514,image_0291_brightness_L3.jpg,1,0,1,3,1,1,1,1,1,
1515,image_0294_brightness_L2.jpg,0,0,1,1,1,1,1,1,1,
1516,image_0297_brightness_L3.jpg,0,0,1,3,1,1,1,1,1,
1517,image_0298_brightness_L3.jpg,0,0,1,4,1,1,1,1,1,
1518,image_0299_brightness_L2.jpg,0,0,1,1,1,1,1,1,1,
1519,image_0303_brightness_L3.jpg,1,0,1,3,1,1,1,1,1,
1520,image_0304_brightness_L1.jpg,1,1,1,1,1,1,1,1,1,
1521,image_0306_brightness_L3.jpg,0,0,1,3,1,1,1,2,1,
1522,image_0308_brightness_L2.jpg,1,0,1,2,1,1,1,2,2,
1523,image_0319_brightness_L1.jpg,0,1,1,1,1,1,1,1,1,
1524,image_0321_brightness_L4.jpg,1,0,1,4,1,3,3,4,1,
1525,image_0322_brightness_L3.jpg,0,0,1,3,1,1,1,1,1,
1526,image_0325_brightness_L1.jpg,0,1,1,1,1,1,1,1,1,
1527,image_0325_brightness_L4.jpg,0,0,1,4,1,3,2,4,1,
1528,image_0330_brightness_L1.jpg,0,1,1,1,1,1,1,1,1,
1529,image_0331_brightness_L2.jpg,0,0,1,2,1,1,1,1,1,
1530,image_0334_brightness_L2.jpg,1,0,1,2,1,1,1,1,1,
1531,image_0334_brightness_L3.jpg,1,0,1,3,1,1,1,1,1,
1532,image_0336_brightness_L3.jpg,1,0,1,3,1,1,1,1,1,
1533,image_0338_brightness_L2.jpg,1,0,1,2,1,1,2,4,2,
1534,image_0339_brightness_L1.jpg,0,1,1,1,1,1,1,1,1,
1535,image_0343_brightness_L3.jpg,0,0,1,3,1,1,1,1,1,
1536,image_0350_brightness_L4.jpg,0,0,1,4,1,2,1,4,1,
1537,image_0352_brightness_L2.jpg,0,0,1,1,1,1,1,1,1,
1538,image_0352_brightness_L4.jpg,0,0,1,4,1,3,1,4,1,
1539,image_0353_brightness_L1.jpg,0,1,1,1,1,1,1,1,1,
1540,image_0353_brightness_L3.jpg,0,0,1,3,1,1,1,1,1,
1541,image_0354_brightness_L1.jpg,0,1,1,1,1,1,1,1,1,
1542,image_0361_brightness_L2.jpg,0,0,1,2,1,1,1,3,1,
1543,image_0363_brightness_L4.jpg,0,0,1,4,1,3,1,4,1,
1544,image_0365_brightness_L3.jpg,0,0,1,3,1,1,1,1,1,
1545,image_0369_brightness_L1.jpg,1,0,1,1,1,1,1,1,1,
1546,image_0369_brightness_L4.jpg,1,0,1,4,1,2,2,4,1,
1547,image_0372_brightness_L3.jpg,1,0,1,3,1,1,1,1,1,
1548,image_0373_brightness_L3.jpg,1,0,1,3,1,2,1,1,1,
1549,image_0374_brightness_L3.jpg,0,0,1,3,1,1,1,1,1,
1550,image_0375_brightness_L3.jpg,0,0,1,3,1,1,1,2,1,
1551,image_0386_brightness_L4.jpg,0,0,1,4,1,3,1,4,1,
1552,image_0389_brightness_L2.jpg,1,0,1,2,1,1,1,2,2,
1553,image_0390_brightness_L1.jpg,1,1,1,1,1,1,1,1,1,
1554,image_0390_brightness_L4.jpg,1,0,1,4,1,3,2,4,1,
1555,image_0392_brightness_L1.jpg,0,0,1,1,1,1,1,4,1,
1556,image_0401_brightness_L1.jpg,0,1,1,2,1,1,1,2,1,
1557,image_0404_brightness_L2.jpg,0,0,1,2,1,1,1,1,1,
1558,image_0409_brightness_L1.jpg,0,0,1,1,1,1,1,1,1,
1559,image_0410_brightness_L1.jpg,0,0,1,1,1,1,1,1,1,
1560,image_0410_brightness_L2.jpg,0,0,1,2,1,1,1,1,1,
1561,image_0413_brightness_L1.jpg,0,0,1,1,1,1,1,3,1,
1562,image_0415_brightness_L4.jpg,1,0,1,4,1,3,3,4,1,
1563,image_0416_brightness_L4.jpg,0,0,1,4,1,2,2,4,1,
1564,image_0423_brightness_L1.jpg,0,0,1,2,1,1,1,2,1,
1565,image_0423_brightness_L2.jpg,0,0,1,2,1,1,1,3,2,
1566,image_0426_brightness_L2.jpg,0,0,1,2,1,1,1,3,1,
1567,image_0427_brightness_L3.jpg,0,0,1,3,1,1,1,2,1,
1568,image_0428_brightness_L3.jpg,1,0,1,3,1,1,1,3,1,
1569,image_0430_brightness_L1.jpg,1,0,1,1,1,1,1,1,1,
1570,image_0441_brightness_L2.jpg,0,0,1,2,1,1,1,1,2,
1571,image_0441_brightness_L3.jpg,0,0,1,3,1,1,1,1,1,
1572,image_0442_brightness_L4.jpg,0,0,1,4,1,3,1,4,1,
1573,image_0443_brightness_L4.jpg,0,0,1,4,1,3,3,4,1,
1574,image_0447_brightness_L3.jpg,0,0,1,3,1,1,1,2,1,
1575,image_0448_brightness_L2.jpg,0,0,1,2,1,1,1,1,1,
1576,image_0448_brightness_L3.jpg,0,0,1,3,1,1,1,1,1,
1577,image_0456_brightness_L1.jpg,0,1,1,1,1,1,1,1,1,
1578,image_0456_brightness_L3.jpg,0,0,1,3,1,1,1,1,1,
1579,image_0459_brightness_L1.jpg,0,1,1,1,1,1,1,1,1,
1580,image_0463_brightness_L1.jpg,0,1,1,1,1,1,1,1,1,
1581,image_0464_brightness_L1.jpg,0,1,1,1,1,1,1,1,1,
1582,image_0466_brightness_L3.jpg,0,0,1,3,1,1,1,1,1,
1583,image_0466_brightness_L4.jpg,0,0,1,4,1,2,1,3,1,
1584,image_0468_brightness_L3.jpg,0,0,1,3,1,1,1,1,1,
1585,image_0471_brightness_L2.jpg,0,0,1,2,1,1,1,1,1,
1586,image_0473_brightness_L3.jpg,0,0,1,3,1,1,1,1,1,
1587,image_0475_brightness_L1.jpg,0,1,1,1,2,1,1,1,1,
1588,image_0477_brightness_L1.jpg,0,1,1,1,2,1,1,1,1,
1589,image_0482_brightness_L3.jpg,1,0,1,3,1,1,1,1,1,
1590,image_0491_brightness_L4.jpg,1,0,1,4,1,3,2,4,1,
1591,image_0493_brightness_L1.jpg,0,0,1,1,1,1,1,1,1,
1592,image_0497_brightness_L2.jpg,0,0,1,2,1,1,1,2,2,
1593,image_0500_brightness_L1.jpg,1,0,1,1,1,1,1,1,1,
1594,image_0503_brightness_L1.jpg,0,1,1,1,1,1,1,3,1,
1595,image_0504_brightness_L2.jpg,0,0,1,2,1,1,1,1,1,
1596,image_0504_brightness_L3.jpg,0,0,1,3,1,1,1,1,1,
1597,image_0505_brightness_L2.jpg,0,0,1,2,1,1,1,1,1,
1598,image_0507_brightness_L3.jpg,0,0,1,3,1,1,1,4,1,
1599,image_0508_brightness_L1.jpg,0,0,1,1,1,1,1,1,1,
1600,image_0511_brightness_L2.jpg,0,0,1,2,1,1,1,1,1,
1601,image_0513_brightness_L1.jpg,1,1,1,1,1,1,1,2,1,
1602,image_0520_brightness_L1.jpg,0,0,1,2,1,1,1,4,2,
1603,image_0522_brightness_L1.jpg,0,1,1,1,1,1,1,4,1,
1604,image_0531_brightness_L3.jpg,1,0,1,3,1,1,2,4,1,
1605,image_0532_brightness_L2.jpg,1,0,1,2,1,1,1,4,1,
1606,image_0535_brightness_L4.jpg,0,0,1,4,1,1,4,4,1,
1607,image_0536_brightness_L2.jpg,0,0,1,2,1,1,2,4,3,
1608,image_0537_brightness_L2.jpg,0,0,1,2,1,2,2,4,3,
1609,image_0537_brightness_L4.jpg,0,0,1,3,1,1,3,4,1,
1610,image_0539_brightness_L3.jpg,0,0,1,3,1,1,2,4,1,
1611,image_0543_brightness_L4.jpg,0,0,1,4,1,1,3,4,1,
1612,image_0544_brightness_L3.jpg,0,0,1,3,1,1,2,4,1,
1613,image_0546_brightness_L2.jpg,0,0,1,2,1,1,1,3,2,
1614,image_0546_brightness_L4.jpg,0,0,1,4,1,2,3,4,1,
1615,image_0547_brightness_L2.jpg,0,0,1,2,1,1,1,4,2,
1616,image_0547_brightness_L4.jpg,0,0,1,4,1,2,3,4,1,
1617,image_0557_brightness_L4.jpg,1,0,1,4,1,2,4,4,1,
1618,image_0558_brightness_L1.jpg,0,0,1,2,2,1,1,1,1,
1619,image_0560_brightness_L2.jpg,0,0,1,2,1,2,1,3,1,
1620,image_0561_brightness_L1.jpg,0,0,1,1,2,1,1,1,1,
1621,image_0565_brightness_L2.jpg,0,0,1,2,1,2,1,3,2,
1622,image_0565_brightness_L4.jpg,0,0,1,3,1,2,1,3,1,
1623,image_0566_brightness_L4.jpg,1,0,1,4,1,3,3,4,1,
1624,image_0571_brightness_L2.jpg,0,0,1,2,1,1,2,4,3,
1625,image_0572_brightness_L4.jpg,0,0,1,4,1,3,3,4,1,
1626,image_0574_brightness_L1.jpg,0,1,1,2,1,1,1,3,1,
1627,image_0576_brightness_L4.jpg,0,0,1,4,1,3,2,4,1,
1628,image_0579_brightness_L4.jpg,0,0,1,4,1,3,2,4,1,
1629,image_0580_brightness_L2.jpg,0,0,1,2,1,2,1,1,1,
1630,image_0583_brightness_L1.jpg,0,1,1,2,1,1,1,1,2,
1631,image_0595_brightness_L2.jpg,1,0,1,2,1,1,1,4,1,
1632,image_0595_brightness_L3.jpg,1,0,1,3,1,1,1,4,1,
1633,image_0597_brightness_L3.jpg,0,0,1,3,1,1,1,1,1,
1634,image_0597_brightness_L4.jpg,0,0,1,4,1,3,1,4,1,
1635,image_0599_brightness_L3.jpg,0,0,1,3,1,1,1,1,1,
1636,image_0601_brightness_L1.jpg,1,1,1,1,1,1,1,1,1,
1637,image_0602_brightness_L1.jpg,0,1,1,1,1,1,1,1,1,
1638,image_0602_brightness_L2.jpg,0,0,1,2,1,1,1,1,1,
1639,image_0603_brightness_L4.jpg,0,0,1,4,1,2,2,4,1,
1640,image_0604_brightness_L2.jpg,0,0,1,2,1,1,1,1,1,
1641,image_0609_brightness_L1.jpg,0,1,1,1,1,1,1,1,1,
1642,image_0611_brightness_L3.jpg,0,0,1,3,1,1,1,1,1,
1643,image_0613_brightness_L1.jpg,0,1,1,1,1,1,1,1,1,
1644,image_0623_brightness_L2.jpg,0,0,1,2,1,1,1,1,1,
1645,image_0626_brightness_L4.jpg,0,0,1,4,1,2,1,4,1,
1646,image_0628_brightness_L1.jpg,0,1,1,1,1,1,1,1,1,
1647,image_0633_brightness_L4.jpg,0,0,1,4,1,3,1,4,1,
1648,image_0645_brightness_L3.jpg,0,0,1,3,1,1,1,1,1,
1649,image_0646_brightness_L4.jpg,1,0,1,4,1,3,3,4,1,
1650,image_0650_brightness_L3.jpg,1,0,1,3,1,1,1,1,1,
1651,image_0652_brightness_L2.jpg,0,0,1,2,1,2,1,3,1,
1652,image_0653_brightness_L2.jpg,0,0,1,1,1,1,1,1,1,
1653,image_0653_brightness_L4.jpg,0,0,1,4,1,3,3,4,1,
1654,image_0657_brightness_L1.jpg,0,1,1,1,1,1,1,1,1,
1655,image_0663_brightness_L3.jpg,0,0,1,3,1,1,1,2,1,
1656,image_0666_brightness_L4.jpg,0,0,1,4,1,2,3,4,1,
1657,image_0676_brightness_L2.jpg,0,0,1,2,1,1,1,1,1,
1658,image_0677_brightness_L1.jpg,0,1,1,1,1,1,1,1,1,
1659,image_0682_brightness_L4.jpg,1,0,1,4,1,2,4,4,1,
1660,image_0683_brightness_L1.jpg,0,1,1,1,1,1,1,1,1,
1661,image_0688_brightness_L3.jpg,0,0,1,3,1,1,1,1,1,
1662,image_0692_brightness_L4.jpg,0,0,1,4,1,3,3,4,1,
1663,image_0694_brightness_L1.jpg,0,1,1,1,1,1,1,1,1,
1664,image_0697_brightness_L2.jpg,0,0,1,2,1,1,1,4,1,
1665,image_0700_brightness_L1.jpg,0,1,1,1,1,1,1,1,1,
1666,image_0704_brightness_L1.jpg,0,1,1,1,1,1,1,1,1,
1667,image_0705_brightness_L4.jpg,0,0,1,4,1,2,3,4,1,
1668,image_0710_brightness_L4.jpg,0,0,1,4,1,2,1,3,1,
1669,image_0713_brightness_L2.jpg,0,0,1,2,1,1,1,2,1,
1670,image_0713_brightness_L4.jpg,0,0,1,4,1,3,2,4,1,
1671,image_0714_brightness_L2.jpg,1,0,1,1,1,1,1,1,1,
1672,image_0715_brightness_L4.jpg,1,0,1,4,1,2,4,4,1,
1673,image_0716_brightness_L3.jpg,0,0,1,3,1,1,1,1,1,
1674,image_0717_brightness_L3.jpg,0,0,1,3,1,1,1,2,1,
1675,image_0719_brightness_L3.jpg,1,0,1,3,1,1,1,1,1,
1676,image_0721_brightness_L3.jpg,0,0,1,3,1,1,1,1,1,
1677,image_0733_brightness_L3.jpg,0,0,1,3,1,1,1,1,1,
1678,image_0735_brightness_L4.jpg,0,0,1,4,1,2,1,4,1,
1679,image_0736_brightness_L1.jpg,0,1,1,1,1,1,1,1,1,
1680,image_0736_brightness_L4.jpg,0,0,1,4,1,3,2,4,1,
1681,image_0737_brightness_L4.jpg,0,0,1,4,1,2,1,3,1,
1682,image_0738_brightness_L1.jpg,0,1,1,1,1,1,1,1,1,
1683,image_0738_brightness_L3.jpg,0,0,1,3,1,1,1,1,1,
1684,image_0739_brightness_L3.jpg,0,0,1,3,1,1,1,1,1,
1685,image_0741_brightness_L1.jpg,0,1,1,1,1,1,1,4,1,
1686,image_0741_brightness_L2.jpg,0,0,1,2,1,1,1,4,1,
1687,image_0743_brightness_L3.jpg,0,0,1,3,1,1,2,4,1,
1688,image_0744_brightness_L4.jpg,0,0,1,4,1,2,4,4,1,
1689,image_0751_brightness_L4.jpg,0,0,1,4,1,2,1,3,1,
1690,image_0752_brightness_L3.jpg,0,0,1,3,1,1,1,4,1,
1691,image_0759_brightness_L4.jpg,0,0,1,4,1,2,1,2,1,
1692,image_0760_brightness_L2.jpg,0,0,1,2,1,1,1,1,1,
1693,image_0762_brightness_L1.jpg,0,1,1,1,1,1,1,1,1,
1694,image_0763_brightness_L1.jpg,0,1,1,1,1,1,1,1,1,
1695,image_0763_brightness_L3.jpg,0,0,1,3,1,1,1,1,1,
1696,image_0763_brightness_L4.jpg,0,0,1,4,1,2,1,3,1,
1697,image_0767_brightness_L1.jpg,0,1,1,1,1,1,1,1,1,
1698,image_0770_brightness_L2.jpg,0,0,1,2,1,1,1,1,1,
1699,image_0773_brightness_L1.jpg,0,1,1,1,1,1,1,1,1,
1700,image_0774_brightness_L3.jpg,0,0,1,3,1,1,1,1,1,
1701,image_0776_brightness_L1.jpg,0,1,1,1,1,1,1,1,1,
1702,image_0776_brightness_L2.jpg,0,0,1,2,1,1,1,1,1,
1703,image_0778_brightness_L1.jpg,0,1,1,1,1,1,1,1,1,
1704,image_0779_brightness_L2.jpg,0,0,1,2,1,1,1,1,1,
1705,image_0781_brightness_L1.jpg,0,1,1,1,1,1,1,1,1,
1706,image_0781_brightness_L3.jpg,0,0,1,3,1,1,1,1,1,
1707,image_0781_brightness_L4.jpg,0,0,1,4,1,3,2,4,1,
1708,image_0783_brightness_L3.jpg,0,0,1,3,1,1,1,2,1,
1709,image_0786_brightness_L3.jpg,0,0,1,3,1,1,1,1,1,
1710,image_0787_brightness_L4.jpg,0,0,1,4,1,3,1,4,1,
1711,image_0788_brightness_L1.jpg,0,1,1,1,1,1,1,1,1,
1712,image_0789_brightness_L1.jpg,0,1,1,1,1,1,1,1,1,
1713,image_0790_brightness_L4.jpg,0,0,1,4,1,2,1,2,1,
1714,image_0791_brightness_L4.jpg,0,0,1,4,1,2,1,2,1,
1715,image_0792_brightness_L4.jpg,0,0,1,4,1,2,1,2,1,
1716,image_0794_brightness_L2.jpg,0,0,1,2,1,1,1,1,1,
1717,image_0798_brightness_L2.jpg,0,0,1,2,1,1,1,1,1,
1718,image_0802_brightness_L1.jpg,0,1,1,1,1,1,1,1,1,
1719,image_0802_brightness_L2.jpg,0,0,1,2,1,1,1,1,2,
1720,image_0808_brightness_L3.jpg,0,0,1,3,1,1,1,2,1,
1721,image_0809_brightness_L2.jpg,0,0,1,2,1,1,1,3,1,
1722,image_0811_brightness_L1.jpg,0,1,1,1,1,1,1,2,1,
1723,image_0812_brightness_L3.jpg,0,0,1,3,1,1,1,1,1,
1724,image_0813_brightness_L2.jpg,0,0,1,2,1,1,1,1,1,
1725,image_0816_brightness_L4.jpg,0,0,1,4,1,3,1,4,1,
1726,image_0818_brightness_L1.jpg,0,1,1,1,1,1,1,1,1,
1727,image_0829_brightness_L4.jpg,0,0,1,4,1,2,1,3,1,
1728,image_0833_brightness_L2.jpg,0,0,1,2,1,1,1,1,1,
1729,image_0833_brightness_L3.jpg,0,0,1,3,1,1,1,1,1,
1730,image_0833_brightness_L4.jpg,0,0,1,4,1,2,1,2,1,
1731,image_0834_brightness_L1.jpg,0,1,1,2,1,1,1,1,1,
1732,image_0835_brightness_L2.jpg,0,0,1,2,1,1,1,2,1,
1733,image_0837_brightness_L1.jpg,0,1,1,1,1,1,1,1,1,
1734,image_0839_brightness_L1.jpg,0,1,1,1,1,1,1,1,1,
1735,image_0844_brightness_L1.jpg,0,1,1,1,1,1,1,1,1,
1736,image_0848_brightness_L3.jpg,0,0,1,3,1,1,1,1,1,
1737,image_0852_brightness_L4.jpg,0,0,1,4,1,2,1,1,1,
1738,image_0856_brightness_L3.jpg,0,0,1,3,1,1,1,1,1,
1739,image_0859_brightness_L1.jpg,0,1,1,2,1,1,1,1,1,
1740,image_0860_brightness_L2.jpg,0,0,1,2,1,1,1,1,1,
1741,image_0864_brightness_L2.jpg,0,0,1,2,1,1,1,1,1,
1742,image_0865_brightness_L2.jpg,0,0,1,2,1,1,1,1,1,
1743,image_0870_brightness_L1.jpg,0,1,1,2,1,1,1,1,1,
1744,image_0878_brightness_L2.jpg,0,0,1,2,1,1,1,1,1,
1745,image_0878_brightness_L3.jpg,0,0,1,3,1,1,1,1,1,
1746,image_0880_brightness_L2.jpg,0,0,1,2,1,1,1,1,1,
1747,image_0880_brightness_L4.jpg,0,0,1,4,1,3,1,4,1,
1748,image_0881_brightness_L4.jpg,0,0,1,4,1,3,1,4,1,
1749,image_0883_brightness_L2.jpg,0,0,1,2,1,1,1,2,1,
1750,image_0889_brightness_L2.jpg,0,0,1,2,1,1,1,4,1,
1751,image_0894_brightness_L2.jpg,0,0,1,2,1,1,1,1,1,
1752,image_0895_brightness_L3.jpg,0,0,1,3,1,1,1,2,1,
1753,image_0899_brightness_L2.jpg,0,0,1,2,1,1,1,1,1,
1754,image_0902_brightness_L4.jpg,0,0,1,4,1,2,1,3,1,
1755,image_0903_brightness_L2.jpg,0,0,1,2,1,1,1,1,1,
1756,image_0903_brightness_L3.jpg,0,0,1,3,1,1,1,1,1,
1757,image_0903_brightness_L4.jpg,0,0,1,4,1,3,1,4,1,
1758,image_0905_brightness_L1.jpg,0,1,1,1,1,1,1,1,1,
1759,image_0905_brightness_L3.jpg,0,0,1,3,1,1,1,1,1,
1760,image_0905_brightness_L4.jpg,0,0,1,4,1,2,1,2,1,
1761,image_0906_brightness_L1.jpg,0,1,1,1,1,1,1,1,1,
1762,image_0911_brightness_L3.jpg,1,0,1,3,1,1,1,1,1,
1763,image_0911_brightness_L4.jpg,1,0,1,4,1,3,1,2,1,
1764,image_0915_brightness_L4.jpg,1,0,1,4,1,3,1,4,1,
1765,image_0916_brightness_L1.jpg,0,1,1,1,2,1,1,1,1,
1766,image_0917_brightness_L4.jpg,0,0,1,4,1,2,1,2,1,
1767,image_0918_brightness_L1.jpg,0,0,1,1,1,1,1,1,1,
1768,image_0922_brightness_L3.jpg,0,0,1,3,1,1,1,1,1,
1769,image_0923_brightness_L1.jpg,1,1,1,1,1,1,1,1,1,
1770,image_0924_brightness_L2.jpg,1,0,1,2,1,1,1,1,1,
1771,image_0927_brightness_L2.jpg,1,0,1,2,1,1,1,4,1,
1772,image_0927_brightness_L4.jpg,1,0,1,4,1,2,4,4,1,
1773,image_0928_brightness_L2.jpg,1,0,1,2,1,1,1,2,1,
1774,image_0928_brightness_L4.jpg,1,0,1,4,1,2,3,4,1,
1775,image_0929_brightness_L1.jpg,0,1,1,1,1,1,1,1,1,
1776,image_0931_brightness_L4.jpg,0,0,1,4,1,2,3,4,1,
1777,image_0932_brightness_L4.jpg,0,0,1,4,1,3,1,4,1,
1778,image_0934_brightness_L2.jpg,0,0,1,2,1,1,1,1,1,
1779,image_0940_brightness_L3.jpg,1,0,1,3,1,1,1,2,1,
1780,image_0941_brightness_L4.jpg,0,0,1,4,1,3,1,4,1,
1781,image_0949_brightness_L3.jpg,0,0,1,3,1,1,1,2,1,
1782,image_0953_brightness_L1.jpg,0,1,1,1,1,1,1,1,1,
1783,image_0956_brightness_L3.jpg,0,0,1,3,1,1,1,1,1,
1784,image_0962_brightness_L2.jpg,0,0,1,2,1,1,1,1,1,
1785,image_0963_brightness_L1.jpg,0,1,1,1,1,1,1,1,1,
1786,image_0965_brightness_L1.jpg,1,0,1,1,1,1,1,1,1,
1787,image_0971_brightness_L4.jpg,0,0,1,4,1,2,1,2,1,
1788,image_0973_brightness_L4.jpg,1,0,1,4,1,2,1,2,1,
1789,image_0975_brightness_L2.jpg,0,0,1,2,1,1,1,1,2,
1790,image_0978_brightness_L1.jpg,0,1,1,1,1,1,1,1,1,
1791,image_0978_brightness_L3.jpg,0,0,1,3,1,1,1,1,1,
1792,image_0992_brightness_L2.jpg,1,0,1,2,1,1,1,1,3,
1793,image_0004_compression_L1.jpg,1,1,1,1,1,1,1,1,1,
1794,image_0014_compression_L1.jpg,1,1,1,1,1,1,1,1,1,
1795,image_0014_compression_L2.jpg,1,0,1,1,1,1,2,1,1,
1796,image_0014_compression_L4.jpg,1,0,1,1,1,1,4,1,1,
1797,image_0020_compression_L4.jpg,0,0,1,1,1,1,4,1,1,
1798,image_0021_compression_L1.jpg,0,1,1,1,1,1,1,1,1,
1799,image_0023_compression_L1.jpg,0,1,1,1,1,1,1,1,1,
1800,image_0029_compression_L3.jpg,1,0,1,1,1,1,3,2,1,
1801,image_0032_compression_L1.jpg,0,0,1,3,1,1,2,1,1,
1802,image_0035_compression_L2.jpg,0,0,1,1,1,1,2,1,1,
1803,image_0037_compression_L2.jpg,1,0,1,1,1,1,1,1,1,
1804,image_0038_compression_L3.jpg,0,0,1,1,1,1,3,1,1,
1805,image_0042_compression_L3.jpg,0,0,1,1,1,1,2,1,1,
1806,image_0043_compression_L4.jpg,0,0,1,1,1,1,4,1,1,
1807,image_0052_compression_L2.jpg,1,0,1,3,1,1,2,1,1,
1808,image_0052_compression_L3.jpg,1,0,1,3,1,1,3,1,1,
1809,image_0054_compression_L2.jpg,0,0,1,1,1,1,2,1,1,
1810,image_0054_compression_L4.jpg,0,0,1,1,1,1,4,1,1,
1811,image_0055_compression_L1.jpg,0,1,1,1,1,1,1,1,1,
1812,image_0055_compression_L4.jpg,0,0,1,1,1,1,4,1,1,
1813,image_0060_compression_L4.jpg,0,0,1,1,1,1,4,1,1,
1814,image_0061_compression_L2.jpg,0,0,1,1,1,1,1,1,1,
1815,image_0065_compression_L3.jpg,0,0,1,1,1,1,3,1,1,
1816,image_0066_compression_L1.jpg,0,1,1,1,1,1,1,1,1,
1817,image_0069_compression_L2.jpg,0,0,1,1,1,1,2,1,1,
1818,image_0070_compression_L1.jpg,0,1,1,1,1,1,1,1,1,
1819,image_0081_compression_L3.jpg,0,0,1,1,1,1,2,1,1,
1820,image_0082_compression_L2.jpg,0,0,1,1,1,1,1,1,1,
1821,image_0082_compression_L3.jpg,0,0,1,1,1,1,2,1,1,
1822,image_0085_compression_L2.jpg,0,0,1,1,1,1,2,1,1,
1823,image_0085_compression_L3.jpg,0,0,1,1,1,1,3,1,1,
1824,image_0091_compression_L4.jpg,0,0,1,1,1,1,4,1,1,
1825,image_0093_compression_L4.jpg,0,0,1,1,1,1,4,1,1,
1826,image_0094_compression_L2.jpg,0,0,1,1,1,1,2,1,1,
1827,image_0097_compression_L1.jpg,0,1,1,1,1,1,1,1,1,
1828,image_0103_compression_L1.jpg,0,0,1,1,1,1,2,1,1,
1829,image_0104_compression_L3.jpg,0,0,1,1,1,1,2,1,1,
1830,image_0113_compression_L1.jpg,0,1,1,1,1,1,1,1,1,
1831,image_0113_compression_L4.jpg,0,0,1,1,1,1,4,1,1,
1832,image_0119_compression_L2.jpg,1,0,1,1,1,1,1,1,1,
1833,image_0123_compression_L1.jpg,1,1,1,1,1,1,1,1,1,
1834,image_0123_compression_L3.jpg,1,0,1,1,1,1,2,1,1,
1835,image_0123_compression_L4.jpg,1,0,1,1,1,1,3,1,1,
1836,image_0126_compression_L2.jpg,0,0,1,1,1,1,1,1,1,
1837,image_0126_compression_L3.jpg,0,0,1,1,1,1,2,1,1,
1838,image_0133_compression_L3.jpg,0,0,1,1,1,1,2,1,1,
1839,image_0137_compression_L4.jpg,0,0,1,1,1,1,4,1,1,
1840,image_0147_compression_L4.jpg,0,0,1,1,1,1,3,1,1,
1841,image_0150_compression_L2.jpg,0,0,1,1,1,1,2,1,1,
1842,image_0151_compression_L4.jpg,0,0,1,1,1,1,4,1,1,
1843,image_0152_compression_L2.jpg,0,0,1,1,2,1,1,1,1,
1844,image_0153_compression_L4.jpg,0,0,1,1,1,1,4,1,1,
1845,image_0155_compression_L1.jpg,0,1,1,1,1,1,1,1,1,
1846,image_0157_compression_L2.jpg,0,0,1,1,1,1,2,1,1,
1847,image_0158_compression_L2.jpg,0,0,1,1,1,1,1,1,1,
1848,image_0159_compression_L2.jpg,0,0,1,1,1,1,2,1,1,
1849,image_0159_compression_L4.jpg,0,0,1,1,1,1,4,2,1,
1850,image_0168_compression_L4.jpg,1,0,1,1,1,1,4,2,1,
1851,image_0170_compression_L1.jpg,1,1,1,1,1,1,1,1,1,
1852,image_0175_compression_L1.jpg,1,0,1,1,1,1,1,1,1,
1853,image_0177_compression_L2.jpg,0,0,1,1,1,1,2,1,1,
1854,image_0178_compression_L3.jpg,1,0,1,1,1,1,2,1,1,
1855,image_0178_compression_L4.jpg,1,0,1,1,1,1,3,1,1,
1856,image_0179_compression_L1.jpg,0,1,1,1,1,1,1,1,1,
1857,image_0180_compression_L4.jpg,1,0,1,1,1,1,4,2,1,
1858,image_0181_compression_L2.jpg,0,0,1,1,1,1,2,1,1,
1859,image_0183_compression_L3.jpg,1,0,1,1,1,1,3,1,1,
1860,image_0184_compression_L3.jpg,1,0,1,1,1,1,2,1,1,
1861,image_0186_compression_L2.jpg,1,0,1,1,1,1,2,1,1,
1862,image_0188_compression_L1.jpg,1,1,1,1,1,1,1,1,1,
1863,image_0190_compression_L1.jpg,1,1,1,1,1,1,2,1,1,
1864,image_0193_compression_L1.jpg,0,1,1,1,2,1,1,1,1,
1865,image_0219_compression_L1.jpg,0,1,1,1,1,1,1,1,1,
1866,image_0222_compression_L1.jpg,0,1,1,1,1,1,1,1,1,
1867,image_0225_compression_L1.jpg,0,1,1,1,1,1,2,1,1,
1868,image_0226_compression_L1.jpg,0,0,1,1,1,1,1,1,1,
1869,image_0229_compression_L3.jpg,0,0,1,1,1,1,3,1,1,
1870,image_0231_compression_L1.jpg,1,1,1,1,1,1,1,1,1,
1871,image_0232_compression_L2.jpg,1,0,1,1,1,1,2,1,1,
1872,image_0233_compression_L2.jpg,1,0,1,1,1,1,2,1,1,
1873,image_0235_compression_L2.jpg,1,0,1,1,1,1,2,1,1,
1874,image_0237_compression_L2.jpg,1,0,1,1,1,1,2,1,1,
1875,image_0243_compression_L1.jpg,0,1,1,1,1,1,1,1,1,
1876,image_0243_compression_L3.jpg,0,0,1,1,1,1,2,1,1,
1877,image_0244_compression_L1.jpg,0,1,1,1,1,1,1,1,1,
1878,image_0247_compression_L4.jpg,0,0,1,1,1,1,4,1,1,
1879,image_0248_compression_L1.jpg,1,1,1,1,1,1,1,1,1,
1880,image_0250_compression_L1.jpg,0,0,1,1,1,1,1,1,1,
1881,image_0251_compression_L4.jpg,0,0,1,1,1,1,4,1,1,
1882,image_0253_compression_L2.jpg,0,0,1,1,1,1,2,1,1,
1883,image_0254_compression_L4.jpg,0,0,1,1,1,1,4,1,1,
1884,image_0256_compression_L2.jpg,0,0,1,1,1,1,2,1,1,
1885,image_0262_compression_L3.jpg,0,0,1,1,1,1,2,1,1,
1886,image_0264_compression_L2.jpg,0,0,1,1,1,1,2,1,1,
1887,image_0266_compression_L3.jpg,1,0,1,1,1,1,3,1,1,
1888,image_0278_compression_L2.jpg,0,0,1,1,1,1,2,1,1,
1889,image_0278_compression_L4.jpg,0,0,1,1,1,1,4,1,1,
1890,image_0279_compression_L1.jpg,0,1,1,1,1,1,1,1,1,
1891,image_0283_compression_L4.jpg,0,0,1,3,1,1,4,2,1,
1892,image_0284_compression_L2.jpg,0,0,1,1,1,1,2,1,1,
1893,image_0284_compression_L4.jpg,0,0,1,1,1,1,4,2,1,
1894,image_0285_compression_L1.jpg,0,0,1,1,1,1,1,1,1,
1895,image_0290_compression_L1.jpg,1,0,1,1,1,1,2,1,1,
1896,image_0292_compression_L1.jpg,1,0,1,1,1,1,1,1,1,
1897,image_0300_compression_L3.jpg,0,0,1,3,1,1,3,1,1,
1898,image_0301_compression_L1.jpg,1,1,1,1,1,1,2,1,1,
1899,image_0301_compression_L2.jpg,1,0,1,1,1,1,2,1,1,
1900,image_0302_compression_L4.jpg,0,0,1,1,1,1,4,1,1,
1901,image_0305_compression_L4.jpg,0,0,1,1,1,1,4,2,1,
1902,image_0306_compression_L4.jpg,0,0,1,1,1,1,4,2,1,
1903,image_0307_compression_L3.jpg,0,0,1,1,1,1,3,1,1,
1904,image_0316_compression_L2.jpg,0,0,1,1,1,1,2,1,1,
1905,image_0319_compression_L4.jpg,0,0,1,1,1,1,4,1,1,
1906,image_0320_compression_L3.jpg,1,0,1,1,1,1,4,2,1,
1907,image_0325_compression_L3.jpg,0,0,1,1,1,1,3,1,1,
1908,image_0326_compression_L4.jpg,0,0,1,1,1,1,4,1,1,
1909,image_0327_compression_L1.jpg,0,1,1,1,1,1,2,1,1,
1910,image_0328_compression_L3.jpg,0,0,1,1,1,1,4,3,1,
1911,image_0329_compression_L3.jpg,0,0,1,1,1,1,3,1,1,
1912,image_0331_compression_L4.jpg,0,0,1,1,1,1,4,4,1,
1913,image_0332_compression_L1.jpg,0,1,1,1,1,1,1,1,1,
1914,image_0332_compression_L4.jpg,0,0,1,1,1,1,4,4,1,
1915,image_0333_compression_L1.jpg,0,1,1,1,1,1,2,1,1,
1916,image_0335_compression_L3.jpg,1,0,1,1,1,1,3,1,1,
1917,image_0339_compression_L3.jpg,0,0,1,1,1,1,3,1,1,
1918,image_0339_compression_L4.jpg,0,0,1,1,1,1,4,2,1,
1919,image_0340_compression_L2.jpg,0,0,1,1,1,1,2,1,1,
1920,image_0341_compression_L4.jpg,0,0,1,1,1,1,4,2,1,
1921,image_0343_compression_L4.jpg,0,0,1,1,1,1,4,1,1,
1922,image_0344_compression_L3.jpg,0,0,1,1,1,1,3,1,1,
1923,image_0345_compression_L3.jpg,0,0,1,1,1,1,3,1,1,
1924,image_0348_compression_L2.jpg,0,0,1,1,1,1,3,1,1,
1925,image_0352_compression_L1.jpg,0,1,1,1,1,1,1,1,1,
1926,image_0357_compression_L1.jpg,0,1,1,1,1,1,1,1,1,
1927,image_0357_compression_L3.jpg,0,0,1,1,1,1,3,1,1,
1928,image_0360_compression_L1.jpg,1,1,1,1,1,1,2,2,1,
1929,image_0363_compression_L3.jpg,0,0,1,1,1,1,3,1,1,
1930,image_0364_compression_L1.jpg,1,1,1,1,1,1,1,1,1,
1931,image_0365_compression_L2.jpg,0,0,1,1,1,1,2,1,1,
1932,image_0365_compression_L3.jpg,0,0,1,1,1,1,3,1,1,
1933,image_0368_compression_L3.jpg,1,0,1,1,1,1,3,1,1,
1934,image_0375_compression_L4.jpg,0,0,1,1,1,1,4,2,1,
1935,image_0379_compression_L1.jpg,0,1,1,1,1,1,1,1,1,
1936,image_0380_compression_L2.jpg,0,0,1,1,1,1,1,1,1,
1937,image_0380_compression_L3.jpg,0,0,1,1,1,1,3,1,1,
1938,image_0380_compression_L4.jpg,0,0,1,1,1,1,4,1,1,
1939,image_0383_compression_L4.jpg,0,0,1,1,1,1,4,4,1,
1940,image_0385_compression_L1.jpg,1,1,1,1,1,1,2,1,1,
1941,image_0389_compression_L2.jpg,1,0,1,1,1,1,2,1,1,
1942,image_0393_compression_L4.jpg,0,0,1,1,1,1,4,4,1,
1943,image_0394_compression_L3.jpg,1,0,1,1,1,1,3,2,1,
1944,image_0400_compression_L2.jpg,0,0,1,1,1,1,2,1,1,
1945,image_0401_compression_L4.jpg,0,0,1,1,1,1,4,4,1,
1946,image_0404_compression_L2.jpg,0,0,1,1,1,1,2,1,1,
1947,image_0405_compression_L2.jpg,0,0,1,1,1,1,2,1,1,
1948,image_0405_compression_L3.jpg,0,0,1,1,1,1,3,1,1,
1949,image_0410_compression_L2.jpg,0,0,1,1,1,1,2,1,1,
1950,image_0411_compression_L1.jpg,0,0,1,1,1,1,2,2,1,
1951,image_0413_compression_L1.jpg,0,0,1,1,1,1,2,3,1,
1952,image_0413_compression_L2.jpg,0,0,1,1,1,1,3,3,1,
1953,image_0413_compression_L3.jpg,0,0,1,1,1,1,4,3,1,
1954,image_0414_compression_L3.jpg,0,0,1,1,1,1,4,3,1,
1955,image_0418_compression_L3.jpg,0,0,1,1,1,1,4,3,1,
1956,image_0421_compression_L3.jpg,0,0,1,1,1,1,3,1,1,
1957,image_0424_compression_L1.jpg,0,0,1,1,1,1,2,2,1,
1958,image_0425_compression_L4.jpg,0,0,1,1,1,1,4,4,1,
1959,image_0434_compression_L1.jpg,0,0,1,1,1,1,2,2,1,
1960,image_0438_compression_L4.jpg,1,0,1,1,1,1,4,1,1,
1961,image_0439_compression_L1.jpg,1,1,1,1,1,1,2,1,1,
1962,image_0447_compression_L4.jpg,0,0,1,1,1,1,4,2,1,
1963,image_0448_compression_L3.jpg,0,0,1,1,1,1,3,1,1,
1964,image_0452_compression_L3.jpg,0,0,1,1,1,1,3,2,1,
1965,image_0454_compression_L4.jpg,0,0,1,1,1,1,4,1,1,
1966,image_0457_compression_L2.jpg,0,0,1,1,1,1,2,1,1,
1967,image_0459_compression_L3.jpg,0,0,1,1,1,1,3,1,1,
1968,image_0459_compression_L4.jpg,0,0,1,1,1,1,4,1,1,
1969,image_0461_compression_L2.jpg,0,0,1,1,1,1,1,1,1,
1970,image_0462_compression_L3.jpg,0,0,1,1,1,1,2,1,1,
1971,image_0467_compression_L3.jpg,0,0,1,1,1,1,2,1,1,
1972,image_0469_compression_L1.jpg,0,1,1,1,1,1,1,1,1,
1973,image_0470_compression_L2.jpg,0,0,1,1,1,1,2,1,1,
1974,image_0481_compression_L2.jpg,0,0,1,1,1,1,1,1,1,
1975,image_0483_compression_L1.jpg,0,1,1,1,1,1,1,1,1,
1976,image_0486_compression_L4.jpg,0,0,1,1,1,1,3,1,1,
1977,image_0489_compression_L2.jpg,1,0,1,1,1,1,2,1,1,
1978,image_0492_compression_L1.jpg,1,1,1,1,1,1,2,2,1,
1979,image_0495_compression_L2.jpg,0,0,1,1,1,1,2,1,1,
1980,image_0497_compression_L3.jpg,0,0,1,1,1,1,3,1,1,
1981,image_0498_compression_L1.jpg,0,0,1,1,1,1,1,1,1,
1982,image_0503_compression_L2.jpg,0,0,1,1,1,1,3,3,1,
1983,image_0510_compression_L3.jpg,0,0,1,1,1,1,3,1,1,
1984,image_0512_compression_L1.jpg,0,0,1,1,1,1,2,2,1,
1985,image_0518_compression_L4.jpg,1,0,1,2,1,1,4,4,2,
1986,image_0519_compression_L3.jpg,1,0,1,1,1,1,4,4,1,
1987,image_0521_compression_L2.jpg,0,0,1,1,1,1,3,4,1,
1988,image_0521_compression_L3.jpg,0,0,1,1,1,1,4,4,1,
1989,image_0522_compression_L2.jpg,0,0,1,1,1,1,3,4,1,
1990,image_0522_compression_L4.jpg,0,0,1,1,1,1,4,4,1,
1991,image_0524_compression_L2.jpg,0,0,1,1,1,1,3,2,1,
1992,image_0529_compression_L4.jpg,0,0,1,1,1,1,4,3,1,
1993,image_0532_compression_L4.jpg,1,0,1,1,1,1,4,4,1,
1994,image_0534_compression_L3.jpg,1,0,1,1,1,1,4,4,1,
1995,image_0539_compression_L4.jpg,0,0,1,1,1,1,4,4,1,
1996,image_0540_compression_L4.jpg,0,0,1,1,1,1,4,4,1,
1997,image_0550_compression_L2.jpg,0,0,1,1,1,1,3,3,1,
1998,image_0553_compression_L2.jpg,1,0,1,1,1,2,4,4,1,
1999,image_0557_compression_L1.jpg,1,0,1,2,1,1,4,4,1,
2000,image_0561_compression_L1.jpg,0,0,1,1,2,1,1,1,1,
2001,image_0562_compression_L3.jpg,0,0,1,1,1,1,2,1,1,
2002,image_0567_compression_L3.jpg,1,0,1,1,1,1,4,4,1,
2003,image_0567_compression_L4.jpg,1,0,1,1,1,1,4,4,1,
2004,image_0572_compression_L3.jpg,0,0,1,1,1,1,4,4,1,
2005,image_0574_compression_L1.jpg,0,1,1,1,1,1,3,4,1,
2006,image_0578_compression_L1.jpg,0,1,1,1,1,1,2,3,1,
2007,image_0582_compression_L1.jpg,1,0,1,2,1,1,2,3,1,
2008,image_0583_compression_L2.jpg,0,0,1,1,1,1,1,1,1,
2009,image_0586_compression_L3.jpg,0,0,1,1,1,1,4,3,1,
2010,image_0587_compression_L4.jpg,0,0,1,1,1,1,4,4,1,
2011,image_0589_compression_L4.jpg,0,0,1,1,1,1,4,2,1,
2012,image_0590_compression_L4.jpg,1,0,1,2,1,2,4,4,1,
2013,image_0592_compression_L3.jpg,1,0,1,1,1,1,4,3,1,
2014,image_0593_compression_L4.jpg,0,0,1,1,1,1,4,4,1,
2015,image_0596_compression_L2.jpg,0,0,1,1,1,1,2,1,1,
2016,image_0596_compression_L3.jpg,0,0,1,1,1,1,3,1,1,
2017,image_0597_compression_L1.jpg,0,0,1,1,1,1,1,1,1,
2018,image_0598_compression_L4.jpg,1,0,1,1,1,1,4,1,1,
2019,image_0599_compression_L3.jpg,0,0,1,1,1,1,2,1,1,
2020,image_0599_compression_L4.jpg,0,0,1,1,1,1,4,1,1,
2021,image_0600_compression_L2.jpg,0,0,1,1,1,1,1,1,1,
2022,image_0603_compression_L1.jpg,0,1,1,1,1,1,2,1,1,
2023,image_0604_compression_L4.jpg,0,0,1,1,1,1,4,1,1,
2024,image_0607_compression_L2.jpg,0,0,1,1,1,1,2,1,1,
2025,image_0611_compression_L3.jpg,0,0,1,1,1,1,3,1,1,
2026,image_0613_compression_L1.jpg,0,1,1,1,1,1,2,1,1,
2027,image_0613_compression_L3.jpg,0,0,1,1,1,1,3,1,1,
2028,image_0613_compression_L4.jpg,0,0,1,1,1,1,4,1,1,
2029,image_0616_compression_L3.jpg,0,0,1,1,1,1,2,1,1,
2030,image_0620_compression_L3.jpg,1,0,1,1,1,1,3,1,1,
2031,image_0621_compression_L3.jpg,0,0,1,1,1,1,2,1,1,
2032,image_0622_compression_L2.jpg,0,0,1,1,1,1,2,1,1,
2033,image_0625_compression_L1.jpg,0,1,1,1,1,1,1,1,1,
2034,image_0629_compression_L3.jpg,0,0,1,1,1,1,4,2,1,
2035,image_0634_compression_L1.jpg,1,1,1,1,1,1,1,1,1,
2036,image_0640_compression_L1.jpg,0,1,1,1,1,1,1,1,1,
2037,image_0644_compression_L1.jpg,1,1,1,1,1,1,2,1,1,
2038,image_0645_compression_L1.jpg,0,1,1,1,1,1,1,1,1,
2039,image_0648_compression_L1.jpg,1,1,1,1,1,1,2,2,1,
2040,image_0650_compression_L1.jpg,1,1,1,1,1,1,1,1,1,
2041,image_0654_compression_L2.jpg,1,0,1,1,1,1,3,1,1,
2042,image_0655_compression_L2.jpg,0,0,1,1,1,1,2,1,1,
2043,image_0656_compression_L1.jpg,0,1,1,1,1,1,1,1,1,
2044,image_0659_compression_L2.jpg,0,0,1,1,1,1,2,1,1,
2045,image_0661_compression_L4.jpg,0,0,1,3,1,1,4,3,1,
2046,image_0662_compression_L3.jpg,0,0,1,3,1,1,3,1,1,
2047,image_0662_compression_L4.jpg,0,0,1,3,1,1,4,3,1,
2048,image_0665_compression_L2.jpg,0,0,1,3,1,1,3,2,1,
2049,image_0666_compression_L2.jpg,0,0,1,1,1,1,2,1,1,
2050,image_0667_compression_L1.jpg,0,1,1,1,1,1,1,1,1,
2051,image_0672_compression_L2.jpg,0,0,1,1,1,1,2,1,1,
2052,image_0674_compression_L2.jpg,0,0,1,1,1,1,2,1,1,
2053,image_0675_compression_L1.jpg,0,1,1,1,1,1,1,1,1,
2054,image_0679_compression_L1.jpg,1,0,1,3,1,1,2,1,1,
2055,image_0679_compression_L2.jpg,1,0,1,3,1,1,3,1,1,
2056,image_0680_compression_L1.jpg,0,1,1,1,1,1,1,1,1,
2057,image_0685_compression_L4.jpg,0,0,1,1,1,1,3,1,1,
2058,image_0686_compression_L1.jpg,0,1,1,1,1,1,1,1,1,
2059,image_0687_compression_L2.jpg,0,0,1,1,1,1,2,1,1,
2060,image_0688_compression_L4.jpg,0,0,1,1,1,1,4,1,1,
2061,image_0690_compression_L2.jpg,1,0,1,1,1,1,3,3,1,
2062,image_0696_compression_L3.jpg,0,0,1,1,1,1,2,1,1,
2063,image_0699_compression_L2.jpg,0,0,1,1,1,1,1,1,1,
2064,image_0700_compression_L3.jpg,0,0,1,1,1,1,3,1,1,
2065,image_0701_compression_L2.jpg,0,0,1,1,1,1,2,1,1,
2066,image_0704_compression_L3.jpg,0,0,1,1,1,1,3,1,1,
2067,image_0710_compression_L2.jpg,0,0,1,1,1,1,2,1,1,
2068,image_0711_compression_L1.jpg,0,1,1,1,1,1,1,1,1,
2069,image_0712_compression_L4.jpg,0,0,1,1,1,1,3,1,1,
2070,image_0713_compression_L2.jpg,0,0,1,1,1,1,2,1,1,
2071,image_0722_compression_L2.jpg,0,0,1,1,1,1,2,1,1,
2072,image_0730_compression_L2.jpg,0,0,1,1,1,1,1,1,1,
2073,image_0731_compression_L4.jpg,0,0,1,1,1,1,4,1,1,
2074,image_0732_compression_L2.jpg,0,0,1,1,1,1,2,1,1,
2075,image_0732_compression_L4.jpg,0,0,1,1,1,1,4,1,1,
2076,image_0735_compression_L3.jpg,0,0,1,1,1,1,3,1,1,
2077,image_0737_compression_L4.jpg,0,0,1,1,1,1,4,1,1,
2078,image_0741_compression_L4.jpg,0,0,1,1,1,1,4,4,1,
2079,image_0742_compression_L2.jpg,0,0,1,1,1,1,3,4,1,
2080,image_0745_compression_L1.jpg,0,1,1,1,1,1,2,1,1,
2081,image_0745_compression_L2.jpg,0,0,1,1,1,1,2,1,1,
2082,image_0747_compression_L4.jpg,0,0,1,1,1,1,4,2,1,
2083,image_0748_compression_L3.jpg,0,0,1,1,1,1,3,1,1,
2084,image_0749_compression_L3.jpg,0,0,1,1,1,1,3,1,1,
2085,image_0750_compression_L1.jpg,0,1,1,1,1,1,1,1,1,
2086,image_0751_compression_L3.jpg,0,0,1,1,1,1,2,1,1,
2087,image_0755_compression_L4.jpg,0,0,1,1,1,1,4,2,1,
2088,image_0757_compression_L3.jpg,0,0,1,1,1,1,2,1,1,
2089,image_0759_compression_L1.jpg,0,1,1,1,1,1,1,1,1,
2090,image_0760_compression_L3.jpg,0,0,1,1,1,1,3,1,1,
2091,image_0761_compression_L4.jpg,0,0,1,1,1,1,4,3,1,
2092,image_0763_compression_L1.jpg,0,1,1,1,1,1,1,1,1,
2093,image_0770_compression_L2.jpg,0,0,1,1,1,1,1,1,1,
2094,image_0771_compression_L3.jpg,0,0,1,1,1,1,3,1,1,
2095,image_0772_compression_L2.jpg,0,0,1,1,1,1,2,1,1,
2096,image_0772_compression_L4.jpg,0,0,1,1,1,1,4,1,1,
2097,image_0775_compression_L1.jpg,0,1,1,1,1,1,1,1,1,
2098,image_0778_compression_L4.jpg,0,0,1,1,1,1,4,1,1,
2099,image_0781_compression_L1.jpg,0,1,1,1,1,1,1,1,1,
2100,image_0782_compression_L2.jpg,1,0,1,1,1,1,3,1,1,
2101,image_0784_compression_L3.jpg,1,0,1,1,1,1,4,2,1,
2102,image_0785_compression_L2.jpg,0,0,1,1,1,1,2,1,1,
2103,image_0788_compression_L1.jpg,0,1,1,1,1,1,1,1,1,
2104,image_0789_compression_L1.jpg,0,1,1,1,1,1,1,1,1,
2105,image_0789_compression_L3.jpg,0,0,1,1,1,1,3,1,1,
2106,image_0792_compression_L2.jpg,0,0,1,1,1,1,1,1,1,
2107,image_0793_compression_L2.jpg,0,0,1,1,1,1,2,1,1,
2108,image_0793_compression_L3.jpg,0,0,1,1,1,1,3,1,1,
2109,image_0794_compression_L4.jpg,0,0,1,1,1,1,4,1,1,
2110,image_0796_compression_L3.jpg,0,0,1,1,1,1,3,1,1,
2111,image_0796_compression_L4.jpg,0,0,1,1,1,1,4,4,1,
2112,image_0799_compression_L3.jpg,0,0,1,1,1,1,4,2,1,
2113,image_0803_compression_L4.jpg,0,0,1,1,1,1,4,1,1,
2114,image_0811_compression_L4.jpg,0,0,1,1,1,1,4,4,1,
2115,image_0812_compression_L1.jpg,0,1,1,1,1,1,1,1,1,
2116,image_0820_compression_L3.jpg,0,0,1,1,1,1,3,1,1,
2117,image_0821_compression_L3.jpg,0,0,1,1,1,1,3,1,1,
2118,image_0822_compression_L3.jpg,0,0,1,1,1,1,3,1,1,
2119,image_0822_compression_L4.jpg,0,0,1,1,1,1,4,1,1,
2120,image_0824_compression_L1.jpg,0,1,1,1,1,1,1,1,1,
2121,image_0825_compression_L2.jpg,0,0,1,1,1,1,1,1,1,
2122,image_0826_compression_L4.jpg,0,0,1,1,1,1,4,1,1,
2123,image_0830_compression_L1.jpg,0,1,1,1,1,1,1,1,1,
2124,image_0831_compression_L3.jpg,0,0,1,1,1,1,2,1,1,
2125,image_0832_compression_L3.jpg,0,0,1,1,1,1,2,1,1,
2126,image_0832_compression_L4.jpg,0,0,1,1,1,1,4,1,1,
2127,image_0833_compression_L2.jpg,0,0,1,1,1,1,2,1,1,
2128,image_0834_compression_L4.jpg,0,0,1,1,1,1,4,1,1,
2129,image_0840_compression_L1.jpg,0,1,1,1,1,1,1,1,1,
2130,image_0840_compression_L2.jpg,0,0,1,1,1,1,1,1,1,
2131,image_0842_compression_L1.jpg,0,1,1,1,1,1,1,1,1,
2132,image_0843_compression_L2.jpg,0,0,1,1,1,1,3,1,1,
2133,image_0849_compression_L1.jpg,0,1,1,1,1,1,1,1,1,
2134,image_0856_compression_L1.jpg,0,1,1,1,1,1,1,1,1,
2135,image_0856_compression_L4.jpg,0,0,1,1,1,1,4,1,1,
2136,image_0859_compression_L2.jpg,0,0,1,1,1,1,1,1,1,
2137,image_0859_compression_L3.jpg,0,0,1,1,1,1,3,1,1,
2138,image_0859_compression_L4.jpg,0,0,1,1,1,1,4,1,1,
2139,image_0864_compression_L3.jpg,0,0,1,1,1,1,2,1,1,
2140,image_0865_compression_L4.jpg,0,0,1,1,1,1,4,1,1,
2141,image_0866_compression_L2.jpg,0,0,1,1,1,1,2,1,1,
2142,image_0867_compression_L2.jpg,0,0,1,1,1,1,2,1,1,
2143,image_0870_compression_L3.jpg,0,0,1,1,1,1,3,1,1,
2144,image_0870_compression_L4.jpg,0,0,1,1,1,1,4,1,1,
2145,image_0874_compression_L4.jpg,0,0,1,1,1,1,4,1,1,
2146,image_0876_compression_L3.jpg,0,0,1,1,1,1,3,1,1,
2147,image_0882_compression_L3.jpg,0,0,1,1,1,1,3,1,1,
2148,image_0883_compression_L1.jpg,0,0,1,1,1,1,2,1,1,
2149,image_0883_compression_L2.jpg,0,0,1,1,1,1,3,1,1,
2150,image_0890_compression_L3.jpg,0,0,1,1,1,1,4,3,1,
2151,image_0897_compression_L2.jpg,0,0,1,1,1,1,1,1,1,
2152,image_0898_compression_L2.jpg,0,0,1,1,1,1,2,1,1,
2153,image_0903_compression_L1.jpg,0,1,1,1,1,1,1,1,1,
2154,image_0904_compression_L1.jpg,0,0,1,1,1,1,3,4,1,
2155,image_0911_compression_L3.jpg,1,0,1,1,1,1,2,1,1,
2156,image_0913_compression_L1.jpg,0,1,1,1,1,1,1,1,1,
2157,image_0920_compression_L1.jpg,1,1,1,1,1,1,1,1,1,
2158,image_0921_compression_L1.jpg,1,1,1,1,1,1,1,1,1,
2159,image_0924_compression_L2.jpg,1,0,1,1,1,1,2,1,1,
2160,image_0924_compression_L3.jpg,1,0,1,1,1,1,3,1,1,
2161,image_0925_compression_L2.jpg,1,0,1,1,1,1,3,2,1,
2162,image_0926_compression_L2.jpg,0,0,1,1,1,1,2,1,1,
2163,image_0926_compression_L3.jpg,0,0,1,1,1,1,3,1,1,
2164,image_0927_compression_L4.jpg,1,0,1,1,1,1,4,4,1,
2165,image_0932_compression_L2.jpg,0,0,1,1,1,1,2,1,1,
2166,image_0937_compression_L4.jpg,0,0,1,1,1,1,4,2,1,
2167,image_0940_compression_L3.jpg,1,0,1,1,1,1,3,2,1,
2168,image_0943_compression_L4.jpg,0,0,1,1,1,1,4,3,1,
2169,image_0945_compression_L4.jpg,0,0,1,1,1,1,4,3,1,
2170,image_0948_compression_L4.jpg,0,0,1,1,1,1,4,1,1,
2171,image_0949_compression_L3.jpg,0,0,1,1,1,1,3,1,1,
2172,image_0951_compression_L4.jpg,0,0,1,1,1,1,4,2,1,
2173,image_0955_compression_L1.jpg,0,1,1,1,1,1,2,1,1,
2174,image_0955_compression_L3.jpg,0,0,1,1,1,1,3,1,1,
2175,image_0955_compression_L4.jpg,0,0,1,1,1,1,4,3,1,
2176,image_0956_compression_L4.jpg,0,0,1,1,1,1,4,2,1,
2177,image_0957_compression_L2.jpg,0,0,1,1,1,1,2,1,1,
2178,image_0957_compression_L3.jpg,0,0,1,1,1,1,3,1,1,
2179,image_0959_compression_L1.jpg,0,1,1,1,1,1,1,1,1,
2180,image_0959_compression_L4.jpg,0,0,1,1,1,1,4,1,1,
2181,image_0962_compression_L4.jpg,0,0,1,1,1,1,4,1,1,
2182,image_0963_compression_L1.jpg,0,1,1,1,1,1,1,1,1,
2183,image_0965_compression_L2.jpg,1,0,1,1,1,1,2,1,1,
2184,image_0965_compression_L4.jpg,1,0,1,1,1,1,4,2,1,
2185,image_0966_compression_L3.jpg,0,0,1,1,1,1,3,1,1,
2186,image_0973_compression_L1.jpg,1,1,1,1,1,1,1,1,1,
2187,image_0976_compression_L4.jpg,0,0,1,1,1,1,4,1,1,
2188,image_0979_compression_L3.jpg,0,0,1,1,1,1,2,1,1,
2189,image_0983_compression_L4.jpg,0,0,1,1,1,1,4,1,1,
2190,image_0984_compression_L3.jpg,1,0,1,1,1,1,3,2,1,
2191,image_0990_compression_L1.jpg,1,0,1,1,1,1,1,1,1,
2192,image_0990_compression_L2.jpg,1,0,1,1,1,1,2,1,1,
2193,image_0002_contrast_L1.jpg,1,1,1,1,1,1,1,1,1,
2194,image_0007_contrast_L2.jpg,1,0,1,1,1,2,1,1,1,
2195,image_0008_contrast_L1.jpg,1,1,1,1,1,1,1,1,1,
2196,image_0013_contrast_L1.jpg,0,1,1,1,1,1,1,1,1,
2197,image_0013_contrast_L4.jpg,0,0,1,1,1,4,2,4,1,
2198,image_0020_contrast_L1.jpg,0,1,1,1,1,1,1,1,1,
2199,image_0024_contrast_L2.jpg,0,0,1,1,1,2,1,2,1,
2200,image_0026_contrast_L3.jpg,1,0,1,1,1,3,2,4,1,
2201,image_0029_contrast_L3.jpg,1,0,1,1,1,3,2,4,1,
2202,image_0030_contrast_L3.jpg,0,0,1,1,1,3,1,3,1,
2203,image_0031_contrast_L1.jpg,0,0,1,1,1,1,1,1,1,
2204,image_0035_contrast_L2.jpg,0,0,1,1,1,2,1,2,1,
2205,image_0036_contrast_L3.jpg,0,0,1,1,1,3,1,4,1,
2206,image_0037_contrast_L1.jpg,1,1,1,1,1,1,1,1,1,
2207,image_0038_contrast_L3.jpg,0,0,1,1,1,3,2,4,1,
2208,image_0039_contrast_L1.jpg,1,1,1,1,1,1,1,1,1,
2209,image_0039_contrast_L2.jpg,1,0,1,1,1,2,1,1,1,
2210,image_0040_contrast_L3.jpg,1,0,1,1,1,3,1,4,1,
2211,image_0041_contrast_L2.jpg,0,0,1,1,1,2,1,1,1,
2212,image_0041_contrast_L3.jpg,0,0,1,1,1,3,1,3,1,
2213,image_0042_contrast_L4.jpg,0,0,1,1,1,4,2,4,1,
2214,image_0044_contrast_L1.jpg,0,1,1,1,1,1,1,3,1,
2215,image_0045_contrast_L3.jpg,0,0,1,1,1,3,1,4,1,
2216,image_0050_contrast_L4.jpg,0,0,1,1,1,4,2,4,1,
2217,image_0051_contrast_L4.jpg,0,0,1,1,1,4,2,4,1,
2218,image_0056_contrast_L4.jpg,1,0,1,1,1,4,3,4,1,
2219,image_0057_contrast_L2.jpg,0,0,1,1,1,2,1,4,1,
2220,image_0066_contrast_L2.jpg,0,0,1,1,1,2,1,2,1,
2221,image_0066_contrast_L3.jpg,0,0,1,1,1,3,1,4,1,
2222,image_0066_contrast_L4.jpg,0,0,1,1,1,4,2,4,1,
2223,image_0067_contrast_L1.jpg,0,1,1,1,1,1,1,1,1,
2224,image_0067_contrast_L2.jpg,0,0,1,1,1,2,1,1,1,
2225,image_0073_contrast_L4.jpg,0,0,1,1,1,4,2,4,1,
2226,image_0075_contrast_L3.jpg,0,0,1,1,1,3,1,3,1,
2227,image_0079_contrast_L1.jpg,1,1,1,1,1,1,1,1,1,
2228,image_0088_contrast_L3.jpg,0,0,1,1,1,3,1,4,1,
2229,image_0089_contrast_L4.jpg,0,0,1,1,1,4,1,4,1,
2230,image_0091_contrast_L2.jpg,0,0,1,1,1,2,1,2,1,
2231,image_0091_contrast_L3.jpg,0,0,1,1,1,3,1,4,1,
2232,image_0093_contrast_L4.jpg,0,0,1,1,1,4,2,4,1,
2233,image_0095_contrast_L2.jpg,0,0,1,1,1,2,1,2,1,
2234,image_0096_contrast_L3.jpg,0,0,1,1,1,3,1,4,1,
2235,image_0098_contrast_L4.jpg,0,0,1,1,1,4,2,4,1,
2236,image_0101_contrast_L4.jpg,0,0,1,1,1,4,3,4,1,
2237,image_0104_contrast_L2.jpg,0,0,1,1,1,2,1,1,1,
2238,image_0105_contrast_L1.jpg,0,1,1,1,1,1,1,1,1,
2239,image_0107_contrast_L4.jpg,0,0,1,1,1,4,3,4,1,
2240,image_0109_contrast_L4.jpg,0,0,1,1,1,4,3,4,1,
2241,image_0113_contrast_L3.jpg,0,0,1,1,1,3,1,4,1,
2242,image_0113_contrast_L4.jpg,0,0,1,1,1,4,3,4,1,
2243,image_0115_contrast_L2.jpg,0,0,1,1,1,2,1,1,1,
2244,image_0118_contrast_L1.jpg,0,1,1,1,1,1,1,1,1,
2245,image_0119_contrast_L3.jpg,1,0,1,1,1,3,1,3,1,
2246,image_0125_contrast_L3.jpg,1,0,1,1,1,3,2,4,1,
2247,image_0131_contrast_L4.jpg,0,0,1,1,1,4,2,4,1,
2248,image_0134_contrast_L2.jpg,1,0,1,1,1,2,1,4,1,
2249,image_0134_contrast_L3.jpg,1,0,1,1,1,3,2,4,1,
2250,image_0136_contrast_L2.jpg,0,0,1,1,1,3,1,3,1,
2251,image_0138_contrast_L3.jpg,0,0,1,1,1,3,1,4,1,
2252,image_0144_contrast_L4.jpg,1,0,1,1,1,4,2,4,1,
2253,image_0146_contrast_L1.jpg,0,1,1,1,1,2,1,2,1,
2254,image_0146_contrast_L3.jpg,0,0,1,1,1,3,2,4,1,
2255,image_0151_contrast_L3.jpg,0,0,1,1,1,3,1,4,1,
2256,image_0154_contrast_L2.jpg,0,0,1,1,1,2,1,1,1,
2257,image_0155_contrast_L4.jpg,0,0,1,1,1,4,2,4,1,
2258,image_0156_contrast_L2.jpg,0,0,1,1,1,2,1,1,1,
2259,image_0161_contrast_L2.jpg,1,0,1,1,1,2,1,2,1,
2260,image_0163_contrast_L2.jpg,0,0,1,1,1,2,1,1,1,
2261,image_0163_contrast_L4.jpg,0,0,1,1,1,4,2,4,1,
2262,image_0165_contrast_L1.jpg,1,1,1,1,1,1,1,1,1,
2263,image_0165_contrast_L4.jpg,1,0,1,1,1,4,2,4,1,
2264,image_0166_contrast_L3.jpg,0,0,1,1,1,3,1,4,1,
2265,image_0174_contrast_L1.jpg,1,1,1,1,1,1,1,2,1,
2266,image_0174_contrast_L3.jpg,1,0,1,1,1,3,1,4,1,
2267,image_0175_contrast_L3.jpg,1,0,1,1,1,3,1,4,1,
2268,image_0178_contrast_L3.jpg,1,0,1,1,1,3,1,4,1,
2269,image_0180_contrast_L4.jpg,1,0,1,1,1,4,3,4,1,
2270,image_0181_contrast_L1.jpg,0,1,1,1,1,1,1,1,1,
2271,image_0185_contrast_L4.jpg,0,0,1,1,1,4,2,4,1,
2272,image_0190_contrast_L3.jpg,1,0,1,1,1,3,2,4,1,
2273,image_0192_contrast_L2.jpg,1,0,1,1,1,2,1,2,1,
2274,image_0192_contrast_L3.jpg,1,0,1,1,1,3,1,4,1,
2275,image_0194_contrast_L3.jpg,0,0,1,1,1,3,1,3,1,
2276,image_0196_contrast_L1.jpg,0,1,1,1,1,1,1,1,1,
2277,image_0197_contrast_L3.jpg,0,0,1,1,1,3,1,4,1,
2278,image_0198_contrast_L2.jpg,1,0,1,1,1,3,1,4,1,
2279,image_0204_contrast_L1.jpg,0,1,1,1,1,1,1,1,1,
2280,image_0204_contrast_L2.jpg,0,0,1,1,1,2,1,3,1,
2281,image_0206_contrast_L2.jpg,0,0,1,1,1,2,1,3,1,
2282,image_0206_contrast_L4.jpg,0,0,1,1,1,4,2,4,1,
2283,image_0210_contrast_L2.jpg,0,0,1,1,1,3,1,4,1,
2284,image_0213_contrast_L4.jpg,0,0,1,1,1,4,2,4,1,
2285,image_0218_contrast_L1.jpg,0,0,1,1,1,2,1,2,1,
2286,image_0218_contrast_L4.jpg,0,0,1,1,1,4,3,4,1,
2287,image_0219_contrast_L1.jpg,0,1,1,1,1,2,1,1,1,
2288,image_0220_contrast_L1.jpg,0,1,1,1,1,2,1,2,1,
2289,image_0220_contrast_L4.jpg,0,0,1,1,1,4,3,4,1,
2290,image_0223_contrast_L2.jpg,0,0,1,1,1,2,1,1,1,
2291,image_0223_contrast_L4.jpg,0,0,1,1,1,4,2,4,1,
2292,image_0224_contrast_L3.jpg,0,0,1,1,1,3,1,4,1,
2293,image_0225_contrast_L1.jpg,0,1,1,1,1,1,1,2,1,
2294,image_0229_contrast_L1.jpg,0,1,1,1,1,1,1,1,1,
2295,image_0232_contrast_L1.jpg,1,1,1,1,1,1,1,1,1,
2296,image_0234_contrast_L1.jpg,1,0,1,1,1,1,1,1,1,
2297,image_0241_contrast_L2.jpg,0,0,1,1,1,2,1,2,1,
2298,image_0246_contrast_L3.jpg,0,0,1,1,1,3,1,4,1,
2299,image_0249_contrast_L4.jpg,0,0,1,1,1,4,2,4,1,
2300,image_0259_contrast_L3.jpg,1,0,1,1,1,3,2,4,1,
2301,image_0262_contrast_L3.jpg,0,0,1,1,1,3,1,4,1,
2302,image_0263_contrast_L2.jpg,0,0,1,1,1,2,1,3,1,
2303,image_0265_contrast_L2.jpg,0,0,1,1,1,2,1,2,1,
2304,image_0271_contrast_L1.jpg,0,1,1,1,1,1,1,1,1,
2305,image_0272_contrast_L4.jpg,0,0,1,1,1,4,2,4,1,
2306,image_0273_contrast_L3.jpg,0,0,1,1,1,3,1,4,1,
2307,image_0275_contrast_L4.jpg,0,0,1,1,1,4,2,4,1,
2308,image_0276_contrast_L1.jpg,0,1,1,1,1,1,1,1,1,
2309,image_0280_contrast_L1.jpg,0,1,1,1,1,1,1,1,1,
2310,image_0281_contrast_L3.jpg,0,0,1,1,1,3,1,4,1,
2311,image_0284_contrast_L3.jpg,0,0,1,1,1,3,1,4,1,
2312,image_0285_contrast_L3.jpg,0,0,1,1,1,3,1,4,1,
2313,image_0287_contrast_L4.jpg,0,0,1,1,1,4,2,4,1,
2314,image_0288_contrast_L1.jpg,1,0,1,1,1,1,1,1,1,
2315,image_0288_contrast_L3.jpg,1,0,1,1,1,3,1,4,1,
2316,image_0291_contrast_L1.jpg,1,0,1,1,1,1,1,1,1,
2317,image_0293_contrast_L1.jpg,0,0,1,1,1,1,1,1,1,
2318,image_0294_contrast_L2.jpg,0,0,1,1,1,2,1,2,1,
2319,image_0294_contrast_L3.jpg,0,0,1,1,1,3,1,4,1,
2320,image_0298_contrast_L2.jpg,0,0,1,1,1,2,1,2,1,
2321,image_0298_contrast_L4.jpg,0,0,1,1,1,4,2,4,1,
2322,image_0300_contrast_L3.jpg,0,0,1,1,1,3,1,4,1,
2323,image_0301_contrast_L1.jpg,1,1,1,1,1,1,1,1,1,
2324,image_0301_contrast_L2.jpg,1,0,1,1,1,2,1,2,1,
2325,image_0302_contrast_L2.jpg,0,0,1,1,1,2,1,1,1,
2326,image_0305_contrast_L4.jpg,0,0,1,1,1,4,3,4,1,
2327,image_0309_contrast_L4.jpg,1,0,1,1,1,4,3,4,1,
2328,image_0317_contrast_L1.jpg,0,1,1,1,1,1,1,2,1,
2329,image_0321_contrast_L2.jpg,1,0,1,1,1,2,2,4,1,
2330,image_0322_contrast_L2.jpg,0,0,1,1,1,2,1,2,1,
2331,image_0328_contrast_L1.jpg,0,1,1,1,1,1,1,4,1,
2332,image_0333_contrast_L2.jpg,0,0,1,1,1,2,1,4,1,
2333,image_0333_contrast_L4.jpg,0,0,1,1,1,4,3,4,1,
2334,image_0336_contrast_L2.jpg,1,0,1,1,1,2,1,2,1,
2335,image_0338_contrast_L2.jpg,1,0,1,1,1,1,2,4,1,
2336,image_0338_contrast_L4.jpg,1,0,1,1,1,4,3,4,1,
2337,image_0340_contrast_L2.jpg,0,0,1,1,1,1,1,4,1,
2338,image_0342_contrast_L2.jpg,0,0,1,1,1,2,1,2,1,
2339,image_0347_contrast_L3.jpg,0,0,1,1,1,3,2,4,1,
2340,image_0351_contrast_L3.jpg,0,0,1,1,1,3,1,4,1,
2341,image_0356_contrast_L1.jpg,1,1,1,1,1,1,1,2,1,
2342,image_0359_contrast_L1.jpg,0,1,1,1,1,1,1,3,1,
2343,image_0362_contrast_L2.jpg,0,0,1,1,1,2,1,2,1,
2344,image_0366_contrast_L2.jpg,0,0,1,1,1,2,1,2,1,
2345,image_0367_contrast_L4.jpg,1,0,1,1,1,4,2,4,1,
2346,image_0368_contrast_L4.jpg,1,0,1,1,1,4,2,4,1,
2347,image_0372_contrast_L3.jpg,1,0,1,1,1,3,1,4,1,
2348,image_0373_contrast_L2.jpg,1,0,1,1,1,3,1,2,1,
2349,image_0380_contrast_L4.jpg,0,0,1,1,1,4,2,4,1,
2350,image_0387_contrast_L3.jpg,1,0,1,1,1,3,1,4,1,
2351,image_0388_contrast_L2.jpg,1,0,1,1,1,2,1,4,1,
2352,image_0390_contrast_L2.jpg,1,0,1,1,1,2,1,4,1,
2353,image_0397_contrast_L2.jpg,1,0,1,1,1,2,1,4,1,
2354,image_0400_contrast_L3.jpg,0,0,1,1,1,3,2,4,1,
2355,image_0410_contrast_L3.jpg,0,0,1,1,1,3,2,4,1,
2356,image_0411_contrast_L1.jpg,0,0,1,1,1,1,1,4,1,
2357,image_0412_contrast_L4.jpg,0,0,1,1,1,4,3,4,1,
2358,image_0413_contrast_L1.jpg,0,0,1,1,1,1,1,4,1,
2359,image_0414_contrast_L1.jpg,0,0,1,1,1,1,1,4,1,
2360,image_0414_contrast_L3.jpg,0,0,1,1,1,3,2,4,1,
2361,image_0414_contrast_L4.jpg,0,0,1,1,1,4,3,4,1,
2362,image_0415_contrast_L2.jpg,1,0,1,1,1,2,2,4,1,
2363,image_0415_contrast_L4.jpg,1,0,1,1,1,4,3,4,1,
2364,image_0417_contrast_L3.jpg,1,0,1,1,1,3,3,4,1,
2365,image_0417_contrast_L4.jpg,1,0,2,1,1,4,3,4,1,
2366,image_0425_contrast_L2.jpg,0,0,1,1,1,3,2,4,1,
2367,image_0430_contrast_L1.jpg,1,0,1,1,1,2,1,3,1,
2368,image_0430_contrast_L2.jpg,1,0,1,1,1,3,1,4,1,
2369,image_0430_contrast_L4.jpg,1,0,1,1,1,4,3,4,1,
2370,image_0434_contrast_L1.jpg,0,0,1,1,1,2,1,4,1,
2371,image_0440_contrast_L3.jpg,0,0,1,1,1,3,1,4,1,
2372,image_0444_contrast_L3.jpg,0,0,1,1,1,3,3,4,1,
2373,image_0449_contrast_L1.jpg,1,1,1,1,1,1,1,1,1,
2374,image_0449_contrast_L2.jpg,1,0,1,1,1,2,1,2,1,
2375,image_0454_contrast_L4.jpg,0,0,1,1,1,4,2,4,1,
2376,image_0458_contrast_L2.jpg,0,0,1,1,1,2,1,2,1,
2377,image_0459_contrast_L2.jpg,0,0,1,1,1,2,1,1,1,
2378,image_0462_contrast_L1.jpg,0,1,1,1,1,1,1,1,1,
2379,image_0464_contrast_L4.jpg,0,0,1,1,1,4,2,4,1,
2380,image_0468_contrast_L2.jpg,0,0,1,1,1,2,1,1,1,
2381,image_0474_contrast_L4.jpg,0,0,1,1,1,4,2,4,1,
2382,image_0481_contrast_L1.jpg,0,1,1,1,1,1,1,1,1,
2383,image_0483_contrast_L3.jpg,0,0,1,1,1,3,1,4,1,
2384,image_0485_contrast_L1.jpg,0,1,1,1,1,1,1,1,1,
2385,image_0487_contrast_L3.jpg,0,0,1,1,1,3,1,4,1,
2386,image_0487_contrast_L4.jpg,0,0,1,1,1,4,2,4,1,
2387,image_0488_contrast_L4.jpg,1,0,1,1,1,4,3,4,1,
2388,image_0491_contrast_L2.jpg,1,0,1,1,1,2,1,4,1,
2389,image_0497_contrast_L2.jpg,0,0,1,1,1,2,1,3,1,
2390,image_0504_contrast_L4.jpg,0,0,1,1,1,4,2,4,1,
2391,image_0506_contrast_L2.jpg,0,0,1,1,1,3,1,4,1,
2392,image_0510_contrast_L2.jpg,0,0,1,1,1,2,1,3,1,
2393,image_0513_contrast_L3.jpg,1,0,1,1,1,3,2,4,1,
2394,image_0517_contrast_L2.jpg,1,0,1,1,1,1,2,4,1,
2395,image_0522_contrast_L4.jpg,0,0,1,1,1,4,3,4,1,
2396,image_0524_contrast_L3.jpg,0,0,1,1,1,3,2,4,1,
2397,image_0526_contrast_L1.jpg,0,1,1,1,1,1,1,3,1,
2398,image_0527_contrast_L4.jpg,0,0,1,1,1,4,3,4,1,
2399,image_0529_contrast_L4.jpg,0,0,1,1,1,4,3,4,1,
2400,image_0532_contrast_L2.jpg,1,0,1,1,1,2,2,4,1,
2401,image_0536_contrast_L1.jpg,0,0,1,1,1,1,2,4,1,
2402,image_0538_contrast_L4.jpg,0,0,2,1,1,4,4,4,1,
2403,image_0539_contrast_L3.jpg,0,0,1,1,1,3,3,4,1,
2404,image_0543_contrast_L2.jpg,0,0,1,1,1,1,2,4,1,
2405,image_0543_contrast_L4.jpg,0,0,2,1,1,4,3,4,1,
2406,image_0544_contrast_L4.jpg,0,0,2,1,1,4,3,4,1,
2407,image_0545_contrast_L3.jpg,0,0,1,1,1,3,3,4,1,
2408,image_0547_contrast_L4.jpg,0,0,1,1,1,4,3,4,1,
2409,image_0548_contrast_L1.jpg,0,1,1,1,1,1,1,4,1,
2410,image_0554_contrast_L1.jpg,1,0,1,1,1,2,1,4,1,
2411,image_0555_contrast_L3.jpg,1,0,1,1,1,3,3,4,1,
2412,image_0557_contrast_L2.jpg,1,0,1,1,1,3,4,4,1,
2413,image_0563_contrast_L2.jpg,0,0,1,1,1,2,1,2,1,
2414,image_0567_contrast_L3.jpg,1,0,1,1,1,3,2,4,1,
2415,image_0569_contrast_L3.jpg,0,0,1,1,1,3,2,4,1,
2416,image_0574_contrast_L4.jpg,0,0,1,1,1,4,3,4,1,
2417,image_0580_contrast_L2.jpg,0,0,1,1,1,3,1,2,1,
2418,image_0588_contrast_L1.jpg,0,0,1,1,1,2,1,2,1,
2419,image_0588_contrast_L4.jpg,0,0,1,1,1,4,3,4,1,
2420,image_0591_contrast_L2.jpg,0,0,1,1,1,3,1,2,1,
2421,image_0591_contrast_L3.jpg,0,0,1,1,1,3,1,4,1,
2422,image_0596_contrast_L3.jpg,0,0,1,1,1,3,1,4,1,
2423,image_0597_contrast_L1.jpg,0,0,1,1,1,1,1,1,1,
2424,image_0606_contrast_L2.jpg,0,0,1,1,1,2,1,2,1,
2425,image_0607_contrast_L4.jpg,0,0,1,1,1,4,3,4,1,
2426,image_0608_contrast_L3.jpg,0,0,1,1,1,3,2,4,1,
2427,image_0613_contrast_L3.jpg,0,0,1,1,1,3,2,4,1,
2428,image_0615_contrast_L2.jpg,1,0,1,1,1,2,1,2,1,
2429,image_0617_contrast_L2.jpg,1,0,1,1,1,2,1,3,1,
2430,image_0617_contrast_L4.jpg,1,0,1,1,1,4,3,4,1,
2431,image_0618_contrast_L4.jpg,0,0,1,1,1,4,2,4,1,
2432,image_0619_contrast_L3.jpg,0,0,1,1,1,3,1,4,1,
2433,image_0623_contrast_L2.jpg,0,0,1,1,1,2,1,3,1,
2434,image_0626_contrast_L1.jpg,0,1,1,1,1,1,1,1,1,
2435,image_0626_contrast_L3.jpg,0,0,1,1,1,3,1,4,1,
2436,image_0633_contrast_L4.jpg,0,0,1,1,1,4,3,4,1,
2437,image_0634_contrast_L1.jpg,1,1,1,1,1,1,1,1,1,
2438,image_0634_contrast_L3.jpg,1,0,1,1,1,3,1,4,1,
2439,image_0640_contrast_L4.jpg,0,0,1,1,1,4,3,4,1,
2440,image_0641_contrast_L4.jpg,1,0,1,1,1,4,3,4,1,
2441,image_0642_contrast_L1.jpg,1,1,1,1,1,1,1,1,1,
2442,image_0646_contrast_L1.jpg,1,1,1,1,1,1,1,2,1,
2443,image_0649_contrast_L1.jpg,0,1,1,1,1,1,1,2,1,
2444,image_0652_contrast_L4.jpg,0,0,1,1,1,4,3,4,1,
2445,image_0654_contrast_L4.jpg,1,0,1,1,1,4,3,4,1,
2446,image_0655_contrast_L2.jpg,0,0,1,1,1,2,1,2,1,
2447,image_0656_contrast_L2.jpg,0,0,1,1,1,2,1,2,1,
2448,image_0657_contrast_L4.jpg,0,0,1,1,1,4,2,4,1,
2449,image_0659_contrast_L2.jpg,0,0,1,1,1,2,1,3,1,
2450,image_0661_contrast_L1.jpg,0,1,1,1,1,1,1,2,1,
2451,image_0661_contrast_L2.jpg,0,0,1,1,1,2,1,4,1,
2452,image_0663_contrast_L2.jpg,0,0,1,1,1,2,1,4,1,
2453,image_0663_contrast_L3.jpg,0,0,1,1,1,3,2,4,1,
2454,image_0663_contrast_L4.jpg,0,0,1,1,1,4,3,4,1,
2455,image_0666_contrast_L2.jpg,0,0,1,1,1,2,1,2,1,
2456,image_0669_contrast_L1.jpg,0,1,1,1,1,2,1,1,1,
2457,image_0671_contrast_L1.jpg,0,0,1,1,1,2,1,4,1,
2458,image_0672_contrast_L1.jpg,0,1,1,1,1,2,1,1,1,
2459,image_0672_contrast_L3.jpg,0,0,1,1,1,3,2,4,1,
2460,image_0676_contrast_L4.jpg,0,0,1,1,1,4,2,4,1,
2461,image_0677_contrast_L1.jpg,0,1,1,1,1,1,1,1,1,
2462,image_0680_contrast_L2.jpg,0,0,1,1,1,1,1,3,1,
2463,image_0681_contrast_L2.jpg,0,0,1,1,1,2,1,4,1,
2464,image_0683_contrast_L2.jpg,0,0,1,1,1,3,1,2,1,
2465,image_0685_contrast_L4.jpg,0,0,1,1,1,4,2,4,1,
2466,image_0686_contrast_L2.jpg,0,0,1,1,1,2,1,1,1,
2467,image_0687_contrast_L3.jpg,0,0,1,1,1,3,2,4,1,
2468,image_0690_contrast_L4.jpg,1,0,1,1,1,4,3,4,1,
2469,image_0692_contrast_L1.jpg,0,1,1,1,1,1,1,2,1,
2470,image_0693_contrast_L3.jpg,0,0,1,1,1,3,1,4,1,
2471,image_0693_contrast_L4.jpg,0,0,1,1,1,4,2,4,1,
2472,image_0696_contrast_L3.jpg,0,0,1,1,1,3,1,4,1,
2473,image_0699_contrast_L4.jpg,0,0,1,1,1,4,2,4,1,
2474,image_0707_contrast_L3.jpg,0,0,1,1,1,3,1,4,1,
2475,image_0715_contrast_L1.jpg,1,1,1,1,1,1,1,3,1,
2476,image_0716_contrast_L3.jpg,0,0,1,1,1,3,1,4,1,
2477,image_0717_contrast_L1.jpg,0,1,1,1,1,2,1,3,1,
2478,image_0717_contrast_L3.jpg,0,0,1,1,1,3,2,4,1,
2479,image_0721_contrast_L3.jpg,0,0,1,1,1,3,1,4,1,
2480,image_0723_contrast_L1.jpg,0,1,1,1,1,1,1,1,1,
2481,image_0726_contrast_L1.jpg,0,1,1,1,1,1,1,1,1,
2482,image_0727_contrast_L4.jpg,0,0,1,1,1,4,2,4,1,
2483,image_0730_contrast_L2.jpg,0,0,1,1,1,2,1,1,1,
2484,image_0730_contrast_L3.jpg,0,0,1,1,1,3,1,3,1,
2485,image_0732_contrast_L2.jpg,0,0,1,1,1,2,1,2,1,
2486,image_0732_contrast_L3.jpg,0,0,1,1,1,3,1,4,1,
2487,image_0733_contrast_L4.jpg,0,0,1,1,1,4,2,4,1,
2488,image_0734_contrast_L2.jpg,0,0,1,1,1,2,1,3,1,
2489,image_0736_contrast_L1.jpg,0,1,1,1,1,1,1,1,1,
2490,image_0736_contrast_L3.jpg,0,0,1,1,1,3,1,4,1,
2491,image_0740_contrast_L2.jpg,0,0,1,1,1,2,1,4,1,
2492,image_0744_contrast_L4.jpg,0,0,1,1,1,3,4,4,1,
2493,image_0745_contrast_L2.jpg,0,0,1,1,1,2,1,4,1,
2494,image_0745_contrast_L3.jpg,0,0,1,1,1,3,2,4,1,
2495,image_0745_contrast_L4.jpg,0,0,1,1,1,4,3,4,1,
2496,image_0749_contrast_L4.jpg,0,0,1,1,1,4,2,4,1,
2497,image_0752_contrast_L3.jpg,0,0,1,1,1,3,2,4,1,
2498,image_0754_contrast_L4.jpg,0,0,1,1,1,4,3,4,1,
2499,image_0761_contrast_L4.jpg,0,0,1,1,1,4,3,4,1,
2500,image_0763_contrast_L4.jpg,0,0,1,1,1,4,2,4,1,
2501,image_0767_contrast_L3.jpg,0,0,1,1,1,3,1,4,1,
2502,image_0772_contrast_L3.jpg,0,0,1,1,1,3,1,4,1,
2503,image_0774_contrast_L2.jpg,0,0,1,1,1,2,1,1,1,
2504,image_0781_contrast_L2.jpg,0,0,1,1,1,2,1,2,1,
2505,image_0784_contrast_L2.jpg,1,0,1,1,1,3,1,4,1,
2506,image_0785_contrast_L1.jpg,0,1,1,1,1,1,1,2,1,
2507,image_0786_contrast_L2.jpg,0,0,1,1,1,2,1,2,1,
2508,image_0786_contrast_L4.jpg,0,0,1,1,1,4,2,4,1,
2509,image_0788_contrast_L3.jpg,0,0,1,1,1,3,1,4,1,
2510,image_0794_contrast_L3.jpg,0,0,1,1,1,3,1,4,1,
2511,image_0797_contrast_L3.jpg,0,0,1,1,1,3,2,4,1,
2512,image_0800_contrast_L1.jpg,0,1,1,1,1,1,1,3,1,
2513,image_0800_contrast_L4.jpg,0,0,1,1,1,4,3,4,1,
2514,image_0801_contrast_L2.jpg,0,0,1,1,1,2,1,4,1,
2515,image_0803_contrast_L3.jpg,0,0,1,1,1,3,1,4,1,
2516,image_0808_contrast_L2.jpg,0,0,1,1,1,2,1,4,1,
2517,image_0810_contrast_L4.jpg,0,0,1,1,1,4,3,4,1,
2518,image_0815_contrast_L1.jpg,0,1,1,1,1,1,1,1,1,
2519,image_0817_contrast_L1.jpg,0,1,1,1,1,1,1,1,1,
2520,image_0818_contrast_L1.jpg,0,1,1,1,1,1,1,1,1,
2521,image_0820_contrast_L2.jpg,0,0,1,1,1,2,1,4,1,
2522,image_0822_contrast_L3.jpg,0,0,1,1,1,3,1,4,1,
2523,image_0824_contrast_L1.jpg,0,1,1,1,1,1,1,1,1,
2524,image_0827_contrast_L2.jpg,0,0,1,1,1,2,1,2,1,
2525,image_0828_contrast_L1.jpg,0,1,1,1,1,1,1,1,1,
2526,image_0834_contrast_L1.jpg,0,1,1,1,1,1,1,1,1,
2527,image_0835_contrast_L2.jpg,0,0,1,1,1,2,1,3,1,
2528,image_0836_contrast_L2.jpg,0,0,1,1,1,2,1,2,1,
2529,image_0839_contrast_L4.jpg,0,0,1,1,1,4,3,4,1,
2530,image_0840_contrast_L2.jpg,0,0,1,1,1,2,1,1,1,
2531,image_0840_contrast_L3.jpg,0,0,1,1,1,3,1,4,1,
2532,image_0844_contrast_L3.jpg,0,0,1,1,1,3,2,4,1,
2533,image_0846_contrast_L4.jpg,0,0,1,1,1,4,2,4,1,
2534,image_0847_contrast_L1.jpg,0,1,1,1,1,1,1,1,1,
2535,image_0848_contrast_L4.jpg,0,0,1,1,1,4,2,4,1,
2536,image_0849_contrast_L1.jpg,0,1,1,1,1,1,1,1,1,
2537,image_0854_contrast_L1.jpg,0,1,1,1,1,1,1,1,1,
2538,image_0856_contrast_L3.jpg,0,0,1,1,1,3,1,4,1,
2539,image_0858_contrast_L1.jpg,0,1,1,1,1,1,1,1,1,
2540,image_0861_contrast_L1.jpg,0,1,1,1,1,1,1,1,1,
2541,image_0866_contrast_L2.jpg,0,0,1,1,1,2,1,3,1,
2542,image_0868_contrast_L4.jpg,0,0,1,1,1,4,3,4,1,
2543,image_0870_contrast_L4.jpg,0,0,1,1,1,4,2,4,1,
2544,image_0871_contrast_L4.jpg,0,0,1,1,1,4,3,4,1,
2545,image_0872_contrast_L1.jpg,0,1,1,1,1,1,1,1,1,
2546,image_0878_contrast_L3.jpg,0,0,1,1,1,3,1,4,1,
2547,image_0880_contrast_L2.jpg,0,0,1,1,1,2,1,2,1,
2548,image_0881_contrast_L1.jpg,0,1,1,1,1,1,1,1,1,
2549,image_0881_contrast_L4.jpg,0,0,1,1,1,4,2,4,1,
2550,image_0882_contrast_L1.jpg,0,1,1,1,1,1,1,1,1,
2551,image_0885_contrast_L1.jpg,0,1,1,1,1,1,1,1,1,
2552,image_0886_contrast_L1.jpg,0,1,1,1,1,1,1,2,1,
2553,image_0891_contrast_L1.jpg,0,1,1,1,1,2,1,2,1,
2554,image_0891_contrast_L4.jpg,0,0,1,1,1,4,3,4,1,
2555,image_0894_contrast_L2.jpg,0,0,1,1,1,2,1,3,1,
2556,image_0899_contrast_L1.jpg,0,1,1,1,1,1,1,2,1,
2557,image_0900_contrast_L2.jpg,0,0,1,1,1,2,1,2,1,
2558,image_0901_contrast_L4.jpg,0,0,1,1,1,4,2,4,1,
2559,image_0903_contrast_L3.jpg,0,0,1,1,1,3,1,4,1,
2560,image_0905_contrast_L1.jpg,0,1,1,1,1,1,1,1,1,
2561,image_0906_contrast_L3.jpg,0,0,1,1,1,3,1,3,1,
2562,image_0918_contrast_L1.jpg,0,0,1,1,1,1,1,1,1,
2563,image_0921_contrast_L4.jpg,1,0,1,1,1,4,2,4,1,
2564,image_0922_contrast_L4.jpg,0,0,1,1,1,4,2,4,1,
2565,image_0925_contrast_L1.jpg,1,1,1,1,1,1,1,3,1,
2566,image_0930_contrast_L1.jpg,0,1,1,1,1,1,1,2,1,
2567,image_0933_contrast_L1.jpg,0,1,1,1,1,1,1,4,1,
2568,image_0937_contrast_L3.jpg,0,0,1,1,1,3,1,4,1,
2569,image_0937_contrast_L4.jpg,0,0,1,1,1,4,2,4,1,
2570,image_0941_contrast_L1.jpg,0,1,1,1,1,1,1,1,1,
2571,image_0942_contrast_L3.jpg,0,0,1,1,1,3,1,4,1,
2572,image_0943_contrast_L1.jpg,0,1,1,1,1,1,1,1,1,
2573,image_0943_contrast_L3.jpg,0,0,1,1,1,3,1,4,1,
2574,image_0945_contrast_L3.jpg,0,0,1,1,1,3,2,4,1,
2575,image_0952_contrast_L1.jpg,0,1,1,1,1,1,1,1,1,
2576,image_0953_contrast_L1.jpg,0,1,1,1,1,1,1,2,1,
2577,image_0953_contrast_L2.jpg,0,0,1,1,1,2,1,3,1,
2578,image_0955_contrast_L1.jpg,0,1,1,1,1,1,1,2,1,
2579,image_0957_contrast_L3.jpg,0,0,1,1,1,3,1,4,1,
2580,image_0959_contrast_L3.jpg,0,0,1,1,1,3,1,4,1,
2581,image_0963_contrast_L1.jpg,0,1,1,1,1,1,1,1,1,
2582,image_0967_contrast_L3.jpg,1,0,1,1,1,3,1,4,1,
2583,image_0967_contrast_L4.jpg,1,0,1,1,1,4,2,4,1,
2584,image_0968_contrast_L1.jpg,0,1,1,1,1,1,1,1,1,
2585,image_0971_contrast_L1.jpg,0,1,1,1,1,1,1,1,1,
2586,image_0971_contrast_L4.jpg,0,0,1,1,1,4,2,4,1,
2587,image_0972_contrast_L2.jpg,1,0,1,1,1,2,1,1,1,
2588,image_0975_contrast_L2.jpg,0,0,1,1,1,2,1,2,1,
2589,image_0978_contrast_L3.jpg,0,0,1,1,1,3,1,3,1,
2590,image_0980_contrast_L4.jpg,0,0,1,1,1,4,2,4,1,
2591,image_0984_contrast_L2.jpg,1,0,1,1,1,2,1,4,1,
2592,image_0984_contrast_L4.jpg,1,0,1,1,1,4,3,4,1,
2593,image_0001_exposure_L3.jpg,1,0,1,2,1,2,1,2,3,
2594,image_0002_exposure_L2.jpg,1,0,1,2,1,1,1,1,3,
2595,image_0003_exposure_L1.jpg,1,1,1,2,1,1,1,1,1,
2596,image_0003_exposure_L4.jpg,1,0,1,2,1,3,1,4,4,
2597,image_0008_exposure_L2.jpg,1,0,1,2,1,1,1,1,2,
2598,image_0011_exposure_L4.jpg,0,0,1,2,1,3,1,4,4,
2599,image_0014_exposure_L2.jpg,1,0,1,2,1,1,1,1,2,
2600,image_0023_exposure_L4.jpg,0,0,1,2,1,3,1,4,4,
2601,image_0026_exposure_L3.jpg,1,0,1,2,1,2,1,2,3,
2602,image_0027_exposure_L1.jpg,0,1,1,1,1,1,1,1,1,
2603,image_0030_exposure_L4.jpg,0,0,1,2,1,3,1,4,4,
2604,image_0033_exposure_L1.jpg,0,1,1,1,1,1,1,1,1,
2605,image_0033_exposure_L4.jpg,0,0,1,2,1,3,1,4,4,
2606,image_0035_exposure_L3.jpg,0,0,1,2,1,2,1,1,3,
2607,image_0036_exposure_L4.jpg,0,0,1,2,1,3,1,4,4,
2608,image_0038_exposure_L1.jpg,0,1,1,1,1,1,1,1,1,
2609,image_0041_exposure_L4.jpg,0,0,1,2,1,3,1,4,4,
2610,image_0043_exposure_L4.jpg,0,0,1,2,1,3,1,4,4,
2611,image_0048_exposure_L1.jpg,0,1,1,2,1,1,1,1,1,
2612,image_0050_exposure_L1.jpg,0,1,1,2,1,1,1,1,1,
2613,image_0057_exposure_L3.jpg,0,0,1,2,1,2,1,3,3,
2614,image_0059_exposure_L1.jpg,0,1,1,1,1,1,1,1,1,
2615,image_0059_exposure_L4.jpg,0,0,1,2,1,3,1,4,4,
2616,image_0060_exposure_L1.jpg,0,0,1,1,1,1,1,1,1,
2617,image_0065_exposure_L1.jpg,0,1,1,2,1,1,1,1,1,
2618,image_0068_exposure_L2.jpg,1,0,1,2,1,1,1,1,2,
2619,image_0070_exposure_L3.jpg,0,0,1,2,1,3,1,4,4,
2620,image_0071_exposure_L2.jpg,0,0,1,2,1,1,1,1,3,
2621,image_0074_exposure_L3.jpg,0,0,1,2,1,2,1,2,3,
2622,image_0074_exposure_L4.jpg,0,0,1,2,1,3,2,4,4,
2623,image_0080_exposure_L4.jpg,0,0,1,2,1,3,1,4,4,
2624,image_0081_exposure_L4.jpg,0,0,1,2,1,3,1,4,4,
2625,image_0083_exposure_L3.jpg,0,0,1,2,1,2,1,2,3,
2626,image_0085_exposure_L1.jpg,0,1,1,2,1,1,1,1,1,
2627,image_0089_exposure_L4.jpg,0,0,1,2,1,3,1,4,4,
2628,image_0090_exposure_L1.jpg,0,1,1,2,1,1,1,1,1,
2629,image_0090_exposure_L3.jpg,0,0,1,2,1,2,1,2,3,
2630,image_0093_exposure_L3.jpg,0,0,1,2,1,2,1,2,3,
2631,image_0100_exposure_L1.jpg,0,1,1,2,1,1,1,1,1,
2632,image_0103_exposure_L1.jpg,0,0,1,1,1,1,1,1,1,
2633,image_0103_exposure_L2.jpg,0,0,1,2,1,1,1,2,2,
2634,image_0109_exposure_L4.jpg,0,0,1,2,1,3,1,4,4,
2635,image_0113_exposure_L1.jpg,0,1,1,1,1,1,1,1,1,
2636,image_0114_exposure_L1.jpg,0,1,1,2,1,1,1,1,1,
2637,image_0114_exposure_L2.jpg,0,0,1,2,1,1,1,1,2,
2638,image_0121_exposure_L3.jpg,0,0,1,2,1,2,1,2,3,
2639,image_0122_exposure_L1.jpg,1,1,1,2,1,1,1,1,1,
2640,image_0124_exposure_L2.jpg,1,0,1,2,1,1,1,1,2,
2641,image_0127_exposure_L2.jpg,0,0,1,2,1,1,1,1,1,
2642,image_0129_exposure_L3.jpg,0,0,1,2,1,2,1,4,3,
2643,image_0129_exposure_L4.jpg,0,0,1,2,1,3,2,4,4,
2644,image_0132_exposure_L1.jpg,1,1,1,2,2,1,1,1,1,
2645,image_0134_exposure_L3.jpg,1,0,1,2,1,2,1,2,2,
2646,image_0136_exposure_L2.jpg,0,0,1,2,1,1,1,2,2,
2647,image_0138_exposure_L4.jpg,0,0,1,2,1,4,2,4,4,
2648,image_0139_exposure_L3.jpg,1,0,1,2,1,2,1,2,3,
2649,image_0142_exposure_L3.jpg,1,0,1,2,1,2,1,4,4,
2650,image_0143_exposure_L3.jpg,1,0,1,2,1,2,1,3,4,
2651,image_0144_exposure_L1.jpg,1,1,1,2,2,1,1,1,1,
2652,image_0144_exposure_L2.jpg,1,0,1,2,1,1,1,1,3,
2653,image_0146_exposure_L1.jpg,0,1,1,2,1,1,1,1,1,
2654,image_0147_exposure_L1.jpg,0,1,1,2,1,1,1,1,1,
2655,image_0147_exposure_L2.jpg,0,0,1,2,1,1,1,1,3,
2656,image_0151_exposure_L1.jpg,0,1,1,2,1,1,1,1,1,
2657,image_0153_exposure_L3.jpg,0,0,1,2,1,2,1,2,3,
2658,image_0154_exposure_L2.jpg,0,0,1,2,1,1,1,1,3,
2659,image_0156_exposure_L3.jpg,0,0,1,2,1,3,1,4,4,
2660,image_0157_exposure_L1.jpg,0,1,1,2,1,1,1,1,1,
2661,image_0166_exposure_L4.jpg,0,0,1,2,1,3,2,4,4,
2662,image_0168_exposure_L1.jpg,1,0,1,1,1,1,1,1,1,
2663,image_0170_exposure_L2.jpg,1,0,1,2,1,1,1,1,2,
2664,image_0172_exposure_L2.jpg,1,0,1,2,1,1,1,1,2,
2665,image_0172_exposure_L4.jpg,1,0,1,2,1,3,1,4,4,
2666,image_0174_exposure_L2.jpg,1,0,1,2,1,1,1,2,2,
2667,image_0175_exposure_L2.jpg,1,0,1,2,1,1,1,1,3,
2668,image_0183_exposure_L4.jpg,1,0,1,2,1,3,1,4,4,
2669,image_0185_exposure_L3.jpg,0,0,1,2,1,2,1,3,4,
2670,image_0192_exposure_L2.jpg,1,0,1,2,1,1,1,1,2,
2671,image_0194_exposure_L4.jpg,0,0,1,2,1,3,1,4,4,
2672,image_0195_exposure_L3.jpg,0,0,1,2,1,2,1,2,3,
2673,image_0208_exposure_L3.jpg,0,0,1,2,1,2,1,2,4,
2674,image_0208_exposure_L4.jpg,0,0,1,2,1,3,1,4,4,
2675,image_0211_exposure_L1.jpg,0,1,1,2,1,1,1,1,1,
2676,image_0215_exposure_L4.jpg,0,0,1,2,1,4,4,4,4,
2677,image_0216_exposure_L1.jpg,0,1,1,2,1,1,1,1,1,
2678,image_0216_exposure_L3.jpg,0,0,1,2,1,3,1,4,4,
2679,image_0218_exposure_L2.jpg,0,0,1,2,1,2,1,2,3,
2680,image_0225_exposure_L3.jpg,0,0,1,2,1,3,1,4,3,
2681,image_0226_exposure_L4.jpg,0,0,1,2,1,4,3,4,4,
2682,image_0228_exposure_L4.jpg,0,0,1,2,1,4,2,4,4,
2683,image_0230_exposure_L4.jpg,1,0,1,2,1,3,2,4,4,
2684,image_0235_exposure_L1.jpg,1,0,1,1,1,1,1,1,1,
2685,image_0239_exposure_L3.jpg,1,0,1,2,1,2,1,1,3,
2686,image_0242_exposure_L3.jpg,0,0,1,2,1,2,1,2,2,
2687,image_0243_exposure_L4.jpg,0,0,1,2,1,3,1,4,4,
2688,image_0244_exposure_L3.jpg,0,0,1,2,1,2,1,1,3,
2689,image_0244_exposure_L4.jpg,0,0,1,2,1,3,1,4,4,
2690,image_0248_exposure_L3.jpg,1,0,1,2,1,2,1,2,3,
2691,image_0248_exposure_L4.jpg,1,0,1,2,1,3,1,4,4,
2692,image_0249_exposure_L1.jpg,0,1,1,2,1,1,1,1,1,
2693,image_0249_exposure_L4.jpg,0,0,1,2,1,3,2,4,4,
2694,image_0252_exposure_L2.jpg,1,0,1,2,1,1,1,1,1,
2695,image_0255_exposure_L1.jpg,1,1,1,1,1,1,1,1,1,
2696,image_0256_exposure_L4.jpg,0,0,1,2,1,3,1,4,4,
2697,image_0257_exposure_L1.jpg,1,0,1,1,1,1,1,1,1,
2698,image_0259_exposure_L1.jpg,1,1,1,1,1,1,1,1,1,
2699,image_0259_exposure_L4.jpg,1,0,1,2,1,3,1,4,3,
2700,image_0262_exposure_L4.jpg,0,0,1,2,1,3,1,4,4,
2701,image_0266_exposure_L4.jpg,1,0,1,2,1,3,1,4,4,
2702,image_0267_exposure_L1.jpg,1,1,1,1,1,1,1,1,1,
2703,image_0268_exposure_L4.jpg,1,0,1,2,1,3,1,4,4,
2704,image_0274_exposure_L1.jpg,0,1,1,1,1,1,1,1,1,
2705,image_0278_exposure_L2.jpg,0,0,1,2,1,1,1,1,1,
2706,image_0280_exposure_L2.jpg,0,0,1,2,1,1,1,1,1,
2707,image_0283_exposure_L2.jpg,0,0,1,2,1,1,1,1,1,
2708,image_0286_exposure_L4.jpg,0,0,1,2,1,3,3,4,4,
2709,image_0289_exposure_L4.jpg,0,0,1,2,1,3,1,4,4,
2710,image_0293_exposure_L3.jpg,0,0,1,2,1,1,1,2,2,
2711,image_0294_exposure_L3.jpg,0,0,1,2,1,1,1,1,2,
2712,image_0295_exposure_L1.jpg,0,0,1,1,1,1,1,1,1,
2713,image_0295_exposure_L3.jpg,0,0,1,2,1,1,1,1,2,
2714,image_0303_exposure_L3.jpg,1,0,1,2,1,1,1,2,3,
2715,image_0305_exposure_L2.jpg,0,0,1,2,1,1,1,1,1,
2716,image_0311_exposure_L3.jpg,0,0,1,2,1,1,1,3,3,
2717,image_0312_exposure_L2.jpg,1,0,1,2,1,1,1,4,3,
2718,image_0315_exposure_L1.jpg,1,1,1,1,1,1,1,1,1,
2719,image_0315_exposure_L2.jpg,1,0,1,2,1,1,1,1,2,
2720,image_0315_exposure_L3.jpg,1,0,1,2,1,1,1,3,3,
2721,image_0316_exposure_L2.jpg,0,0,1,2,1,1,1,1,2,
2722,image_0319_exposure_L1.jpg,0,1,1,1,1,1,1,1,1,
2723,image_0323_exposure_L2.jpg,0,0,1,2,1,1,1,1,2,
2724,image_0324_exposure_L3.jpg,0,0,1,2,1,2,1,2,3,
2725,image_0325_exposure_L4.jpg,0,0,1,2,1,3,1,4,4,
2726,image_0340_exposure_L2.jpg,0,0,1,2,1,1,1,1,2,
2727,image_0343_exposure_L2.jpg,0,0,1,2,1,1,1,1,2,
2728,image_0344_exposure_L1.jpg,0,1,1,1,1,1,1,1,1,
2729,image_0344_exposure_L2.jpg,0,0,1,2,1,1,1,2,2,
2730,image_0345_exposure_L2.jpg,0,0,1,2,1,1,1,2,2,
2731,image_0346_exposure_L4.jpg,0,0,1,2,1,2,1,4,3,
2732,image_0347_exposure_L4.jpg,0,0,1,2,1,2,2,4,3,
2733,image_0355_exposure_L1.jpg,0,1,1,1,1,1,1,1,1,
2734,image_0356_exposure_L1.jpg,1,1,1,1,1,1,1,1,1,
2735,image_0358_exposure_L3.jpg,0,0,1,2,1,1,1,4,3,
2736,image_0358_exposure_L4.jpg,0,0,1,2,1,2,1,4,3,
2737,image_0366_exposure_L2.jpg,0,0,1,2,1,1,1,1,2,
2738,image_0366_exposure_L4.jpg,0,0,1,2,1,3,1,4,4,
2739,image_0367_exposure_L2.jpg,1,0,1,2,1,1,1,1,2,
2740,image_0368_exposure_L2.jpg,1,0,1,2,1,1,1,1,2,
2741,image_0375_exposure_L1.jpg,0,1,1,1,1,1,1,1,1,
2742,image_0375_exposure_L4.jpg,0,0,1,2,1,3,1,4,3,
2743,image_0379_exposure_L1.jpg,0,1,1,2,1,1,1,1,1,
2744,image_0380_exposure_L2.jpg,0,0,1,2,1,1,1,1,2,
2745,image_0381_exposure_L1.jpg,0,1,1,1,1,1,1,1,1,
2746,image_0385_exposure_L4.jpg,1,0,1,2,1,3,2,4,4,
2747,image_0388_exposure_L3.jpg,1,0,1,2,1,3,1,4,3,
2748,image_0391_exposure_L3.jpg,1,0,1,2,1,3,1,4,3,
2749,image_0400_exposure_L3.jpg,0,0,1,2,1,3,1,4,4,
2750,image_0401_exposure_L2.jpg,0,0,1,2,1,1,1,4,3,
2751,image_0401_exposure_L3.jpg,0,0,1,2,1,3,2,4,4,
2752,image_0402_exposure_L1.jpg,1,1,1,2,1,1,1,2,2,
2753,image_0402_exposure_L4.jpg,1,0,1,2,1,4,3,4,4,
2754,image_0403_exposure_L3.jpg,0,0,1,2,1,2,1,4,3,
2755,image_0406_exposure_L2.jpg,0,0,1,2,1,1,1,2,2,
2756,image_0406_exposure_L3.jpg,0,0,1,2,1,2,1,4,3,
2757,image_0410_exposure_L1.jpg,0,0,1,2,1,1,1,1,1,
2758,image_0412_exposure_L1.jpg,0,0,1,1,1,1,1,3,1,
2759,image_0414_exposure_L2.jpg,0,0,1,2,1,1,1,4,2,
2760,image_0416_exposure_L1.jpg,0,0,1,2,1,1,1,2,1,
2761,image_0421_exposure_L3.jpg,0,0,1,2,1,3,1,4,3,
2762,image_0423_exposure_L1.jpg,0,0,1,2,1,1,1,3,1,
2763,image_0423_exposure_L2.jpg,0,0,1,2,1,1,1,4,2,
2764,image_0424_exposure_L1.jpg,0,0,1,2,1,1,1,2,1,
2765,image_0429_exposure_L3.jpg,1,0,1,2,1,3,2,4,3,
2766,image_0429_exposure_L4.jpg,1,0,1,2,1,3,3,4,4,
2767,image_0431_exposure_L3.jpg,0,0,1,2,1,3,1,4,3,
2768,image_0432_exposure_L2.jpg,1,0,1,2,1,1,1,2,2,
2769,image_0435_exposure_L3.jpg,0,0,1,2,1,2,1,4,3,
2770,image_0439_exposure_L1.jpg,1,1,1,2,1,1,1,1,1,
2771,image_0442_exposure_L4.jpg,0,0,1,2,1,3,2,4,4,
2772,image_0448_exposure_L3.jpg,0,0,1,2,1,2,1,3,2,
2773,image_0448_exposure_L4.jpg,0,0,1,2,1,3,1,4,4,
2774,image_0451_exposure_L1.jpg,0,0,1,1,1,1,1,1,1,
2775,image_0453_exposure_L2.jpg,0,0,1,2,1,1,1,1,2,
2776,image_0458_exposure_L3.jpg,0,0,1,2,1,2,1,2,3,
2777,image_0460_exposure_L4.jpg,0,0,1,2,1,3,1,4,4,
2778,image_0463_exposure_L2.jpg,0,0,1,2,1,1,1,1,3,
2779,image_0465_exposure_L1.jpg,0,1,1,2,1,1,1,1,1,
2780,image_0465_exposure_L4.jpg,0,0,1,2,1,3,1,4,4,
2781,image_0466_exposure_L2.jpg,0,0,1,2,1,1,1,1,2,
2782,image_0466_exposure_L3.jpg,0,0,1,2,1,2,1,2,3,
2783,image_0471_exposure_L1.jpg,0,1,1,1,1,1,1,1,1,
2784,image_0471_exposure_L2.jpg,0,0,1,2,1,1,1,1,2,
2785,image_0472_exposure_L1.jpg,0,1,1,1,1,1,1,1,1,
2786,image_0472_exposure_L4.jpg,0,0,1,2,1,3,1,4,4,
2787,image_0479_exposure_L4.jpg,0,0,1,2,1,3,1,4,4,
2788,image_0480_exposure_L3.jpg,0,0,1,2,1,2,1,1,3,
2789,image_0486_exposure_L2.jpg,0,0,1,2,1,1,1,1,2,
2790,image_0489_exposure_L2.jpg,1,0,1,2,1,1,1,2,2,
2791,image_0495_exposure_L1.jpg,0,0,1,2,1,1,1,1,1,
2792,image_0496_exposure_L3.jpg,0,0,1,2,1,2,1,4,3,
2793,image_0502_exposure_L1.jpg,0,1,1,2,1,1,1,3,1,
2794,image_0503_exposure_L2.jpg,0,0,1,2,1,1,1,4,2,
2795,image_0503_exposure_L3.jpg,0,0,1,2,1,3,2,4,3,
2796,image_0505_exposure_L2.jpg,0,0,1,2,1,2,1,1,2,
2797,image_0508_exposure_L1.jpg,0,0,1,1,1,1,1,1,1,
2798,image_0508_exposure_L4.jpg,0,0,1,2,1,3,1,4,4,
2799,image_0509_exposure_L2.jpg,0,0,1,2,1,1,1,2,2,
2800,image_0509_exposure_L4.jpg,0,0,1,2,1,3,2,4,3,
2801,image_0511_exposure_L4.jpg,0,0,1,2,1,3,1,4,4,
2802,image_0512_exposure_L4.jpg,0,0,1,2,1,4,3,4,4,
2803,image_0516_exposure_L3.jpg,1,0,1,2,1,1,2,4,3,
2804,image_0521_exposure_L3.jpg,0,0,1,2,1,1,1,4,3,
2805,image_0524_exposure_L4.jpg,0,0,1,2,1,3,2,4,4,
2806,image_0526_exposure_L1.jpg,0,1,1,1,1,1,1,1,1,
2807,image_0526_exposure_L4.jpg,0,0,1,2,1,3,2,4,4,
2808,image_0529_exposure_L2.jpg,0,0,1,2,1,1,1,3,3,
2809,image_0533_exposure_L2.jpg,1,0,1,2,1,1,1,4,2,
2810,image_0534_exposure_L1.jpg,1,1,1,1,1,1,1,4,1,
2811,image_0537_exposure_L4.jpg,0,0,1,2,1,4,4,4,4,
2812,image_0539_exposure_L1.jpg,0,1,1,2,1,1,2,4,2,
2813,image_0541_exposure_L4.jpg,1,0,1,2,1,3,3,4,4,
2814,image_0548_exposure_L1.jpg,0,1,1,2,1,1,1,3,1,
2815,image_0549_exposure_L1.jpg,0,1,1,2,1,1,1,3,1,
2816,image_0549_exposure_L2.jpg,0,0,1,2,1,1,1,4,2,
2817,image_0551_exposure_L1.jpg,1,1,1,1,1,1,1,4,1,
2818,image_0551_exposure_L3.jpg,1,0,1,2,1,2,2,4,2,
2819,image_0553_exposure_L4.jpg,1,0,1,2,1,4,4,4,4,
2820,image_0562_exposure_L1.jpg,0,0,1,2,2,1,1,1,1,
2821,image_0566_exposure_L1.jpg,1,1,1,2,1,1,1,4,1,
2822,image_0568_exposure_L4.jpg,0,0,1,2,1,4,3,4,4,
2823,image_0573_exposure_L3.jpg,0,0,1,2,1,3,3,4,4,
2824,image_0574_exposure_L4.jpg,0,0,1,2,1,4,3,4,4,
2825,image_0576_exposure_L4.jpg,0,0,1,2,1,4,3,4,4,
2826,image_0588_exposure_L3.jpg,0,0,1,2,1,4,2,4,4,
2827,image_0589_exposure_L2.jpg,0,0,1,2,1,2,1,2,2,
2828,image_0596_exposure_L2.jpg,0,0,1,2,1,1,1,1,2,
2829,image_0597_exposure_L4.jpg,0,0,1,2,1,3,1,4,4,
2830,image_0600_exposure_L1.jpg,0,1,1,1,1,1,1,1,1,
2831,image_0601_exposure_L3.jpg,1,0,1,2,1,1,1,2,3,
2832,image_0602_exposure_L3.jpg,0,0,1,2,1,1,1,2,3,
2833,image_0604_exposure_L3.jpg,0,0,1,2,1,2,1,2,3,
2834,image_0605_exposure_L2.jpg,0,0,1,2,1,1,1,2,2,
2835,image_0606_exposure_L3.jpg,0,0,1,2,1,2,1,2,3,
2836,image_0607_exposure_L1.jpg,0,1,1,1,1,1,1,1,1,
2837,image_0609_exposure_L1.jpg,0,1,1,2,1,1,1,1,1,
2838,image_0609_exposure_L2.jpg,0,0,1,2,1,1,1,2,3,
2839,image_0610_exposure_L4.jpg,0,0,1,2,1,3,2,4,4,
2840,image_0612_exposure_L3.jpg,0,0,1,2,1,2,1,4,3,
2841,image_0615_exposure_L4.jpg,1,0,1,2,1,3,1,4,4,
2842,image_0617_exposure_L3.jpg,1,0,1,2,1,2,1,3,3,
2843,image_0618_exposure_L2.jpg,0,0,1,2,1,1,1,1,2,
2844,image_0619_exposure_L1.jpg,0,1,1,2,1,1,1,1,1,
2845,image_0630_exposure_L1.jpg,0,1,1,1,1,1,1,1,1,
2846,image_0638_exposure_L4.jpg,0,0,1,2,1,3,2,4,4,
2847,image_0642_exposure_L2.jpg,1,0,1,2,1,1,1,1,2,
2848,image_0645_exposure_L2.jpg,0,0,1,2,1,1,1,1,2,
2849,image_0647_exposure_L2.jpg,0,0,1,2,1,1,1,3,2,
2850,image_0652_exposure_L2.jpg,0,0,1,2,1,2,1,3,2,
2851,image_0654_exposure_L3.jpg,1,0,1,2,1,2,1,3,2,
2852,image_0655_exposure_L1.jpg,0,1,1,1,1,1,1,1,1,
2853,image_0655_exposure_L3.jpg,0,0,1,2,1,2,1,2,3,
2854,image_0657_exposure_L4.jpg,0,0,1,2,1,3,1,4,4,
2855,image_0658_exposure_L3.jpg,0,0,1,2,1,2,1,2,2,
2856,image_0659_exposure_L1.jpg,0,1,1,2,1,1,1,1,1,
2857,image_0661_exposure_L4.jpg,0,0,1,2,1,3,1,4,3,
2858,image_0662_exposure_L3.jpg,0,0,1,2,1,2,1,3,2,
2859,image_0665_exposure_L1.jpg,0,1,1,1,1,1,1,2,1,
2860,image_0672_exposure_L2.jpg,0,0,1,2,1,2,1,1,2,
2861,image_0674_exposure_L1.jpg,0,1,1,1,1,1,1,1,1,
2862,image_0675_exposure_L1.jpg,0,1,1,1,1,1,1,1,1,
2863,image_0678_exposure_L3.jpg,1,0,1,2,1,1,1,4,2,
2864,image_0681_exposure_L4.jpg,0,0,1,2,1,3,1,4,3,
2865,image_0682_exposure_L3.jpg,1,0,1,2,1,1,1,4,2,
2866,image_0685_exposure_L1.jpg,0,1,1,2,1,1,1,1,1,
2867,image_0687_exposure_L4.jpg,0,0,1,2,1,4,3,4,4,
2868,image_0690_exposure_L2.jpg,1,0,1,2,1,1,1,3,2,
2869,image_0691_exposure_L2.jpg,0,0,1,2,1,1,1,1,2,
2870,image_0692_exposure_L4.jpg,0,0,1,2,1,3,1,4,3,
2871,image_0701_exposure_L3.jpg,0,0,1,2,1,2,1,4,4,
2872,image_0705_exposure_L1.jpg,0,1,1,1,1,1,1,1,2,
2873,image_0707_exposure_L1.jpg,0,1,1,2,1,1,1,1,1,
2874,image_0707_exposure_L3.jpg,0,0,1,2,1,2,1,2,3,
2875,image_0718_exposure_L2.jpg,0,0,1,2,1,1,1,1,2,
2876,image_0719_exposure_L4.jpg,1,0,1,2,1,3,1,4,3,
2877,image_0722_exposure_L1.jpg,0,1,1,2,1,1,1,1,1,
2878,image_0725_exposure_L4.jpg,0,0,1,2,1,3,2,4,4,
2879,image_0729_exposure_L1.jpg,0,1,1,2,2,1,1,1,1,
2880,image_0734_exposure_L3.jpg,0,0,1,2,1,2,1,4,4,
2881,image_0736_exposure_L3.jpg,0,0,1,2,1,2,1,2,3,
2882,image_0737_exposure_L2.jpg,0,0,1,2,1,1,1,1,2,
2883,image_0738_exposure_L4.jpg,0,0,1,2,1,3,1,4,4,
2884,image_0741_exposure_L2.jpg,0,0,1,2,1,1,1,4,2,
2885,image_0746_exposure_L2.jpg,0,0,1,2,1,1,1,1,2,
2886,image_0746_exposure_L4.jpg,0,0,1,2,1,3,2,4,4,
2887,image_0749_exposure_L2.jpg,0,0,1,2,1,1,1,1,2,
2888,image_0750_exposure_L1.jpg,0,1,1,1,1,1,1,1,2,
2889,image_0750_exposure_L3.jpg,0,0,1,2,1,2,1,2,3,
2890,image_0753_exposure_L3.jpg,0,0,1,2,1,2,1,3,3,
2891,image_0754_exposure_L2.jpg,0,0,1,2,1,1,1,2,2,
2892,image_0757_exposure_L1.jpg,0,1,1,2,1,1,1,1,1,
2893,image_0759_exposure_L4.jpg,0,0,1,2,1,3,1,4,4,
2894,image_0762_exposure_L2.jpg,0,0,1,2,1,1,1,1,2,
2895,image_0764_exposure_L2.jpg,0,0,1,2,1,1,1,1,3,
2896,image_0767_exposure_L3.jpg,0,0,1,2,1,2,1,2,3,
2897,image_0772_exposure_L4.jpg,0,0,1,2,1,3,2,4,4,
2898,image_0773_exposure_L2.jpg,0,0,1,2,1,1,1,1,2,
2899,image_0774_exposure_L3.jpg,0,0,1,2,1,2,1,2,3,
2900,image_0777_exposure_L4.jpg,0,0,1,2,1,3,2,4,4,
2901,image_0778_exposure_L4.jpg,0,0,1,2,1,3,2,4,4,
2902,image_0779_exposure_L2.jpg,0,0,1,2,1,1,1,1,2,
2903,image_0779_exposure_L4.jpg,0,0,1,2,1,3,2,4,4,
2904,image_0780_exposure_L2.jpg,0,0,1,2,1,1,1,1,2,
2905,image_0781_exposure_L3.jpg,0,0,1,2,1,2,1,2,3,
2906,image_0782_exposure_L3.jpg,1,0,1,2,1,2,1,3,3,
2907,image_0784_exposure_L2.jpg,1,0,1,2,1,1,1,2,2,
2908,image_0785_exposure_L3.jpg,0,0,1,2,1,2,1,3,3,
2909,image_0789_exposure_L4.jpg,0,0,1,2,1,3,2,4,4,
2910,image_0799_exposure_L3.jpg,0,0,1,2,1,2,1,3,3,
2911,image_0800_exposure_L2.jpg,0,0,1,2,1,1,1,2,2,
2912,image_0802_exposure_L1.jpg,0,1,1,2,1,1,1,1,1,
2913,image_0803_exposure_L3.jpg,0,0,1,2,1,2,1,2,3,
2914,image_0812_exposure_L4.jpg,0,0,1,2,1,3,1,4,4,
2915,image_0814_exposure_L2.jpg,0,0,1,2,1,1,1,1,2,
2916,image_0818_exposure_L3.jpg,0,0,1,2,1,2,1,3,3,
2917,image_0819_exposure_L2.jpg,0,0,1,2,1,1,1,1,3,
2918,image_0823_exposure_L2.jpg,0,0,1,2,1,1,1,1,2,
2919,image_0825_exposure_L4.jpg,0,0,1,2,1,3,2,4,4,
2920,image_0826_exposure_L1.jpg,0,1,1,2,1,1,1,1,1,
2921,image_0826_exposure_L4.jpg,0,0,1,2,1,3,2,4,4,
2922,image_0827_exposure_L2.jpg,0,0,1,2,1,1,1,1,2,
2923,image_0827_exposure_L3.jpg,0,0,1,2,1,2,1,4,3,
2924,image_0835_exposure_L4.jpg,0,0,1,2,1,3,3,4,4,
2925,image_0839_exposure_L2.jpg,0,0,1,2,1,1,1,1,2,
2926,image_0841_exposure_L3.jpg,0,0,1,2,1,2,1,3,3,
2927,image_0841_exposure_L4.jpg,0,0,1,2,1,3,2,4,4,
2928,image_0842_exposure_L2.jpg,0,0,1,2,1,1,1,1,2,
2929,image_0843_exposure_L3.jpg,0,0,1,2,1,2,1,3,3,
2930,image_0846_exposure_L1.jpg,0,0,1,1,1,1,1,1,1,
2931,image_0847_exposure_L3.jpg,0,0,1,2,1,1,1,2,3,
2932,image_0849_exposure_L1.jpg,0,1,1,2,1,1,1,1,1,
2933,image_0851_exposure_L1.jpg,0,1,1,2,1,1,1,1,1,
2934,image_0852_exposure_L2.jpg,0,0,1,2,1,1,1,1,3,
2935,image_0854_exposure_L4.jpg,0,0,1,2,1,3,1,4,4,
2936,image_0856_exposure_L1.jpg,0,1,1,1,1,1,1,1,1,
2937,image_0856_exposure_L4.jpg,0,0,1,2,1,3,1,4,4,
2938,image_0858_exposure_L1.jpg,0,1,1,1,1,1,1,1,1,
2939,image_0859_exposure_L3.jpg,0,0,1,2,1,2,1,3,4,
2940,image_0861_exposure_L2.jpg,0,0,1,2,1,1,1,1,2,
2941,image_0863_exposure_L1.jpg,0,1,1,2,1,1,1,1,2,
2942,image_0863_exposure_L2.jpg,0,0,1,2,1,1,1,1,3,
2943,image_0871_exposure_L3.jpg,0,0,1,2,1,2,1,3,3,
2944,image_0872_exposure_L3.jpg,0,0,1,2,1,2,1,3,3,
2945,image_0876_exposure_L2.jpg,0,0,1,2,1,1,1,2,2,
2946,image_0877_exposure_L2.jpg,0,0,1,2,1,1,1,1,3,
2947,image_0880_exposure_L3.jpg,0,0,1,2,1,2,1,2,3,
2948,image_0881_exposure_L3.jpg,0,0,1,2,1,2,1,2,3,
2949,image_0883_exposure_L3.jpg,0,0,1,2,1,2,1,4,3,
2950,image_0885_exposure_L1.jpg,0,1,1,2,1,1,1,1,1,
2951,image_0885_exposure_L4.jpg,0,0,1,2,1,3,2,4,4,
2952,image_0886_exposure_L3.jpg,0,0,1,2,1,2,1,4,3,
2953,image_0890_exposure_L2.jpg,0,0,1,2,1,1,1,4,3,
2954,image_0894_exposure_L1.jpg,0,1,1,1,1,1,1,1,1,
2955,image_0898_exposure_L2.jpg,0,0,1,2,1,1,1,1,2,
2956,image_0902_exposure_L3.jpg,0,0,1,2,1,2,1,1,3,
2957,image_0913_exposure_L4.jpg,0,0,1,2,1,3,1,4,4,
2958,image_0914_exposure_L1.jpg,0,1,1,2,2,1,1,1,1,
2959,image_0917_exposure_L2.jpg,0,0,1,2,1,1,1,1,2,
2960,image_0918_exposure_L4.jpg,0,0,1,2,1,3,1,4,4,
2961,image_0922_exposure_L3.jpg,0,0,1,2,1,2,1,3,3,
2962,image_0923_exposure_L1.jpg,1,1,1,2,1,1,1,1,1,
2963,image_0926_exposure_L3.jpg,0,0,1,2,1,2,1,2,3,
2964,image_0927_exposure_L3.jpg,1,0,1,2,1,1,2,4,2,
2965,image_0929_exposure_L1.jpg,0,1,1,2,1,1,1,1,1,
2966,image_0931_exposure_L4.jpg,0,0,1,2,1,3,2,4,4,
2967,image_0934_exposure_L2.jpg,0,0,1,2,1,1,1,2,1,
2968,image_0937_exposure_L3.jpg,0,0,1,2,1,2,1,2,3,
2969,image_0942_exposure_L2.jpg,0,0,1,2,1,1,1,1,2,
2970,image_0944_exposure_L3.jpg,0,0,1,2,1,2,1,4,3,
2971,image_0946_exposure_L4.jpg,1,0,1,2,1,3,2,4,4,
2972,image_0949_exposure_L2.jpg,0,0,1,2,1,1,1,2,2,
2973,image_0951_exposure_L2.jpg,0,0,1,2,1,1,1,1,2,
2974,image_0955_exposure_L1.jpg,0,1,1,2,1,1,1,1,1,
2975,image_0959_exposure_L2.jpg,0,0,1,2,1,1,1,1,2,
2976,image_0959_exposure_L4.jpg,0,0,1,2,1,3,1,4,4,
2977,image_0963_exposure_L4.jpg,0,0,1,2,1,3,1,4,4,
2978,image_0965_exposure_L1.jpg,1,0,1,1,1,1,1,1,1,
2979,image_0966_exposure_L2.jpg,0,0,1,2,1,1,1,1,3,
2980,image_0968_exposure_L3.jpg,0,0,1,2,1,2,1,2,3,
2981,image_0971_exposure_L1.jpg,0,1,1,2,1,1,1,1,1,
2982,image_0972_exposure_L2.jpg,1,0,1,2,1,1,1,1,3,
2983,image_0973_exposure_L4.jpg,1,0,1,2,1,3,1,4,4,
2984,image_0976_exposure_L1.jpg,0,1,1,1,1,1,1,1,1,
2985,image_0978_exposure_L3.jpg,0,0,1,2,1,2,1,2,3,
2986,image_0983_exposure_L1.jpg,0,1,1,1,1,1,1,1,1,
2987,image_0984_exposure_L4.jpg,1,0,1,2,1,3,2,4,4,
2988,image_0985_exposure_L4.jpg,0,0,1,2,1,3,1,4,4,
2989,image_0987_exposure_L2.jpg,0,0,1,2,1,1,1,1,2,
2990,image_0987_exposure_L4.jpg,0,0,1,2,1,3,1,4,4,
2991,image_0990_exposure_L1.jpg,1,0,1,2,1,1,1,1,1,
2992,image_0991_exposure_L1.jpg,0,0,1,2,1,1,1,1,1,
2993,image_0003_noise_L2.jpg,1,0,1,1,2,1,1,1,1,
2994,image_0005_noise_L1.jpg,1,1,1,1,2,1,1,1,1,
2995,image_0005_noise_L2.jpg,1,0,1,1,2,1,1,1,1,
2996,image_0006_noise_L3.jpg,1,0,1,1,3,1,1,1,1,
2997,image_0010_noise_L3.jpg,0,0,1,1,3,1,1,1,1,
2998,image_0011_noise_L2.jpg,0,0,1,1,2,1,1,1,1,
2999,image_0011_noise_L4.jpg,0,0,1,1,4,1,1,1,1,
3000,image_0013_noise_L4.jpg,0,0,1,1,4,1,1,1,1,
3001,image_0016_noise_L1.jpg,0,1,1,1,1,1,1,1,1,
3002,image_0018_noise_L2.jpg,0,0,1,1,2,1,1,1,1,
3003,image_0018_noise_L4.jpg,0,0,1,1,4,1,1,1,1,
3004,image_0022_noise_L3.jpg,0,0,1,1,3,1,1,1,1,
3005,image_0022_noise_L4.jpg,0,0,1,1,4,1,1,1,1,
3006,image_0023_noise_L3.jpg,0,0,1,1,3,1,1,1,1,
3007,image_0027_noise_L3.jpg,0,0,1,1,3,1,1,1,1,
3008,image_0030_noise_L3.jpg,0,0,1,1,3,1,1,1,1,
3009,image_0032_noise_L1.jpg,0,0,1,3,1,1,1,1,1,
3010,image_0040_noise_L1.jpg,1,1,1,3,1,1,1,1,1,
3011,image_0044_noise_L4.jpg,0,0,1,1,4,1,1,1,1,
3012,image_0045_noise_L3.jpg,0,0,1,1,3,1,1,1,1,
3013,image_0048_noise_L2.jpg,0,0,1,1,2,1,1,1,1,
3014,image_0060_noise_L3.jpg,0,0,1,1,3,1,1,1,1,
3015,image_0066_noise_L3.jpg,0,0,1,1,3,1,1,1,1,
3016,image_0067_noise_L4.jpg,0,0,1,1,4,1,1,1,1,
3017,image_0070_noise_L3.jpg,0,0,1,1,3,1,1,1,1,
3018,image_0074_noise_L3.jpg,0,0,1,1,3,1,1,1,1,
3019,image_0075_noise_L4.jpg,0,0,1,1,4,1,1,1,1,
3020,image_0077_noise_L2.jpg,0,0,1,1,2,1,1,1,1,
3021,image_0078_noise_L1.jpg,1,1,1,1,2,1,1,1,1,
3022,image_0083_noise_L2.jpg,0,0,1,1,2,1,1,1,1,
3023,image_0084_noise_L3.jpg,0,0,1,1,3,1,1,1,1,
3024,image_0087_noise_L2.jpg,0,0,1,1,2,1,1,1,1,
3025,image_0088_noise_L3.jpg,0,0,1,1,3,1,1,1,1,
3026,image_0089_noise_L2.jpg,0,0,1,1,2,1,1,1,1,
3027,image_0090_noise_L1.jpg,0,1,1,1,1,1,1,1,1,
3028,image_0099_noise_L1.jpg,0,1,1,1,1,1,1,1,1,
3029,image_0100_noise_L2.jpg,0,0,1,1,2,1,1,1,1,
3030,image_0100_noise_L4.jpg,0,0,1,1,4,1,1,1,1,
3031,image_0101_noise_L3.jpg,0,0,1,1,3,1,1,1,1,
3032,image_0105_noise_L2.jpg,0,0,1,1,2,1,1,1,1,
3033,image_0108_noise_L4.jpg,0,0,1,1,4,1,1,1,1,
3034,image_0109_noise_L3.jpg,0,0,1,1,3,1,1,1,1,
3035,image_0113_noise_L4.jpg,0,0,1,1,4,1,1,1,1,
3036,image_0114_noise_L2.jpg,0,0,1,1,2,1,1,1,1,
3037,image_0117_noise_L1.jpg,1,0,1,3,1,1,1,1,1,
3038,image_0121_noise_L4.jpg,0,0,1,1,4,1,1,1,1,
3039,image_0123_noise_L4.jpg,1,0,1,1,4,1,1,1,1,
3040,image_0125_noise_L3.jpg,1,0,1,1,3,1,1,1,1,
3041,image_0129_noise_L1.jpg,0,1,1,1,1,1,1,1,1,
3042,image_0132_noise_L1.jpg,1,1,1,1,2,1,1,1,1,
3043,image_0132_noise_L2.jpg,1,0,1,1,2,1,1,1,1,
3044,image_0139_noise_L3.jpg,1,0,1,1,3,1,1,1,1,
3045,image_0140_noise_L2.jpg,1,0,1,1,2,1,1,1,1,
3046,image_0145_noise_L4.jpg,1,0,1,1,4,1,1,1,1,
3047,image_0146_noise_L1.jpg,0,1,1,1,1,1,1,1,1,
3048,image_0148_noise_L2.jpg,1,0,1,1,2,1,1,1,1,
3049,image_0150_noise_L1.jpg,0,1,1,1,1,1,1,1,1,
3050,image_0150_noise_L3.jpg,0,0,1,1,3,1,1,1,1,
3051,image_0151_noise_L3.jpg,0,0,1,1,3,1,1,1,1,
3052,image_0158_noise_L4.jpg,0,0,1,1,4,1,1,1,1,
3053,image_0162_noise_L4.jpg,1,0,1,1,4,1,1,1,1,
3054,image_0168_noise_L2.jpg,1,0,1,1,2,1,1,1,1,
3055,image_0172_noise_L2.jpg,1,0,1,1,2,1,1,1,1,
3056,image_0173_noise_L1.jpg,1,0,1,1,1,1,1,1,1,
3057,image_0175_noise_L3.jpg,1,0,1,1,3,1,1,1,1,
3058,image_0180_noise_L1.jpg,1,1,1,1,1,1,1,1,1,
3059,image_0180_noise_L3.jpg,1,0,1,1,3,1,1,1,1,
3060,image_0182_noise_L3.jpg,0,0,1,1,3,1,1,1,1,
3061,image_0185_noise_L4.jpg,0,0,1,1,4,1,1,1,1,
3062,image_0187_noise_L4.jpg,1,0,1,1,4,1,1,1,1,
3063,image_0188_noise_L1.jpg,1,1,1,1,1,1,1,1,1,
3064,image_0189_noise_L3.jpg,0,0,1,1,3,1,1,1,1,
3065,image_0190_noise_L2.jpg,1,0,1,1,2,1,1,1,1,
3066,image_0191_noise_L2.jpg,0,0,1,1,2,1,1,1,1,
3067,image_0192_noise_L1.jpg,1,1,1,1,1,1,1,1,1,
3068,image_0193_noise_L3.jpg,0,0,1,1,3,1,1,1,1,
3069,image_0196_noise_L2.jpg,0,0,1,1,2,1,1,1,1,
3070,image_0197_noise_L3.jpg,0,0,1,1,3,1,1,1,1,
3071,image_0200_noise_L1.jpg,0,1,1,1,1,1,1,1,1,
3072,image_0206_noise_L4.jpg,0,0,1,1,4,1,1,1,1,
3073,image_0207_noise_L4.jpg,0,0,1,1,4,1,1,1,1,
3074,image_0208_noise_L4.jpg,0,0,1,1,4,1,1,1,1,
3075,image_0212_noise_L4.jpg,0,0,1,1,4,1,1,1,1,
3076,image_0227_noise_L1.jpg,0,1,1,1,1,1,1,1,1,
3077,image_0228_noise_L2.jpg,0,0,1,1,2,1,1,1,1,
3078,image_0228_noise_L4.jpg,0,0,1,1,4,1,1,1,1,
3079,image_0232_noise_L4.jpg,1,0,1,1,4,1,1,1,1,
3080,image_0235_noise_L1.jpg,1,0,1,1,1,1,1,1,1,
3081,image_0235_noise_L2.jpg,1,0,1,1,2,1,1,1,1,
3082,image_0235_noise_L4.jpg,1,0,1,1,4,1,1,1,1,
3083,image_0236_noise_L3.jpg,0,0,1,1,3,1,1,1,1,
3084,image_0237_noise_L2.jpg,1,0,1,1,2,1,1,1,1,
3085,image_0240_noise_L2.jpg,0,0,1,1,2,1,1,1,1,
3086,image_0247_noise_L4.jpg,0,0,1,1,4,1,1,1,1,
3087,image_0250_noise_L2.jpg,0,0,1,1,2,1,1,1,1,
3088,image_0252_noise_L3.jpg,1,0,1,1,3,1,1,1,1,
3089,image_0252_noise_L4.jpg,1,0,1,1,4,1,1,1,1,
3090,image_0253_noise_L2.jpg,0,0,1,1,2,1,1,1,1,
3091,image_0253_noise_L4.jpg,0,0,1,1,4,1,1,1,1,
3092,image_0254_noise_L3.jpg,0,0,1,1,3,1,1,1,1,
3093,image_0255_noise_L4.jpg,1,0,1,1,4,1,1,1,1,
3094,image_0259_noise_L3.jpg,1,0,1,3,3,1,1,1,1,
3095,image_0262_noise_L4.jpg,0,0,1,1,4,1,1,1,1,
3096,image_0265_noise_L1.jpg,0,0,1,1,1,1,1,1,1,
3097,image_0267_noise_L4.jpg,1,0,1,1,4,1,1,1,1,
3098,image_0269_noise_L3.jpg,0,0,1,1,3,1,1,1,1,
3099,image_0270_noise_L4.jpg,0,0,1,1,4,1,1,1,1,
3100,image_0272_noise_L2.jpg,0,0,1,1,2,1,1,1,1,
3101,image_0275_noise_L1.jpg,0,1,1,1,1,1,1,1,1,
3102,image_0286_noise_L2.jpg,0,0,1,1,2,1,1,1,1,
3103,image_0286_noise_L3.jpg,0,0,1,1,3,1,1,1,1,
3104,image_0287_noise_L2.jpg,0,0,1,1,2,1,1,1,1,
3105,image_0290_noise_L3.jpg,1,0,1,1,3,1,1,1,1,
3106,image_0291_noise_L2.jpg,1,0,1,1,2,1,1,1,1,
3107,image_0293_noise_L1.jpg,0,0,1,3,1,1,1,1,1,
3108,image_0295_noise_L3.jpg,0,0,1,1,3,1,1,1,1,
3109,image_0297_noise_L4.jpg,0,0,1,1,4,1,1,1,1,
3110,image_0298_noise_L3.jpg,0,0,1,3,3,1,1,1,1,
3111,image_0299_noise_L4.jpg,0,0,1,1,4,1,1,1,1,
3112,image_0300_noise_L3.jpg,0,0,1,1,3,1,1,1,1,
3113,image_0301_noise_L2.jpg,1,0,1,1,2,1,1,1,1,
3114,image_0303_noise_L1.jpg,1,1,1,1,1,1,1,1,1,
3115,image_0306_noise_L1.jpg,0,1,1,1,1,1,1,1,1,
3116,image_0308_noise_L2.jpg,1,0,1,1,2,1,1,1,1,
3117,image_0308_noise_L3.jpg,1,0,1,1,3,1,1,1,1,
3118,image_0314_noise_L2.jpg,0,0,1,1,2,1,1,1,1,
3119,image_0315_noise_L2.jpg,1,0,1,1,2,1,1,1,1,
3120,image_0315_noise_L3.jpg,1,0,1,1,3,1,1,1,1,
3121,image_0316_noise_L1.jpg,0,1,1,1,1,1,1,1,1,
3122,image_0317_noise_L1.jpg,0,1,1,1,1,1,1,1,1,
3123,image_0317_noise_L2.jpg,0,0,1,1,2,1,1,1,1,
3124,image_0318_noise_L2.jpg,0,0,1,3,2,1,1,1,1,
3125,image_0325_noise_L3.jpg,0,0,1,1,3,1,1,1,1,
3126,image_0327_noise_L2.jpg,0,0,1,1,2,1,1,1,1,
3127,image_0330_noise_L3.jpg,0,0,1,1,3,1,1,1,1,
3128,image_0340_noise_L4.jpg,0,0,1,1,4,1,1,1,1,
3129,image_0341_noise_L4.jpg,0,0,1,1,4,1,1,1,1,
3130,image_0342_noise_L4.jpg,0,0,1,1,4,1,1,1,1,
3131,image_0345_noise_L1.jpg,0,1,1,1,1,1,1,1,1,
3132,image_0348_noise_L2.jpg,0,0,1,1,2,1,1,1,1,
3133,image_0350_noise_L1.jpg,0,1,1,1,1,1,1,1,1,
3134,image_0354_noise_L1.jpg,0,1,1,1,1,1,1,1,1,
3135,image_0358_noise_L4.jpg,0,0,1,1,4,1,1,1,1,
3136,image_0359_noise_L1.jpg,0,1,1,1,1,1,1,1,1,
3137,image_0361_noise_L4.jpg,0,0,1,1,4,1,1,1,1,
3138,image_0364_noise_L1.jpg,1,1,1,1,1,1,1,1,1,
3139,image_0364_noise_L4.jpg,1,0,1,1,4,1,1,1,1,
3140,image_0367_noise_L1.jpg,1,0,1,1,1,1,1,1,1,
3141,image_0367_noise_L2.jpg,1,0,1,1,2,1,1,1,1,
3142,image_0370_noise_L4.jpg,1,0,1,1,4,1,1,1,1,
3143,image_0373_noise_L2.jpg,1,0,1,1,2,1,1,1,1,
3144,image_0374_noise_L4.jpg,0,0,1,1,4,1,1,1,1,
3145,image_0375_noise_L2.jpg,0,0,1,1,2,1,1,1,1,
3146,image_0377_noise_L1.jpg,0,1,1,1,1,1,1,1,1,
3147,image_0377_noise_L3.jpg,0,0,1,1,3,1,1,1,1,
3148,image_0381_noise_L2.jpg,0,0,1,1,2,1,1,1,1,
3149,image_0388_noise_L2.jpg,1,0,1,1,2,1,1,1,1,
3150,image_0389_noise_L4.jpg,1,0,1,1,4,1,1,1,1,
3151,image_0392_noise_L1.jpg,0,0,1,1,1,1,1,3,1,
3152,image_0394_noise_L1.jpg,1,1,1,1,1,1,1,1,1,
3153,image_0396_noise_L1.jpg,1,1,1,1,1,1,1,2,1,
3154,image_0397_noise_L2.jpg,1,0,1,1,2,1,1,1,1,
3155,image_0401_noise_L3.jpg,0,0,1,1,3,1,1,1,1,
3156,image_0404_noise_L2.jpg,0,0,1,1,2,1,1,1,1,
3157,image_0405_noise_L4.jpg,0,0,1,1,4,1,1,1,1,
3158,image_0406_noise_L3.jpg,0,0,1,1,3,1,1,1,1,
3159,image_0407_noise_L3.jpg,0,0,1,1,3,1,1,1,1,
3160,image_0408_noise_L4.jpg,0,0,1,1,4,1,1,1,1,
3161,image_0411_noise_L2.jpg,0,0,1,1,2,1,1,1,1,
3162,image_0412_noise_L4.jpg,0,0,1,1,4,1,1,1,1,
3163,image_0413_noise_L2.jpg,0,0,1,1,2,1,1,1,1,
3164,image_0414_noise_L4.jpg,0,0,1,1,4,1,1,1,1,
3165,image_0428_noise_L4.jpg,1,0,1,1,4,1,1,1,1,
3166,image_0430_noise_L3.jpg,1,0,1,1,3,1,1,1,1,
3167,image_0431_noise_L2.jpg,0,0,1,1,2,1,1,1,1,
3168,image_0436_noise_L3.jpg,0,0,1,1,3,1,1,1,1,
3169,image_0439_noise_L1.jpg,1,1,1,1,1,1,1,1,1,
3170,image_0440_noise_L4.jpg,0,0,1,1,4,1,1,1,1,
3171,image_0443_noise_L3.jpg,0,0,1,1,3,1,1,1,1,
3172,image_0450_noise_L1.jpg,1,1,1,1,1,1,1,1,1,
3173,image_0450_noise_L3.jpg,1,0,1,1,3,1,1,1,1,
3174,image_0451_noise_L1.jpg,0,0,1,1,1,1,1,1,1,
3175,image_0451_noise_L2.jpg,0,0,1,1,2,1,1,1,1,
3176,image_0456_noise_L2.jpg,0,0,1,1,2,1,1,1,1,
3177,image_0462_noise_L2.jpg,0,0,1,1,2,1,1,1,1,
3178,image_0466_noise_L2.jpg,0,0,1,1,2,1,1,1,1,
3179,image_0467_noise_L3.jpg,0,0,1,1,3,1,1,1,1,
3180,image_0468_noise_L4.jpg,0,0,1,1,4,1,1,1,1,
3181,image_0469_noise_L3.jpg,0,0,1,1,3,1,1,1,1,
3182,image_0473_noise_L4.jpg,0,0,1,1,4,1,1,1,1,
3183,image_0474_noise_L2.jpg,0,0,1,1,2,1,1,1,1,
3184,image_0475_noise_L1.jpg,0,1,1,1,2,1,1,1,1,
3185,image_0476_noise_L1.jpg,0,1,1,1,1,1,1,1,1,
3186,image_0478_noise_L1.jpg,0,1,1,1,1,1,1,1,1,
3187,image_0480_noise_L3.jpg,0,0,1,1,3,1,1,1,1,
3188,image_0481_noise_L2.jpg,0,0,1,1,2,1,1,1,1,
3189,image_0485_noise_L2.jpg,0,0,1,1,2,1,1,1,1,
3190,image_0487_noise_L1.jpg,0,1,1,1,2,1,1,1,1,
3191,image_0489_noise_L3.jpg,1,0,1,1,3,1,1,1,1,
3192,image_0498_noise_L2.jpg,0,0,1,1,2,1,1,1,1,
3193,image_0503_noise_L4.jpg,0,0,1,1,4,1,1,1,1,
3194,image_0506_noise_L1.jpg,0,0,1,1,1,1,1,1,1,
3195,image_0508_noise_L3.jpg,0,0,1,1,3,1,1,1,1,
3196,image_0510_noise_L4.jpg,0,0,1,1,4,1,1,1,1,
3197,image_0513_noise_L3.jpg,1,0,1,1,3,1,1,1,1,
3198,image_0515_noise_L2.jpg,1,0,1,1,2,1,1,1,1,
3199,image_0516_noise_L1.jpg,1,1,1,1,1,1,1,2,1,
3200,image_0516_noise_L3.jpg,1,0,1,1,3,1,1,1,1,
3201,image_0518_noise_L1.jpg,1,1,1,2,1,1,1,1,2,
3202,image_0519_noise_L3.jpg,1,0,1,1,3,1,1,1,1,
3203,image_0527_noise_L1.jpg,0,1,1,1,1,1,1,1,1,
3204,image_0529_noise_L1.jpg,0,1,1,1,1,1,1,1,1,
3205,image_0534_noise_L1.jpg,1,1,1,1,1,1,1,3,1,
3206,image_0535_noise_L2.jpg,0,0,1,1,2,1,1,1,1,
3207,image_0535_noise_L4.jpg,0,0,1,1,4,1,1,1,1,
3208,image_0537_noise_L1.jpg,0,1,1,2,1,1,1,4,3,
3209,image_0538_noise_L3.jpg,0,0,1,1,3,1,1,1,1,
3210,image_0540_noise_L2.jpg,0,0,1,1,2,1,1,1,1,
3211,image_0540_noise_L4.jpg,0,0,1,1,4,1,1,1,1,
3212,image_0541_noise_L2.jpg,1,0,1,1,1,1,1,2,1,
3213,image_0546_noise_L1.jpg,0,1,1,1,1,1,1,3,1,
3214,image_0551_noise_L4.jpg,1,0,1,1,4,1,1,1,1,
3215,image_0555_noise_L1.jpg,1,0,1,1,1,1,1,4,1,
3216,image_0557_noise_L1.jpg,1,0,1,2,1,1,1,4,1,
3217,image_0559_noise_L1.jpg,0,0,1,1,1,1,1,1,1,
3218,image_0559_noise_L3.jpg,0,0,1,1,3,1,1,1,1,
3219,image_0560_noise_L1.jpg,0,0,1,1,1,1,1,2,1,
3220,image_0568_noise_L1.jpg,0,1,1,1,1,1,1,1,1,
3221,image_0569_noise_L2.jpg,0,0,1,1,2,1,1,1,1,
3222,image_0569_noise_L4.jpg,0,0,1,1,4,1,1,1,1,
3223,image_0571_noise_L2.jpg,0,0,1,1,2,1,1,1,1,
3224,image_0572_noise_L3.jpg,0,0,1,1,3,1,1,1,1,
3225,image_0576_noise_L2.jpg,0,0,1,1,2,1,1,1,1,
3226,image_0579_noise_L1.jpg,0,1,1,1,1,1,1,1,1,
3227,image_0581_noise_L2.jpg,0,0,1,2,2,1,1,1,1,
3228,image_0585_noise_L3.jpg,1,0,1,2,3,1,1,1,1,
3229,image_0599_noise_L1.jpg,0,1,1,1,1,1,1,1,1,
3230,image_0601_noise_L2.jpg,1,0,1,1,2,1,1,1,1,
3231,image_0602_noise_L3.jpg,0,0,1,1,3,1,1,1,1,
3232,image_0603_noise_L1.jpg,0,1,1,1,1,1,1,1,1,
3233,image_0605_noise_L3.jpg,0,0,1,1,3,1,1,1,1,
3234,image_0606_noise_L2.jpg,0,0,1,1,2,1,1,1,1,
3235,image_0606_noise_L4.jpg,0,0,1,1,4,1,1,1,1,
3236,image_0608_noise_L3.jpg,0,0,1,1,3,1,1,1,1,
3237,image_0611_noise_L1.jpg,0,1,1,1,1,1,1,1,1,
3238,image_0614_noise_L2.jpg,0,0,1,1,2,1,1,1,1,
3239,image_0615_noise_L1.jpg,1,1,1,1,1,1,1,1,1,
3240,image_0616_noise_L3.jpg,0,0,1,1,3,1,1,1,1,
3241,image_0621_noise_L1.jpg,0,1,1,1,1,1,1,1,1,
3242,image_0629_noise_L4.jpg,0,0,1,1,4,1,1,1,1,
3243,image_0630_noise_L3.jpg,0,0,1,1,3,1,1,1,1,
3244,image_0633_noise_L1.jpg,0,1,1,1,1,1,1,1,1,
3245,image_0638_noise_L3.jpg,0,0,1,1,3,1,1,1,1,
3246,image_0639_noise_L4.jpg,0,0,1,1,4,1,1,1,1,
3247,image_0642_noise_L3.jpg,1,0,1,1,3,1,1,1,1,
3248,image_0644_noise_L2.jpg,1,0,1,1,2,1,1,1,1,
3249,image_0645_noise_L3.jpg,0,0,1,1,3,1,1,1,1,
3250,image_0647_noise_L1.jpg,0,1,1,1,1,1,1,1,1,
3251,image_0652_noise_L3.jpg,0,0,1,1,3,1,1,1,1,
3252,image_0657_noise_L4.jpg,0,0,1,1,4,1,1,1,1,
3253,image_0658_noise_L4.jpg,0,0,1,1,4,1,1,1,1,
3254,image_0660_noise_L4.jpg,0,0,1,3,4,1,1,1,1,
3255,image_0666_noise_L3.jpg,0,0,1,1,3,1,1,1,1,
3256,image_0666_noise_L4.jpg,0,0,1,1,4,1,1,1,1,
3257,image_0667_noise_L4.jpg,0,0,1,1,4,1,1,1,1,
3258,image_0668_noise_L4.jpg,0,0,1,1,4,1,1,1,1,
3259,image_0679_noise_L2.jpg,1,0,1,3,2,1,1,1,1,
3260,image_0682_noise_L2.jpg,1,0,1,1,2,1,1,1,1,
3261,image_0683_noise_L2.jpg,0,0,1,1,2,1,1,1,1,
3262,image_0686_noise_L1.jpg,0,1,1,1,1,1,1,1,1,
3263,image_0687_noise_L1.jpg,0,1,1,1,1,1,1,1,1,
3264,image_0691_noise_L3.jpg,0,0,1,1,3,1,1,1,1,
3265,image_0691_noise_L4.jpg,0,0,1,1,4,1,1,1,1,
3266,image_0700_noise_L2.jpg,0,0,1,1,2,1,1,1,1,
3267,image_0702_noise_L1.jpg,1,0,1,1,1,1,1,1,1,
3268,image_0703_noise_L4.jpg,0,0,1,1,4,1,1,1,1,
3269,image_0704_noise_L4.jpg,0,0,1,1,4,1,1,1,1,
3270,image_0705_noise_L4.jpg,0,0,1,1,4,1,1,1,1,
3271,image_0706_noise_L1.jpg,0,1,1,1,1,1,1,1,1,
3272,image_0708_noise_L4.jpg,0,0,1,1,4,1,1,1,1,
3273,image_0709_noise_L3.jpg,0,0,1,1,3,1,1,1,1,
3274,image_0713_noise_L2.jpg,0,0,1,1,2,1,1,1,1,
3275,image_0714_noise_L1.jpg,1,1,1,3,1,1,1,1,1,
3276,image_0719_noise_L2.jpg,1,0,1,1,2,1,1,1,1,
3277,image_0719_noise_L4.jpg,1,0,1,1,4,1,1,1,1,
3278,image_0724_noise_L3.jpg,0,0,1,1,3,1,1,1,1,
3279,image_0725_noise_L2.jpg,0,0,1,1,2,1,1,1,1,
3280,image_0727_noise_L3.jpg,0,0,1,1,3,1,1,1,1,
3281,image_0728_noise_L2.jpg,0,0,1,1,2,1,1,1,1,
3282,image_0729_noise_L1.jpg,0,1,1,1,2,1,1,1,1,
3283,image_0729_noise_L3.jpg,0,0,1,1,3,1,1,1,1,
3284,image_0731_noise_L1.jpg,0,1,1,1,2,1,1,1,1,
3285,image_0734_noise_L2.jpg,0,0,1,1,2,1,1,1,1,
3286,image_0735_noise_L3.jpg,0,0,1,1,3,1,1,1,1,
3287,image_0738_noise_L3.jpg,0,0,1,1,3,1,1,1,1,
3288,image_0740_noise_L3.jpg,0,0,1,1,3,1,1,1,1,
3289,image_0748_noise_L4.jpg,0,0,1,1,4,1,1,1,1,
3290,image_0753_noise_L2.jpg,0,0,1,1,2,1,1,1,1,
3291,image_0755_noise_L3.jpg,0,0,1,1,3,1,1,1,1,
3292,image_0757_noise_L1.jpg,0,1,1,1,1,1,1,1,1,
3293,image_0760_noise_L1.jpg,0,1,1,1,1,1,1,1,1,
3294,image_0761_noise_L4.jpg,0,0,1,1,4,1,1,1,1,
3295,image_0762_noise_L2.jpg,0,0,1,1,2,1,1,1,1,
3296,image_0764_noise_L3.jpg,0,0,1,1,3,1,1,1,1,
3297,image_0764_noise_L4.jpg,0,0,1,1,4,1,1,1,1,
3298,image_0765_noise_L1.jpg,0,1,1,1,1,1,1,1,1,
3299,image_0767_noise_L3.jpg,0,0,1,1,3,1,1,1,1,
3300,image_0767_noise_L4.jpg,0,0,1,1,4,1,1,1,1,
3301,image_0768_noise_L4.jpg,0,0,1,1,4,1,1,1,1,
3302,image_0769_noise_L1.jpg,0,1,1,1,1,1,1,1,1,
3303,image_0776_noise_L1.jpg,0,1,1,1,1,1,1,1,1,
3304,image_0778_noise_L1.jpg,0,1,1,1,1,1,1,1,1,
3305,image_0778_noise_L3.jpg,0,0,1,1,3,1,1,1,1,
3306,image_0783_noise_L2.jpg,0,0,1,1,2,1,1,1,1,
3307,image_0783_noise_L4.jpg,0,0,1,1,4,1,1,1,1,
3308,image_0790_noise_L4.jpg,0,0,1,1,4,1,1,1,1,
3309,image_0792_noise_L3.jpg,0,0,1,1,3,1,1,1,1,
3310,image_0794_noise_L3.jpg,0,0,1,1,3,1,1,1,1,
3311,image_0795_noise_L1.jpg,0,1,1,1,1,1,1,1,1,
3312,image_0795_noise_L2.jpg,0,0,1,1,2,1,1,1,1,
3313,image_0797_noise_L3.jpg,0,0,1,1,3,1,1,1,1,
3314,image_0800_noise_L1.jpg,0,1,1,1,1,1,1,1,1,
3315,image_0801_noise_L2.jpg,0,0,1,1,2,1,1,1,1,
3316,image_0807_noise_L1.jpg,0,1,1,1,1,1,1,1,1,
3317,image_0809_noise_L2.jpg,0,0,1,1,2,1,1,1,1,
3318,image_0811_noise_L2.jpg,0,0,1,1,2,1,1,1,1,
3319,image_0816_noise_L4.jpg,0,0,1,1,4,1,1,1,1,
3320,image_0817_noise_L1.jpg,0,1,1,1,1,1,1,1,1,
3321,image_0821_noise_L1.jpg,0,1,1,1,1,1,1,1,1,
3322,image_0823_noise_L1.jpg,0,1,1,1,1,1,1,1,1,
3323,image_0823_noise_L3.jpg,0,0,1,1,3,1,1,1,1,
3324,image_0831_noise_L1.jpg,0,1,1,1,1,1,1,1,1,
3325,image_0832_noise_L4.jpg,0,0,1,1,4,1,1,1,1,
3326,image_0834_noise_L4.jpg,0,0,1,1,4,1,1,1,1,
3327,image_0836_noise_L1.jpg,0,1,1,1,1,1,1,1,1,
3328,image_0836_noise_L4.jpg,0,0,1,1,4,1,1,1,1,
3329,image_0837_noise_L2.jpg,0,0,1,1,2,1,1,1,1,
3330,image_0838_noise_L4.jpg,0,0,1,1,4,1,1,1,1,
3331,image_0839_noise_L4.jpg,0,0,1,1,4,1,1,1,1,
3332,image_0842_noise_L1.jpg,0,1,1,1,1,1,1,1,1,
3333,image_0842_noise_L2.jpg,0,0,1,1,2,1,1,1,1,
3334,image_0842_noise_L3.jpg,0,0,1,1,3,1,1,1,1,
3335,image_0847_noise_L4.jpg,0,0,1,1,4,1,1,1,1,
3336,image_0848_noise_L4.jpg,0,0,1,1,4,1,1,1,1,
3337,image_0850_noise_L2.jpg,0,0,1,1,2,1,1,1,1,
3338,image_0850_noise_L4.jpg,0,0,1,1,4,1,1,1,1,
3339,image_0851_noise_L3.jpg,0,0,1,1,3,1,1,1,1,
3340,image_0852_noise_L1.jpg,0,1,1,1,1,1,1,1,1,
3341,image_0858_noise_L2.jpg,0,0,1,1,2,1,1,1,1,
3342,image_0859_noise_L3.jpg,0,0,1,1,3,1,1,1,1,
3343,image_0863_noise_L3.jpg,0,0,1,1,3,1,1,1,1,
3344,image_0864_noise_L3.jpg,0,0,1,1,3,1,1,1,1,
3345,image_0865_noise_L2.jpg,0,0,1,1,2,1,1,1,1,
3346,image_0868_noise_L1.jpg,0,1,1,1,1,1,1,1,1,
3347,image_0868_noise_L2.jpg,0,0,1,1,2,1,1,1,1,
3348,image_0870_noise_L1.jpg,0,1,1,1,1,1,1,1,1,
3349,image_0873_noise_L3.jpg,0,0,1,1,3,1,1,1,1,
3350,image_0874_noise_L3.jpg,0,0,1,1,3,1,1,1,1,
3351,image_0876_noise_L2.jpg,0,0,1,1,2,1,1,1,1,
3352,image_0879_noise_L2.jpg,0,0,1,1,2,1,1,1,1,
3353,image_0881_noise_L4.jpg,0,0,1,1,4,1,1,1,1,
3354,image_0886_noise_L1.jpg,0,1,1,1,1,1,1,1,1,
3355,image_0889_noise_L1.jpg,0,1,1,1,1,1,1,3,1,
3356,image_0889_noise_L4.jpg,0,0,1,1,4,1,1,1,1,
3357,image_0890_noise_L1.jpg,0,1,1,1,1,1,1,2,1,
3358,image_0894_noise_L4.jpg,0,0,1,1,4,1,1,1,1,
3359,image_0906_noise_L4.jpg,0,0,1,1,4,1,1,1,1,
3360,image_0907_noise_L4.jpg,1,0,1,1,4,1,1,1,1,
3361,image_0908_noise_L4.jpg,1,0,1,1,4,1,1,1,1,
3362,image_0915_noise_L1.jpg,1,1,1,1,1,1,1,1,1,
3363,image_0916_noise_L3.jpg,0,0,1,1,3,1,1,1,1,
3364,image_0920_noise_L3.jpg,1,0,1,1,3,1,1,1,1,
3365,image_0922_noise_L3.jpg,0,0,1,1,3,1,1,1,1,
3366,image_0925_noise_L4.jpg,1,0,1,1,4,1,1,1,1,
3367,image_0929_noise_L2.jpg,0,0,1,1,2,1,1,1,1,
3368,image_0934_noise_L1.jpg,0,1,1,1,1,1,1,1,1,
3369,image_0937_noise_L3.jpg,0,0,1,1,3,1,1,1,1,
3370,image_0939_noise_L2.jpg,0,0,1,1,2,1,1,1,1,
3371,image_0940_noise_L2.jpg,1,0,1,1,2,1,1,1,1,
3372,image_0941_noise_L3.jpg,0,0,1,1,3,1,1,1,1,
3373,image_0941_noise_L4.jpg,0,0,1,1,4,1,1,1,1,
3374,image_0948_noise_L4.jpg,0,0,1,1,4,1,1,1,1,
3375,image_0951_noise_L1.jpg,0,1,1,1,1,1,1,1,1,
3376,image_0952_noise_L1.jpg,0,1,1,1,1,1,1,1,1,
3377,image_0952_noise_L2.jpg,0,0,1,1,2,1,1,1,1,
3378,image_0955_noise_L4.jpg,0,0,1,1,4,1,1,1,1,
3379,image_0958_noise_L4.jpg,1,0,1,1,4,1,1,1,1,
3380,image_0963_noise_L1.jpg,0,1,1,1,1,1,1,1,1,
3381,image_0968_noise_L4.jpg,0,0,1,1,4,1,1,1,1,
3382,image_0969_noise_L2.jpg,0,0,1,1,2,1,1,1,1,
3383,image_0969_noise_L3.jpg,0,0,1,1,3,1,1,1,1,
3384,image_0971_noise_L2.jpg,0,0,1,1,2,1,1,1,1,
3385,image_0974_noise_L4.jpg,1,0,1,1,4,1,1,1,1,
3386,image_0975_noise_L3.jpg,0,0,1,1,3,1,1,1,1,
3387,image_0977_noise_L2.jpg,0,0,1,1,2,1,1,1,1,
3388,image_0981_noise_L3.jpg,0,0,1,1,3,1,1,1,1,
3389,image_0982_noise_L2.jpg,0,0,1,1,2,1,1,1,1,
3390,image_0985_noise_L1.jpg,0,1,1,1,1,1,1,1,1,
3391,image_0987_noise_L1.jpg,0,1,1,1,1,1,1,1,1,
3392,image_0992_noise_L1.jpg,1,0,1,1,1,1,1,1,1,
3393,image_0001_sharpness_L2.jpg,1,0,1,1,1,1,1,1,1,
3394,image_0004_sharpness_L2.jpg,1,0,1,1,1,1,1,1,1,
3395,image_0014_sharpness_L4.jpg,1,0,1,1,1,1,2,4,1,
3396,image_0015_sharpness_L1.jpg,0,1,1,1,1,1,1,1,1,
3397,image_0018_sharpness_L4.jpg,0,0,1,1,1,1,1,3,1,
3398,image_0028_sharpness_L2.jpg,0,0,1,1,1,1,1,1,1,
3399,image_0028_sharpness_L4.jpg,0,0,1,1,1,1,1,3,1,
3400,image_0035_sharpness_L4.jpg,0,0,1,1,1,1,2,3,1,
3401,image_0036_sharpness_L2.jpg,0,0,1,1,1,1,1,1,1,
3402,image_0036_sharpness_L4.jpg,0,0,1,1,1,1,2,3,1,
3403,image_0040_sharpness_L4.jpg,1,0,1,3,1,1,2,3,1,
3404,image_0043_sharpness_L3.jpg,0,0,1,1,1,1,1,3,1,
3405,image_0044_sharpness_L3.jpg,0,0,1,1,1,1,2,3,1,
3406,image_0046_sharpness_L1.jpg,1,1,1,1,1,1,1,1,1,
3407,image_0048_sharpness_L2.jpg,0,0,1,1,1,1,1,1,1,
3408,image_0051_sharpness_L3.jpg,0,0,1,1,1,1,1,2,1,
3409,image_0057_sharpness_L1.jpg,0,1,1,1,1,1,1,2,1,
3410,image_0058_sharpness_L2.jpg,0,0,1,1,1,1,1,3,1,
3411,image_0059_sharpness_L4.jpg,0,0,1,1,1,1,2,4,1,
3412,image_0060_sharpness_L3.jpg,0,0,1,1,1,1,1,2,1,
3413,image_0061_sharpness_L2.jpg,0,0,1,1,1,1,1,1,1,
3414,image_0062_sharpness_L4.jpg,0,0,1,1,1,1,2,3,1,
3415,image_0063_sharpness_L3.jpg,0,0,1,1,1,1,1,2,1,
3416,image_0065_sharpness_L1.jpg,0,1,1,1,1,1,1,1,1,
3417,image_0066_sharpness_L3.jpg,0,0,1,1,1,1,1,2,1,
3418,image_0067_sharpness_L4.jpg,0,0,1,1,1,1,2,3,1,
3419,image_0068_sharpness_L1.jpg,1,1,1,1,1,1,1,1,1,
3420,image_0069_sharpness_L1.jpg,0,1,1,1,1,1,1,1,1,
3421,image_0070_sharpness_L1.jpg,0,1,1,1,1,1,1,1,1,
3422,image_0070_sharpness_L2.jpg,0,0,1,1,1,1,1,1,1,
3423,image_0077_sharpness_L2.jpg,0,0,1,1,1,1,1,1,1,
3424,image_0077_sharpness_L3.jpg,0,0,1,1,1,1,1,1,1,
3425,image_0079_sharpness_L1.jpg,1,1,1,1,1,1,1,1,1,
3426,image_0082_sharpness_L2.jpg,0,0,1,1,1,1,1,1,1,
3427,image_0082_sharpness_L4.jpg,0,0,1,1,1,1,2,2,1,
3428,image_0083_sharpness_L1.jpg,0,1,1,1,1,1,1,1,1,
3429,image_0084_sharpness_L2.jpg,0,0,1,1,1,1,1,1,1,
3430,image_0087_sharpness_L4.jpg,0,0,1,1,1,1,1,2,1,
3431,image_0094_sharpness_L2.jpg,0,0,1,1,1,1,1,2,1,
3432,image_0097_sharpness_L2.jpg,0,0,1,1,1,1,1,2,1,
3433,image_0103_sharpness_L2.jpg,0,0,1,1,1,1,1,2,1,
3434,image_0103_sharpness_L3.jpg,0,0,1,1,1,1,1,3,1,
3435,image_0104_sharpness_L1.jpg,0,1,1,1,1,1,1,1,1,
3436,image_0105_sharpness_L3.jpg,0,0,1,1,1,1,1,2,1,
3437,image_0107_sharpness_L1.jpg,0,1,1,1,1,1,1,1,1,
3438,image_0109_sharpness_L3.jpg,0,0,1,1,1,1,2,4,1,
3439,image_0110_sharpness_L3.jpg,0,0,1,1,1,1,1,2,1,
3440,image_0114_sharpness_L4.jpg,0,0,1,1,1,1,2,3,1,
3441,image_0115_sharpness_L3.jpg,0,0,1,1,1,1,1,1,1,
3442,image_0116_sharpness_L3.jpg,1,0,1,1,1,1,1,1,1,
3443,image_0121_sharpness_L1.jpg,0,1,1,1,1,1,1,1,1,
3444,image_0126_sharpness_L2.jpg,0,0,1,1,1,1,1,1,1,
3445,image_0127_sharpness_L4.jpg,0,0,1,3,1,1,2,4,1,
3446,image_0132_sharpness_L1.jpg,1,1,1,1,1,1,1,1,1,
3447,image_0133_sharpness_L1.jpg,0,1,1,1,1,1,1,1,1,
3448,image_0134_sharpness_L3.jpg,1,0,1,3,1,1,2,4,1,
3449,image_0135_sharpness_L1.jpg,0,1,1,1,1,1,1,1,1,
3450,image_0135_sharpness_L4.jpg,0,0,1,1,1,1,1,2,1,
3451,image_0138_sharpness_L2.jpg,0,0,1,1,1,1,1,1,1,
3452,image_0138_sharpness_L4.jpg,0,0,1,1,1,1,1,3,1,
3453,image_0140_sharpness_L1.jpg,1,1,1,1,1,1,1,1,1,
3454,image_0144_sharpness_L3.jpg,1,0,1,1,1,1,1,1,1,
3455,image_0145_sharpness_L2.jpg,1,0,1,1,1,1,1,1,1,
3456,image_0152_sharpness_L1.jpg,0,1,1,1,1,1,1,1,1,
3457,image_0154_sharpness_L4.jpg,0,0,1,1,1,1,1,3,1,
3458,image_0155_sharpness_L4.jpg,0,0,1,1,1,1,2,3,1,
3459,image_0159_sharpness_L2.jpg,0,0,1,1,1,1,1,2,1,
3460,image_0161_sharpness_L3.jpg,1,0,1,1,1,1,1,2,1,
3461,image_0164_sharpness_L3.jpg,1,0,1,1,1,1,1,2,1,
3462,image_0167_sharpness_L4.jpg,1,0,1,1,1,1,2,3,1,
3463,image_0169_sharpness_L1.jpg,1,0,1,1,1,1,1,1,1,
3464,image_0170_sharpness_L3.jpg,1,0,1,1,1,1,1,2,1,
3465,image_0171_sharpness_L2.jpg,1,0,1,1,1,1,1,1,1,
3466,image_0172_sharpness_L2.jpg,1,0,1,1,1,1,1,1,1,
3467,image_0177_sharpness_L1.jpg,0,1,1,1,1,1,1,1,1,
3468,image_0180_sharpness_L1.jpg,1,1,1,1,1,1,1,2,1,
3469,image_0183_sharpness_L4.jpg,1,0,1,1,1,1,2,4,1,
3470,image_0187_sharpness_L3.jpg,1,0,1,1,1,1,1,3,1,
3471,image_0188_sharpness_L1.jpg,1,1,1,1,1,1,1,1,1,
3472,image_0198_sharpness_L2.jpg,1,0,1,1,1,1,1,2,1,
3473,image_0198_sharpness_L4.jpg,1,0,1,1,1,2,2,4,1,
3474,image_0199_sharpness_L1.jpg,1,0,1,1,1,1,1,4,1,
3475,image_0201_sharpness_L1.jpg,0,0,1,1,1,1,1,1,1,
3476,image_0202_sharpness_L4.jpg,0,0,1,1,1,1,2,3,1,
3477,image_0208_sharpness_L1.jpg,0,1,1,1,1,1,1,1,1,
3478,image_0209_sharpness_L4.jpg,0,0,1,1,1,1,2,4,1,
3479,image_0217_sharpness_L4.jpg,0,0,1,1,1,1,2,4,1,
3480,image_0218_sharpness_L3.jpg,0,0,1,1,1,1,1,4,1,
3481,image_0222_sharpness_L3.jpg,0,0,1,1,1,1,1,1,1,
3482,image_0225_sharpness_L4.jpg,0,0,1,1,1,1,2,4,1,
3483,image_0228_sharpness_L2.jpg,0,0,1,1,1,1,1,2,1,
3484,image_0230_sharpness_L2.jpg,1,0,1,1,1,1,1,3,1,
3485,image_0231_sharpness_L1.jpg,1,1,1,1,1,1,1,2,1,
3486,image_0238_sharpness_L1.jpg,1,1,1,1,1,1,1,1,1,
3487,image_0241_sharpness_L4.jpg,0,0,1,3,1,1,1,2,1,
3488,image_0242_sharpness_L1.jpg,0,1,1,3,1,1,1,1,1,
3489,image_0242_sharpness_L3.jpg,0,0,1,3,1,1,1,2,1,
3490,image_0249_sharpness_L1.jpg,0,1,1,1,1,1,1,1,1,
3491,image_0249_sharpness_L3.jpg,0,0,1,1,1,1,1,2,1,
3492,image_0249_sharpness_L4.jpg,0,0,1,1,1,1,2,4,1,
3493,image_0250_sharpness_L3.jpg,0,0,1,1,1,1,1,1,1,
3494,image_0255_sharpness_L3.jpg,1,0,1,3,1,1,1,4,1,
3495,image_0257_sharpness_L2.jpg,1,0,1,1,1,1,1,1,1,
3496,image_0258_sharpness_L2.jpg,0,0,1,1,1,1,1,1,1,
3497,image_0261_sharpness_L3.jpg,1,0,1,1,1,1,1,2,1,
3498,image_0274_sharpness_L3.jpg,0,0,1,1,1,1,2,4,1,
3499,image_0279_sharpness_L1.jpg,0,1,1,1,1,1,1,1,1,
3500,image_0283_sharpness_L3.jpg,0,0,1,3,1,1,1,3,1,
3501,image_0285_sharpness_L2.jpg,0,0,1,1,1,1,1,2,1,
3502,image_0286_sharpness_L2.jpg,0,0,1,1,1,1,1,1,1,
3503,image_0288_sharpness_L2.jpg,1,0,1,1,1,1,1,2,1,
3504,image_0289_sharpness_L3.jpg,0,0,1,1,1,1,1,2,1,
3505,image_0295_sharpness_L4.jpg,0,0,1,3,1,1,1,2,1,
3506,image_0297_sharpness_L2.jpg,0,0,1,1,1,1,1,2,1,
3507,image_0300_sharpness_L3.jpg,0,0,1,3,1,1,1,3,1,
3508,image_0304_sharpness_L4.jpg,1,0,1,1,1,1,2,4,1,
3509,image_0308_sharpness_L1.jpg,1,1,1,1,1,1,1,2,1,
3510,image_0309_sharpness_L3.jpg,1,0,1,1,1,1,2,3,1,
3511,image_0317_sharpness_L1.jpg,0,1,1,1,1,1,1,2,1,
3512,image_0318_sharpness_L2.jpg,0,0,1,3,1,1,1,1,1,
3513,image_0323_sharpness_L4.jpg,0,0,1,1,1,1,1,3,1,
3514,image_0327_sharpness_L3.jpg,0,0,1,1,1,1,2,4,1,
3515,image_0332_sharpness_L2.jpg,0,0,1,1,1,1,1,3,1,
3516,image_0333_sharpness_L1.jpg,0,1,1,1,1,1,1,2,1,
3517,image_0334_sharpness_L4.jpg,1,0,1,1,1,1,2,4,1,
3518,image_0337_sharpness_L2.jpg,1,0,1,1,1,1,2,4,1,
3519,image_0338_sharpness_L2.jpg,1,0,1,1,1,1,2,4,1,
3520,image_0340_sharpness_L1.jpg,0,1,1,1,1,1,1,2,1,
3521,image_0344_sharpness_L1.jpg,0,1,1,1,1,1,1,2,1,
3522,image_0344_sharpness_L4.jpg,0,0,1,1,1,1,2,4,1,
3523,image_0347_sharpness_L2.jpg,0,0,1,1,1,1,1,4,1,
3524,image_0348_sharpness_L4.jpg,0,0,1,1,1,1,2,4,1,
3525,image_0352_sharpness_L4.jpg,0,0,1,1,1,1,2,3,1,
3526,image_0354_sharpness_L4.jpg,0,0,1,1,1,1,2,3,1,
3527,image_0358_sharpness_L1.jpg,0,1,1,1,1,1,1,1,1,
3528,image_0359_sharpness_L2.jpg,0,0,1,1,1,1,1,4,1,
3529,image_0361_sharpness_L2.jpg,0,0,1,1,1,1,1,4,1,
3530,image_0365_sharpness_L2.jpg,0,0,1,1,1,1,1,1,1,
3531,image_0368_sharpness_L1.jpg,1,0,1,1,1,1,1,1,1,
3532,image_0368_sharpness_L3.jpg,1,0,1,1,1,1,1,3,1,
3533,image_0373_sharpness_L1.jpg,1,0,1,1,1,1,1,1,1,
3534,image_0373_sharpness_L2.jpg,1,0,1,1,1,1,1,2,1,
3535,image_0376_sharpness_L4.jpg,0,0,1,1,1,1,2,3,1,
3536,image_0378_sharpness_L2.jpg,0,0,1,1,1,1,1,2,1,
3537,image_0378_sharpness_L3.jpg,0,0,1,1,1,1,1,3,1,
3538,image_0382_sharpness_L1.jpg,0,1,1,1,1,1,1,2,1,
3539,image_0385_sharpness_L2.jpg,1,0,1,1,1,1,1,4,1,
3540,image_0387_sharpness_L4.jpg,1,0,1,1,1,1,2,4,1,
3541,image_0391_sharpness_L3.jpg,1,0,1,1,1,1,2,4,1,
3542,image_0397_sharpness_L4.jpg,1,0,1,1,1,1,2,4,1,
3543,image_0400_sharpness_L3.jpg,0,0,1,1,1,1,2,4,1,
3544,image_0402_sharpness_L1.jpg,1,1,1,1,1,1,1,3,1,
3545,image_0404_sharpness_L3.jpg,0,0,1,1,1,1,2,4,1,
3546,image_0405_sharpness_L2.jpg,0,0,1,1,1,1,1,3,1,
3547,image_0406_sharpness_L3.jpg,0,0,1,1,1,1,1,3,1,
3548,image_0407_sharpness_L3.jpg,0,0,1,1,1,1,1,4,1,
3549,image_0409_sharpness_L4.jpg,0,0,1,1,1,1,2,4,1,
3550,image_0414_sharpness_L4.jpg,0,0,1,1,1,1,2,4,1,
3551,image_0417_sharpness_L2.jpg,1,0,1,1,1,1,2,4,1,
3552,image_0419_sharpness_L2.jpg,0,0,1,1,1,1,2,4,1,
3553,image_0420_sharpness_L3.jpg,0,0,1,1,1,1,2,4,1,
3554,image_0423_sharpness_L4.jpg,0,0,1,1,1,1,2,4,1,
3555,image_0426_sharpness_L2.jpg,0,0,1,1,1,1,1,4,1,
3556,image_0431_sharpness_L2.jpg,0,0,1,1,1,1,1,3,1,
3557,image_0433_sharpness_L2.jpg,1,0,1,1,1,1,1,3,1,
3558,image_0435_sharpness_L2.jpg,0,0,1,1,1,1,1,3,1,
3559,image_0436_sharpness_L4.jpg,0,0,1,1,1,1,2,3,1,
3560,image_0440_sharpness_L2.jpg,0,0,1,1,1,1,1,2,1,
3561,image_0441_sharpness_L3.jpg,0,0,1,1,1,1,1,3,1,
3562,image_0442_sharpness_L4.jpg,0,0,1,1,1,1,2,4,1,
3563,image_0443_sharpness_L2.jpg,0,0,1,1,1,1,2,4,1,
3564,image_0444_sharpness_L4.jpg,0,0,1,1,1,1,2,4,1,
3565,image_0446_sharpness_L1.jpg,0,0,1,1,1,1,1,2,1,
3566,image_0446_sharpness_L3.jpg,0,0,1,1,1,1,2,3,1,
3567,image_0450_sharpness_L1.jpg,1,1,1,1,1,1,1,1,1,
3568,image_0451_sharpness_L1.jpg,0,0,1,1,1,1,1,1,1,
3569,image_0460_sharpness_L1.jpg,0,1,1,1,1,1,1,1,1,
3570,image_0460_sharpness_L3.jpg,0,0,1,1,1,1,1,1,1,
3571,image_0462_sharpness_L1.jpg,0,1,1,1,1,1,1,1,1,
3572,image_0462_sharpness_L3.jpg,0,0,1,1,1,1,1,2,1,
3573,image_0463_sharpness_L2.jpg,0,0,1,1,1,1,1,2,1,
3574,image_0463_sharpness_L3.jpg,0,0,1,1,1,1,1,3,1,
3575,image_0466_sharpness_L4.jpg,0,0,1,1,1,1,2,3,1,
3576,image_0468_sharpness_L1.jpg,0,1,1,1,1,1,1,1,1,
3577,image_0470_sharpness_L2.jpg,0,0,1,1,1,1,1,2,1,
3578,image_0471_sharpness_L1.jpg,0,1,1,1,1,1,1,1,1,
3579,image_0475_sharpness_L3.jpg,0,0,1,1,1,1,1,1,1,
3580,image_0476_sharpness_L4.jpg,0,0,1,1,1,1,1,2,1,
3581,image_0477_sharpness_L1.jpg,0,1,1,1,1,1,1,1,1,
3582,image_0478_sharpness_L2.jpg,0,0,1,1,1,1,1,1,1,
3583,image_0481_sharpness_L3.jpg,0,0,1,1,1,1,1,1,1,
3584,image_0481_sharpness_L4.jpg,0,0,1,1,1,1,1,2,1,
3585,image_0484_sharpness_L2.jpg,0,0,1,1,1,1,1,1,1,
3586,image_0486_sharpness_L2.jpg,0,0,1,1,1,1,1,1,1,
3587,image_0487_sharpness_L2.jpg,0,0,1,1,1,1,1,1,1,
3588,image_0487_sharpness_L3.jpg,0,0,1,1,1,1,1,2,1,
3589,image_0493_sharpness_L1.jpg,0,0,1,1,1,1,1,1,1,
3590,image_0494_sharpness_L3.jpg,0,0,1,1,1,1,1,3,1,
3591,image_0496_sharpness_L3.jpg,0,0,1,1,1,1,1,3,1,
3592,image_0501_sharpness_L2.jpg,0,0,1,1,1,1,1,2,1,
3593,image_0504_sharpness_L3.jpg,0,0,1,1,1,1,1,4,1,
3594,image_0506_sharpness_L1.jpg,0,0,1,1,1,1,1,3,1,
3595,image_0506_sharpness_L4.jpg,0,0,1,1,1,1,2,4,1,
3596,image_0507_sharpness_L2.jpg,0,0,1,1,1,1,1,4,1,
3597,image_0508_sharpness_L4.jpg,0,0,1,1,1,1,2,4,1,
3598,image_0509_sharpness_L2.jpg,0,0,1,1,1,1,1,4,1,
3599,image_0510_sharpness_L1.jpg,0,1,1,1,1,1,1,1,1,
3600,image_0516_sharpness_L1.jpg,1,1,1,1,1,1,1,4,1,
3601,image_0517_sharpness_L2.jpg,1,0,1,1,1,1,2,4,2,
3602,image_0518_sharpness_L4.jpg,1,0,1,2,1,1,2,4,2,
3603,image_0520_sharpness_L3.jpg,0,0,1,1,1,1,3,4,1,
3604,image_0521_sharpness_L4.jpg,0,0,1,1,1,1,3,4,1,
3605,image_0522_sharpness_L1.jpg,0,1,1,1,1,1,1,4,1,
3606,image_0524_sharpness_L3.jpg,0,0,1,1,1,1,2,4,1,
3607,image_0525_sharpness_L2.jpg,0,0,1,1,1,1,1,3,1,
3608,image_0525_sharpness_L4.jpg,0,0,1,1,1,1,2,4,1,
3609,image_0529_sharpness_L4.jpg,0,0,1,1,1,1,2,4,1,
3610,image_0530_sharpness_L1.jpg,1,1,1,1,1,1,2,4,1,
3611,image_0540_sharpness_L2.jpg,0,0,1,1,1,1,3,4,1,
3612,image_0543_sharpness_L3.jpg,0,0,1,1,1,1,2,4,1,
3613,image_0545_sharpness_L2.jpg,0,0,1,1,1,1,2,4,1,
3614,image_0545_sharpness_L4.jpg,0,0,1,1,1,1,3,4,1,
3615,image_0550_sharpness_L4.jpg,0,0,1,1,1,1,3,4,1,
3616,image_0552_sharpness_L1.jpg,1,1,1,1,1,1,1,4,1,
3617,image_0555_sharpness_L4.jpg,1,0,1,1,1,2,3,4,1,
3618,image_0559_sharpness_L4.jpg,0,0,1,1,1,1,1,1,1,
3619,image_0562_sharpness_L1.jpg,0,0,1,1,1,1,1,1,1,
3620,image_0564_sharpness_L4.jpg,0,0,1,1,1,1,3,4,1,
3621,image_0566_sharpness_L1.jpg,1,1,1,1,1,1,1,4,1,
3622,image_0569_sharpness_L3.jpg,0,0,1,1,1,1,2,4,1,
3623,image_0570_sharpness_L2.jpg,0,0,1,1,1,1,1,4,1,
3624,image_0573_sharpness_L4.jpg,0,0,1,1,1,1,3,4,1,
3625,image_0574_sharpness_L1.jpg,0,1,1,1,1,1,1,4,1,
3626,image_0576_sharpness_L1.jpg,0,1,1,1,1,1,1,4,1,
3627,image_0580_sharpness_L4.jpg,0,0,1,1,1,2,2,4,1,
3628,image_0583_sharpness_L1.jpg,0,1,1,1,1,1,1,1,1,
3629,image_0583_sharpness_L4.jpg,0,0,1,1,1,1,1,3,1,
3630,image_0584_sharpness_L2.jpg,0,0,1,1,1,1,1,3,1,
3631,image_0587_sharpness_L3.jpg,0,0,1,1,1,2,2,4,1,
3632,image_0594_sharpness_L1.jpg,1,0,1,1,1,1,1,1,1,
3633,image_0596_sharpness_L1.jpg,0,0,1,1,1,1,1,1,1,
3634,image_0598_sharpness_L2.jpg,1,0,1,1,1,1,1,1,1,
3635,image_0603_sharpness_L3.jpg,0,0,1,1,1,1,2,3,1,
3636,image_0604_sharpness_L1.jpg,0,1,1,1,1,1,1,1,1,
3637,image_0605_sharpness_L1.jpg,0,1,1,1,1,1,1,2,1,
3638,image_0606_sharpness_L3.jpg,0,0,1,1,1,1,1,2,1,
3639,image_0610_sharpness_L1.jpg,0,1,1,1,1,1,1,1,1,
3640,image_0615_sharpness_L1.jpg,1,1,1,1,1,1,1,1,1,
3641,image_0618_sharpness_L3.jpg,0,0,1,1,1,1,1,3,1,
3642,image_0621_sharpness_L1.jpg,0,1,1,1,1,1,1,1,1,
3643,image_0626_sharpness_L1.jpg,0,1,1,1,1,1,1,1,1,
3644,image_0628_sharpness_L3.jpg,0,0,1,1,1,1,1,3,1,
3645,image_0628_sharpness_L4.jpg,0,0,1,1,1,1,2,4,1,
3646,image_0629_sharpness_L2.jpg,0,0,1,1,1,1,1,4,1,
3647,image_0629_sharpness_L4.jpg,0,0,1,1,1,1,2,4,1,
3648,image_0632_sharpness_L1.jpg,0,1,1,1,1,1,1,4,1,
3649,image_0633_sharpness_L2.jpg,0,0,1,1,1,1,1,2,1,
3650,image_0635_sharpness_L1.jpg,0,1,1,1,1,1,1,1,1,
3651,image_0636_sharpness_L4.jpg,0,0,1,1,1,1,2,4,1,
3652,image_0638_sharpness_L1.jpg,0,1,1,1,1,1,1,3,1,
3653,image_0641_sharpness_L3.jpg,1,0,1,3,1,1,2,4,1,
3654,image_0643_sharpness_L3.jpg,1,0,1,1,1,1,2,4,1,
3655,image_0644_sharpness_L4.jpg,1,0,1,1,1,1,2,4,1,
3656,image_0649_sharpness_L4.jpg,0,0,1,1,1,1,2,4,1,
3657,image_0650_sharpness_L1.jpg,1,1,1,1,1,1,1,1,1,
3658,image_0650_sharpness_L3.jpg,1,0,1,1,1,1,1,3,1,
3659,image_0654_sharpness_L4.jpg,1,0,1,1,1,1,2,4,1,
3660,image_0655_sharpness_L3.jpg,0,0,1,1,1,1,1,3,1,
3661,image_0655_sharpness_L4.jpg,0,0,1,1,1,1,2,4,1,
3662,image_0659_sharpness_L4.jpg,0,0,1,1,1,1,2,4,1,
3663,image_0666_sharpness_L1.jpg,0,1,1,1,1,1,1,1,1,
3664,image_0666_sharpness_L3.jpg,0,0,1,1,1,1,1,3,1,
3665,image_0668_sharpness_L2.jpg,0,0,1,1,1,1,1,2,1,
3666,image_0669_sharpness_L1.jpg,0,1,1,1,1,1,1,1,1,
3667,image_0669_sharpness_L3.jpg,0,0,1,1,1,1,1,2,1,
3668,image_0669_sharpness_L4.jpg,0,0,1,1,1,1,2,3,1,
3669,image_0676_sharpness_L2.jpg,0,0,1,1,1,1,1,1,1,
3670,image_0678_sharpness_L1.jpg,1,0,1,3,1,1,1,2,1,
3671,image_0678_sharpness_L2.jpg,1,0,1,3,1,1,1,3,1,
3672,image_0678_sharpness_L3.jpg,1,0,1,3,1,1,2,4,1,
3673,image_0680_sharpness_L2.jpg,0,0,1,1,1,1,1,2,1,
3674,image_0680_sharpness_L4.jpg,0,0,1,1,1,1,2,4,1,
3675,image_0681_sharpness_L4.jpg,0,0,1,1,1,1,2,4,1,
3676,image_0682_sharpness_L1.jpg,1,1,1,1,1,1,1,4,1,
3677,image_0689_sharpness_L2.jpg,1,0,1,1,1,1,1,4,1,
3678,image_0692_sharpness_L3.jpg,0,0,1,1,1,1,2,4,1,
3679,image_0698_sharpness_L1.jpg,0,1,1,1,1,1,1,1,1,
3680,image_0698_sharpness_L2.jpg,0,0,1,1,1,1,1,1,1,
3681,image_0699_sharpness_L3.jpg,0,0,1,1,1,1,1,2,1,
3682,image_0700_sharpness_L2.jpg,0,0,1,1,1,1,1,1,1,
3683,image_0701_sharpness_L1.jpg,0,1,1,1,1,1,1,1,1,
3684,image_0701_sharpness_L3.jpg,0,0,1,1,1,1,1,2,1,
3685,image_0704_sharpness_L2.jpg,0,0,1,3,1,1,1,3,1,
3686,image_0704_sharpness_L4.jpg,0,0,1,3,1,1,2,4,1,
3687,image_0708_sharpness_L1.jpg,0,1,1,1,1,1,1,2,1,
3688,image_0717_sharpness_L2.jpg,0,0,1,1,1,1,1,3,1,
3689,image_0718_sharpness_L4.jpg,0,0,1,1,1,1,1,2,1,
3690,image_0720_sharpness_L2.jpg,0,0,1,1,1,1,1,1,1,
3691,image_0724_sharpness_L1.jpg,0,1,1,1,1,1,1,1,1,
3692,image_0724_sharpness_L3.jpg,0,0,1,1,1,1,1,2,1,
3693,image_0730_sharpness_L3.jpg,0,0,1,1,1,1,1,1,1,
3694,image_0733_sharpness_L1.jpg,0,1,1,1,1,1,1,1,1,
3695,image_0735_sharpness_L2.jpg,0,0,1,1,1,1,1,2,1,
3696,image_0735_sharpness_L3.jpg,0,0,1,1,1,1,1,3,1,
3697,image_0738_sharpness_L1.jpg,0,1,1,1,1,1,1,1,1,
3698,image_0742_sharpness_L1.jpg,0,1,1,1,1,1,2,4,1,
3699,image_0748_sharpness_L1.jpg,0,1,1,1,1,1,1,1,1,
3700,image_0749_sharpness_L2.jpg,0,0,1,1,1,1,1,2,1,
3701,image_0751_sharpness_L3.jpg,0,0,1,1,1,1,1,2,1,
3702,image_0755_sharpness_L2.jpg,0,0,1,1,1,1,1,2,1,
3703,image_0762_sharpness_L4.jpg,0,0,1,1,1,1,1,2,1,
3704,image_0766_sharpness_L2.jpg,0,0,1,1,1,1,1,3,1,
3705,image_0766_sharpness_L3.jpg,0,0,1,1,1,1,2,4,1,
3706,image_0773_sharpness_L2.jpg,0,0,1,1,1,1,1,1,1,
3707,image_0775_sharpness_L1.jpg,0,1,1,1,1,1,1,1,1,
3708,image_0780_sharpness_L3.jpg,0,0,1,1,1,1,1,4,1,
3709,image_0783_sharpness_L4.jpg,0,0,1,1,1,1,2,4,1,
3710,image_0789_sharpness_L1.jpg,0,1,1,1,1,1,1,1,1,
3711,image_0793_sharpness_L1.jpg,0,1,1,1,1,1,1,1,1,
3712,image_0796_sharpness_L4.jpg,0,0,1,1,1,1,2,4,1,
3713,image_0799_sharpness_L2.jpg,0,0,1,1,1,1,1,4,1,
3714,image_0799_sharpness_L3.jpg,0,0,1,1,1,1,2,4,1,
3715,image_0802_sharpness_L3.jpg,0,0,1,1,1,1,1,3,1,
3716,image_0803_sharpness_L3.jpg,0,0,1,1,1,1,1,2,1,
3717,image_0803_sharpness_L4.jpg,0,0,1,1,1,1,2,4,1,
3718,image_0806_sharpness_L2.jpg,0,0,1,1,1,1,1,2,1,
3719,image_0809_sharpness_L2.jpg,0,0,1,1,1,1,2,4,1,
3720,image_0811_sharpness_L4.jpg,0,0,1,1,1,1,3,4,1,
3721,image_0817_sharpness_L2.jpg,0,0,1,1,1,1,1,1,1,
3722,image_0818_sharpness_L3.jpg,0,0,1,1,1,1,1,2,1,
3723,image_0820_sharpness_L4.jpg,0,0,1,1,1,1,2,4,1,
3724,image_0821_sharpness_L1.jpg,0,1,1,1,1,1,1,1,1,
3725,image_0821_sharpness_L3.jpg,0,0,1,1,1,1,1,3,1,
3726,image_0822_sharpness_L4.jpg,0,0,1,1,1,1,2,4,1,
3727,image_0823_sharpness_L2.jpg,0,0,1,1,1,1,1,1,1,
3728,image_0825_sharpness_L2.jpg,0,0,1,1,1,1,1,1,1,
3729,image_0828_sharpness_L4.jpg,0,0,1,1,1,1,2,3,1,
3730,image_0834_sharpness_L1.jpg,0,1,1,1,1,1,1,1,1,
3731,image_0834_sharpness_L3.jpg,0,0,1,1,1,1,1,3,1,
3732,image_0835_sharpness_L4.jpg,0,0,1,1,1,1,2,4,1,
3733,image_0836_sharpness_L3.jpg,0,0,1,1,1,1,1,3,1,
3734,image_0837_sharpness_L2.jpg,0,0,1,1,1,1,1,1,1,
3735,image_0839_sharpness_L3.jpg,0,0,1,1,1,1,1,4,1,
3736,image_0839_sharpness_L4.jpg,0,0,1,1,1,1,2,4,1,
3737,image_0842_sharpness_L1.jpg,0,1,1,1,1,1,1,1,1,
3738,image_0849_sharpness_L2.jpg,0,0,1,1,1,1,1,1,1,
3739,image_0853_sharpness_L1.jpg,0,1,1,1,1,1,1,1,1,
3740,image_0857_sharpness_L2.jpg,0,0,1,1,1,1,1,1,1,
3741,image_0858_sharpness_L3.jpg,0,0,1,1,1,1,1,3,1,
3742,image_0861_sharpness_L4.jpg,0,0,1,1,1,1,2,3,1,
3743,image_0862_sharpness_L2.jpg,0,0,1,1,1,1,1,1,1,
3744,image_0863_sharpness_L4.jpg,0,0,1,1,1,1,1,3,1,
3745,image_0864_sharpness_L2.jpg,0,0,1,1,1,1,1,1,1,
3746,image_0869_sharpness_L1.jpg,0,1,1,1,1,1,1,1,1,
3747,image_0873_sharpness_L1.jpg,0,1,1,1,1,1,1,1,1,
3748,image_0873_sharpness_L2.jpg,0,0,1,1,1,1,1,2,1,
3749,image_0876_sharpness_L4.jpg,0,0,1,1,1,1,2,4,1,
3750,image_0877_sharpness_L4.jpg,0,0,1,1,1,1,1,2,1,
3751,image_0881_sharpness_L3.jpg,0,0,1,1,1,1,1,3,1,
3752,image_0882_sharpness_L4.jpg,0,0,1,1,1,1,2,4,1,
3753,image_0889_sharpness_L1.jpg,0,1,1,1,1,1,1,4,1,
3754,image_0889_sharpness_L4.jpg,0,0,1,1,1,1,3,4,1,
3755,image_0893_sharpness_L2.jpg,0,0,1,1,1,1,1,2,1,
3756,image_0893_sharpness_L3.jpg,0,0,1,1,1,1,1,3,1,
3757,image_0900_sharpness_L3.jpg,0,0,1,1,1,1,1,2,1,
3758,image_0900_sharpness_L4.jpg,0,0,1,1,1,1,2,3,1,
3759,image_0901_sharpness_L2.jpg,0,0,1,1,1,1,1,2,1,
3760,image_0910_sharpness_L3.jpg,0,0,1,1,1,1,1,1,1,
3761,image_0910_sharpness_L4.jpg,0,0,1,1,1,1,1,2,1,
3762,image_0919_sharpness_L1.jpg,1,1,1,1,1,1,1,1,1,
3763,image_0919_sharpness_L4.jpg,1,0,1,1,1,1,2,3,1,
3764,image_0921_sharpness_L1.jpg,1,1,1,1,1,1,1,1,1,
3765,image_0922_sharpness_L3.jpg,0,0,1,1,1,1,1,2,1,
3766,image_0930_sharpness_L3.jpg,0,0,1,1,1,1,1,4,1,
3767,image_0932_sharpness_L4.jpg,0,0,1,1,1,1,2,4,1,
3768,image_0933_sharpness_L4.jpg,0,0,1,1,1,1,3,4,1,
3769,image_0934_sharpness_L3.jpg,0,0,1,1,1,1,2,4,1,
3770,image_0937_sharpness_L2.jpg,0,0,1,1,1,1,1,2,1,
3771,image_0939_sharpness_L3.jpg,0,0,1,1,1,1,1,1,1,
3772,image_0945_sharpness_L3.jpg,0,0,1,1,1,1,1,4,1,
3773,image_0946_sharpness_L4.jpg,1,0,1,1,1,1,2,4,1,
3774,image_0947_sharpness_L1.jpg,0,1,1,1,1,1,1,1,1,
3775,image_0947_sharpness_L4.jpg,0,0,1,1,1,1,1,3,1,
3776,image_0948_sharpness_L3.jpg,0,0,1,1,1,1,1,3,1,
3777,image_0951_sharpness_L1.jpg,0,1,1,1,1,1,1,1,1,
3778,image_0957_sharpness_L3.jpg,0,0,1,1,1,1,1,3,1,
3779,image_0960_sharpness_L2.jpg,0,0,1,1,1,1,1,2,1,
3780,image_0963_sharpness_L2.jpg,0,0,1,1,1,1,1,1,1,
3781,image_0965_sharpness_L4.jpg,1,0,1,1,1,1,2,4,1,
3782,image_0970_sharpness_L4.jpg,0,0,1,1,1,1,1,2,1,
3783,image_0973_sharpness_L3.jpg,1,0,1,1,1,1,1,2,1,
3784,image_0978_sharpness_L1.jpg,0,1,1,1,1,1,1,1,1,
3785,image_0980_sharpness_L3.jpg,0,0,1,1,1,1,1,2,1,
3786,image_0981_sharpness_L4.jpg,0,0,1,1,1,1,1,2,1,
3787,image_0983_sharpness_L3.jpg,0,0,1,1,1,1,1,3,1,
3788,image_0986_sharpness_L1.jpg,0,1,1,1,1,1,1,1,1,
3789,image_0988_sharpness_L4.jpg,0,0,1,1,1,1,1,3,1,
3790,image_0989_sharpness_L3.jpg,1,0,1,1,1,1,1,2,1,
3791,image_0990_sharpness_L1.jpg,1,0,1,1,1,1,1,1,1,
3792,image_0990_sharpness_L2.jpg,1,0,1,1,1,1,1,2,1,
3793,image_0001_MIXED_L3.jpg,1,0,2,2,1,3,4,4,3,
3794,image_0001_MIXED_L4.jpg,1,0,4,2,1,4,4,4,4,
3795,image_0004_MIXED_L1.jpg,1,1,1,2,1,2,3,4,1,
3796,image_0005_MIXED_L1.jpg,1,1,1,2,1,2,3,4,1,
3797,image_0005_MIXED_L2.jpg,1,0,1,2,1,2,3,4,3,
3798,image_0005_MIXED_L4.jpg,1,0,4,2,1,4,4,4,4,
3799,image_0007_MIXED_L3.jpg,1,0,2,2,1,3,4,4,3,
3800,image_0007_MIXED_L4.jpg,1,0,4,2,1,4,4,4,4,
3801,image_0009_MIXED_L2.jpg,1,0,1,2,1,2,3,4,2,
3802,image_0011_MIXED_L2.jpg,0,0,1,2,1,2,3,4,2,
3803,image_0012_MIXED_L1.jpg,0,1,1,2,1,2,3,4,1,
3804,image_0013_MIXED_L1.jpg,0,1,1,2,1,1,3,4,1,
3805,image_0013_MIXED_L2.jpg,0,0,1,2,1,1,3,4,2,
3806,image_0013_MIXED_L3.jpg,0,0,2,2,1,3,4,4,2,
3807,image_0013_MIXED_L4.jpg,0,0,4,2,1,4,4,4,4,
3808,image_0014_MIXED_L4.jpg,1,0,4,2,1,4,4,4,4,
3809,image_0015_MIXED_L1.jpg,0,1,1,2,1,2,3,4,1,
3810,image_0015_MIXED_L3.jpg,0,0,2,2,1,3,4,4,2,
3811,image_0016_MIXED_L1.jpg,0,1,1,2,1,1,3,4,1,
3812,image_0016_MIXED_L2.jpg,0,0,1,2,1,2,3,4,2,
3813,image_0017_MIXED_L2.jpg,0,0,1,2,1,2,3,4,2,
3814,image_0020_MIXED_L1.jpg,0,1,1,2,1,1,3,4,1,
3815,image_0020_MIXED_L3.jpg,0,0,2,2,1,3,4,4,2,
3816,image_0022_MIXED_L1.jpg,0,1,1,2,1,1,3,4,1,
3817,image_0022_MIXED_L4.jpg,0,0,4,2,1,4,4,4,4,
3818,image_0023_MIXED_L1.jpg,0,1,1,2,1,1,3,4,1,
3819,image_0023_MIXED_L2.jpg,0,0,1,2,1,1,3,4,2,
3820,image_0024_MIXED_L1.jpg,0,1,1,2,1,1,3,4,1,
3821,image_0025_MIXED_L4.jpg,0,0,4,2,1,4,4,4,4,
3822,image_0026_MIXED_L3.jpg,1,0,2,2,1,3,4,4,3,
3823,image_0027_MIXED_L3.jpg,0,0,2,2,1,3,4,4,3,
3824,image_0027_MIXED_L4.jpg,0,0,4,2,1,4,4,4,4,
3825,image_0028_MIXED_L1.jpg,0,1,1,2,1,2,3,4,1,
3826,image_0028_MIXED_L2.jpg,0,0,1,2,1,2,3,4,2,
3827,image_0030_MIXED_L1.jpg,0,1,1,2,1,2,3,4,1,
3828,image_0030_MIXED_L3.jpg,0,0,2,2,1,3,4,4,2,
3829,image_0030_MIXED_L4.jpg,0,0,4,2,1,4,4,4,4,
3830,image_0033_MIXED_L1.jpg,0,1,1,2,1,1,3,4,1,
3831,image_0034_MIXED_L1.jpg,0,1,1,2,1,2,3,4,1,
3832,image_0036_MIXED_L3.jpg,0,0,2,2,1,3,4,4,3,
3833,image_0037_MIXED_L2.jpg,1,0,1,2,1,2,3,4,2,
3834,image_0038_MIXED_L1.jpg,0,1,1,2,1,1,3,4,1,
3835,image_0038_MIXED_L3.jpg,0,0,2,2,1,3,4,4,3,
3836,image_0039_MIXED_L1.jpg,1,1,1,2,1,2,3,4,1,
3837,image_0039_MIXED_L2.jpg,1,0,1,2,1,2,3,4,2,
3838,image_0040_MIXED_L1.jpg,1,1,1,1,1,2,3,4,1,
3839,image_0040_MIXED_L4.jpg,1,0,4,2,1,4,4,4,4,
3840,image_0041_MIXED_L2.jpg,0,0,1,2,1,2,3,4,3,
3841,image_0042_MIXED_L2.jpg,0,0,1,2,1,2,3,4,3,
3842,image_0045_MIXED_L4.jpg,0,0,4,2,1,4,4,4,4,
3843,image_0046_MIXED_L2.jpg,1,0,2,2,1,3,4,4,2,
3844,image_0046_MIXED_L4.jpg,1,0,4,2,1,4,4,4,4,
3845,image_0048_MIXED_L1.jpg,0,1,1,2,1,1,2,3,1,
3846,image_0049_MIXED_L2.jpg,0,0,1,2,1,1,3,4,2,
3847,image_0049_MIXED_L3.jpg,0,0,2,2,1,3,4,4,2,
3848,image_0050_MIXED_L1.jpg,0,1,1,2,1,2,3,4,1,
3849,image_0050_MIXED_L4.jpg,0,0,4,2,1,4,4,4,4,
3850,image_0051_MIXED_L1.jpg,0,1,1,2,1,2,3,4,1,
3851,image_0051_MIXED_L4.jpg,0,0,4,2,1,4,4,4,4,
3852,image_0052_MIXED_L3.jpg,1,0,2,2,1,3,4,4,4,
3853,image_0055_MIXED_L3.jpg,0,0,2,2,1,3,4,4,3,
3854,image_0055_MIXED_L4.jpg,0,0,4,2,1,4,4,4,4,
3855,image_0057_MIXED_L3.jpg,0,0,2,2,1,3,4,4,3,
3856,image_0057_MIXED_L4.jpg,0,0,4,2,1,4,4,4,4,
3857,image_0058_MIXED_L4.jpg,0,0,4,2,1,4,4,4,4,
3858,image_0059_MIXED_L1.jpg,0,1,1,2,1,1,3,4,1,
3859,image_0059_MIXED_L4.jpg,0,0,4,2,1,4,4,4,4,
3860,image_0060_MIXED_L1.jpg,0,0,1,2,1,1,2,4,1,
3861,image_0060_MIXED_L2.jpg,0,0,1,2,1,2,3,4,2,
3862,image_0060_MIXED_L3.jpg,0,0,2,2,1,3,4,4,3,
3863,image_0063_MIXED_L1.jpg,0,1,1,2,1,1,3,4,1,
3864,image_0063_MIXED_L4.jpg,0,0,4,2,1,4,4,4,4,
3865,image_0064_MIXED_L1.jpg,0,1,1,2,1,1,3,4,1,
3866,image_0064_MIXED_L4.jpg,0,0,4,2,1,4,4,4,4,
3867,image_0065_MIXED_L3.jpg,0,0,2,2,1,3,4,4,3,
3868,image_0066_MIXED_L2.jpg,0,0,1,2,1,1,3,4,2,
3869,image_0067_MIXED_L4.jpg,0,0,4,2,1,4,4,4,4,
3870,image_0068_MIXED_L2.jpg,1,0,1,2,1,3,3,4,2,
3871,image_0069_MIXED_L2.jpg,0,0,1,2,1,2,3,4,2,
3872,image_0069_MIXED_L4.jpg,0,0,4,2,1,4,4,4,4,
3873,image_0070_MIXED_L2.jpg,0,0,1,2,1,1,3,4,2,
3874,image_0070_MIXED_L4.jpg,0,0,4,2,1,4,4,4,4,
3875,image_0072_MIXED_L1.jpg,0,1,1,2,1,1,3,4,1,
3876,image_0073_MIXED_L1.jpg,0,1,1,2,1,2,3,4,1,
3877,image_0073_MIXED_L2.jpg,0,0,1,2,1,3,3,4,2,
3878,image_0073_MIXED_L3.jpg,0,0,2,2,1,3,4,4,3,
3879,image_0074_MIXED_L1.jpg,0,1,1,2,1,1,2,4,1,
3880,image_0074_MIXED_L2.jpg,0,0,1,2,1,1,3,4,3,
3881,image_0075_MIXED_L1.jpg,0,1,1,2,1,1,2,3,1,
3882,image_0075_MIXED_L3.jpg,0,0,2,2,1,3,4,4,2,
3883,image_0076_MIXED_L2.jpg,1,0,1,2,1,2,3,4,2,
3884,image_0076_MIXED_L4.jpg,1,0,4,2,1,4,4,4,4,
3885,image_0077_MIXED_L1.jpg,0,1,1,2,1,1,2,3,1,
3886,image_0077_MIXED_L2.jpg,0,0,1,2,1,2,3,4,2,
3887,image_0077_MIXED_L4.jpg,0,0,4,2,1,4,4,4,4,
3888,image_0079_MIXED_L1.jpg,1,1,1,2,1,1,2,3,1,
3889,image_0079_MIXED_L3.jpg,1,0,2,2,1,3,4,4,3,
3890,image_0079_MIXED_L4.jpg,1,0,4,2,1,4,4,4,4,
3891,image_0080_MIXED_L2.jpg,0,0,1,2,1,1,3,4,2,
3892,image_0082_MIXED_L4.jpg,0,0,4,2,1,4,4,4,4,
3893,image_0083_MIXED_L2.jpg,0,0,1,2,1,2,3,4,2,
3894,image_0083_MIXED_L4.jpg,0,0,4,2,1,4,4,4,4,
3895,image_0084_MIXED_L2.jpg,0,0,1,2,1,2,3,4,2,
3896,image_0085_MIXED_L2.jpg,0,0,1,2,1,1,3,4,2,
3897,image_0086_MIXED_L1.jpg,0,1,1,2,1,1,2,4,1,
3898,image_0086_MIXED_L2.jpg,0,0,1,2,1,1,3,4,2,
3899,image_0087_MIXED_L2.jpg,0,0,1,2,1,1,3,4,2,
3900,image_0087_MIXED_L3.jpg,0,0,2,2,1,4,4,4,1,
3901,image_0090_MIXED_L1.jpg,0,1,1,2,1,1,3,4,1,
3902,image_0090_MIXED_L2.jpg,0,0,1,2,1,1,3,4,2,
3903,image_0091_MIXED_L2.jpg,0,0,1,2,1,2,3,4,2,
3904,image_0092_MIXED_L1.jpg,0,1,1,2,1,2,3,4,1,
3905,image_0094_MIXED_L3.jpg,0,0,2,2,1,3,4,4,3,
3906,image_0094_MIXED_L4.jpg,0,0,4,2,1,4,4,4,4,
3907,image_0095_MIXED_L3.jpg,0,0,2,2,1,3,4,4,3,
3908,image_0095_MIXED_L4.jpg,0,0,4,2,1,4,4,4,4,
3909,image_0096_MIXED_L1.jpg,0,1,1,2,1,1,3,4,1,
3910,image_0097_MIXED_L3.jpg,0,0,2,2,1,3,4,4,2,
3911,image_0097_MIXED_L4.jpg,0,0,4,2,1,4,4,4,4,
3912,image_0099_MIXED_L1.jpg,0,1,1,2,1,1,3,4,1,
3913,image_0100_MIXED_L2.jpg,0,0,1,2,1,1,3,4,2,
3914,image_0103_MIXED_L2.jpg,0,0,1,2,1,2,3,4,2,
3915,image_0104_MIXED_L4.jpg,0,0,4,2,1,4,4,4,4,
3916,image_0105_MIXED_L2.jpg,0,0,1,2,1,1,3,4,2,
3917,image_0107_MIXED_L1.jpg,0,1,1,2,1,2,3,4,1,
3918,image_0108_MIXED_L2.jpg,0,0,1,2,1,2,3,4,2,
3919,image_0108_MIXED_L4.jpg,0,0,4,2,1,4,4,4,4,
3920,image_0110_MIXED_L3.jpg,0,0,2,2,1,3,4,4,3,
3921,image_0112_MIXED_L1.jpg,1,1,1,2,1,1,3,4,1,
3922,image_0112_MIXED_L3.jpg,1,0,2,2,1,3,4,4,3,
3923,image_0112_MIXED_L4.jpg,1,0,4,2,1,4,4,4,4,
3924,image_0113_MIXED_L2.jpg,0,0,1,2,1,2,3,4,2,
3925,image_0116_MIXED_L3.jpg,1,0,2,2,1,3,4,4,3,
3926,image_0118_MIXED_L2.jpg,0,0,1,2,1,1,3,4,3,
3927,image_0119_MIXED_L1.jpg,1,1,1,2,1,2,3,4,1,
3928,image_0119_MIXED_L3.jpg,1,0,2,2,1,3,4,4,3,
3929,image_0121_MIXED_L1.jpg,0,1,1,2,1,2,2,4,1,
3930,image_0121_MIXED_L4.jpg,0,0,4,2,1,4,4,4,4,
3931,image_0122_MIXED_L3.jpg,1,0,2,2,1,3,4,4,2,
3932,image_0122_MIXED_L4.jpg,1,0,4,2,1,4,4,4,4,
3933,image_0124_MIXED_L2.jpg,1,0,1,2,1,2,3,4,3,
3934,image_0125_MIXED_L2.jpg,1,0,1,2,1,3,3,4,3,
3935,image_0127_MIXED_L4.jpg,0,0,4,2,1,4,4,4,4,
3936,image_0128_MIXED_L1.jpg,1,1,1,2,1,2,3,4,1,
3937,image_0130_MIXED_L2.jpg,1,0,1,2,1,1,3,4,3,
3938,image_0130_MIXED_L3.jpg,1,0,2,2,1,3,4,4,2,
3939,image_0131_MIXED_L1.jpg,0,1,1,2,1,2,2,4,1,
3940,image_0131_MIXED_L2.jpg,0,0,1,2,1,2,3,4,3,
3941,image_0132_MIXED_L1.jpg,1,1,1,2,1,2,3,4,1,
3942,image_0133_MIXED_L3.jpg,0,0,2,2,1,3,4,4,3,
3943,image_0134_MIXED_L3.jpg,1,0,3,2,1,4,4,4,4,
3944,image_0135_MIXED_L4.jpg,0,0,4,2,1,4,4,4,4,
3945,image_0136_MIXED_L2.jpg,0,0,1,2,1,1,3,4,3,
3946,image_0136_MIXED_L4.jpg,0,0,4,2,1,4,4,4,4,
3947,image_0137_MIXED_L1.jpg,0,1,1,2,1,2,2,4,1,
3948,image_0137_MIXED_L3.jpg,0,0,2,2,1,3,4,4,2,
3949,image_0137_MIXED_L4.jpg,0,0,4,2,1,4,4,4,4,
3950,image_0138_MIXED_L3.jpg,0,0,2,2,1,3,4,4,2,
3951,image_0139_MIXED_L1.jpg,1,1,1,2,1,2,2,4,1,
3952,image_0139_MIXED_L3.jpg,1,0,2,2,1,3,4,4,2,
3953,image_0140_MIXED_L4.jpg,1,0,4,2,1,4,4,4,4,
3954,image_0141_MIXED_L2.jpg,1,0,1,2,1,1,3,4,2,
3955,image_0144_MIXED_L3.jpg,1,0,2,2,1,3,4,4,2,
3956,image_0146_MIXED_L2.jpg,0,0,1,2,1,2,3,4,3,
3957,image_0146_MIXED_L4.jpg,0,0,4,2,1,4,4,4,4,
3958,image_0148_MIXED_L4.jpg,1,0,4,2,1,4,4,4,4,
3959,image_0149_MIXED_L1.jpg,0,1,1,2,1,1,3,4,1,
3960,image_0149_MIXED_L3.jpg,0,0,2,2,1,4,4,4,2,
3961,image_0150_MIXED_L1.jpg,0,1,1,2,1,2,3,4,1,
3962,image_0150_MIXED_L2.jpg,0,0,1,2,1,3,3,4,3,
3963,image_0150_MIXED_L4.jpg,0,0,4,2,1,4,4,4,4,
3964,image_0151_MIXED_L3.jpg,0,0,2,2,1,3,4,4,2,
3965,image_0152_MIXED_L1.jpg,0,1,1,2,1,1,3,4,1,
3966,image_0153_MIXED_L3.jpg,0,0,2,2,1,3,4,4,2,
3967,image_0154_MIXED_L4.jpg,0,0,4,2,1,4,4,4,4,
3968,image_0156_MIXED_L1.jpg,0,1,1,2,1,1,2,4,1,
3969,image_0158_MIXED_L1.jpg,0,1,1,2,1,1,2,4,1,
3970,image_0158_MIXED_L2.jpg,0,0,1,2,1,1,3,4,2,
3971,image_0159_MIXED_L3.jpg,0,0,2,2,1,3,4,4,3,
3972,image_0159_MIXED_L4.jpg,0,0,4,2,1,4,4,4,4,
3973,image_0161_MIXED_L2.jpg,1,0,1,2,1,1,3,4,2,
3974,image_0161_MIXED_L4.jpg,1,0,4,2,1,4,4,4,4,
3975,image_0162_MIXED_L1.jpg,1,1,1,2,1,2,3,4,1,
3976,image_0162_MIXED_L2.jpg,1,0,1,2,1,2,3,4,3,
3977,image_0164_MIXED_L1.jpg,1,1,1,2,1,1,3,4,1,
3978,image_0166_MIXED_L2.jpg,0,0,1,2,1,1,3,4,2,
3979,image_0167_MIXED_L2.jpg,1,0,1,2,1,1,3,4,3,
3980,image_0167_MIXED_L4.jpg,1,0,4,2,1,4,4,4,4,
3981,image_0169_MIXED_L1.jpg,1,0,1,2,1,2,3,4,1,
3982,image_0169_MIXED_L4.jpg,1,0,4,2,1,4,4,4,4,
3983,image_0170_MIXED_L4.jpg,1,0,4,2,1,4,4,4,4,
3984,image_0171_MIXED_L3.jpg,1,0,2,2,1,3,4,4,3,
3985,image_0172_MIXED_L1.jpg,1,0,1,2,1,1,2,4,1,
3986,image_0172_MIXED_L2.jpg,1,0,1,2,1,2,3,4,2,
3987,image_0173_MIXED_L4.jpg,1,0,4,2,1,4,4,4,4,
3988,image_0174_MIXED_L3.jpg,1,0,2,2,1,3,4,4,3,
3989,image_0175_MIXED_L1.jpg,1,0,1,2,1,1,3,4,1,
3990,image_0175_MIXED_L2.jpg,1,0,1,2,1,2,3,4,3,
3991,image_0175_MIXED_L3.jpg,1,0,2,2,1,3,4,4,3,
3992,image_0177_MIXED_L3.jpg,0,0,2,2,1,3,4,4,2,
3993,image_0178_MIXED_L1.jpg,1,1,1,2,1,1,3,4,1,
3994,image_0178_MIXED_L2.jpg,1,0,1,2,1,1,3,4,2,
3995,image_0179_MIXED_L1.jpg,0,1,1,2,1,1,2,3,1,
3996,image_0180_MIXED_L2.jpg,1,0,1,2,1,1,3,4,2,
3997,image_0181_MIXED_L3.jpg,0,0,2,2,1,3,4,4,3,
3998,image_0182_MIXED_L1.jpg,0,1,1,2,1,1,3,4,1,
3999,image_0182_MIXED_L3.jpg,0,0,2,2,1,3,4,4,3,
4000,image_0184_MIXED_L1.jpg,1,1,1,2,1,1,2,4,1,
4001,image_0184_MIXED_L3.jpg,1,0,2,2,1,3,4,4,3,
4002,image_0184_MIXED_L4.jpg,1,0,4,2,1,4,4,4,4,
4003,image_0186_MIXED_L2.jpg,1,0,1,2,1,1,3,4,2,
4004,image_0186_MIXED_L4.jpg,1,0,4,2,1,4,4,4,4,
4005,image_0188_MIXED_L2.jpg,1,0,1,2,1,1,3,4,3,
4006,image_0188_MIXED_L4.jpg,1,0,4,2,1,4,4,4,4,
4007,image_0189_MIXED_L1.jpg,0,1,1,2,1,1,3,4,1,
4008,image_0189_MIXED_L4.jpg,0,0,4,2,1,4,4,4,4,
4009,image_0190_MIXED_L1.jpg,1,1,1,2,1,2,3,4,1,
4010,image_0191_MIXED_L2.jpg,0,0,1,2,1,1,3,4,2,
4011,image_0192_MIXED_L1.jpg,1,1,1,2,1,2,3,4,1,
4012,image_0193_MIXED_L4.jpg,0,0,4,2,1,4,4,4,4,
4013,image_0195_MIXED_L3.jpg,0,0,2,2,1,3,4,4,2,
4014,image_0195_MIXED_L4.jpg,0,0,4,2,1,4,4,4,4,
4015,image_0198_MIXED_L2.jpg,1,0,1,2,1,2,3,4,3,
4016,image_0198_MIXED_L3.jpg,1,0,2,2,1,3,4,4,2,
4017,image_0199_MIXED_L1.jpg,1,0,1,2,1,2,3,4,1,
4018,image_0201_MIXED_L3.jpg,0,0,2,2,1,3,4,4,2,
4019,image_0202_MIXED_L1.jpg,0,0,1,2,1,2,3,4,1,
4020,image_0202_MIXED_L3.jpg,0,0,2,2,1,3,4,4,2,
4021,image_0203_MIXED_L3.jpg,0,0,2,2,1,3,4,4,2,
4022,image_0207_MIXED_L4.jpg,0,0,4,2,1,4,4,4,4,
4023,image_0209_MIXED_L3.jpg,0,0,2,2,1,3,4,4,2,
4024,image_0210_MIXED_L3.jpg,0,0,2,2,1,3,4,4,2,
4025,image_0211_MIXED_L1.jpg,0,1,1,2,1,2,3,4,1,
4026,image_0211_MIXED_L2.jpg,0,0,1,2,1,1,3,4,3,
4027,image_0212_MIXED_L1.jpg,0,1,1,2,1,2,3,4,1,
4028,image_0212_MIXED_L4.jpg,0,0,4,2,1,4,4,4,4,
4029,image_0216_MIXED_L3.jpg,0,0,2,2,1,3,4,4,2,
4030,image_0216_MIXED_L4.jpg,0,0,4,2,1,4,4,4,4,
4031,image_0218_MIXED_L4.jpg,0,0,4,2,1,4,4,4,4,
4032,image_0219_MIXED_L1.jpg,0,1,1,2,1,2,3,4,1,
4033,image_0219_MIXED_L3.jpg,0,0,2,2,1,3,4,4,2,
4034,image_0219_MIXED_L4.jpg,0,0,4,2,1,4,4,4,4,
4035,image_0220_MIXED_L2.jpg,0,0,1,2,1,1,3,4,3,
4036,image_0220_MIXED_L3.jpg,0,0,2,2,1,3,4,4,2,
4037,image_0220_MIXED_L4.jpg,0,0,4,2,1,4,4,4,4,
4038,image_0221_MIXED_L4.jpg,0,0,4,2,1,4,4,4,4,
4039,image_0223_MIXED_L1.jpg,0,0,1,2,1,2,3,4,1,
4040,image_0223_MIXED_L3.jpg,0,0,2,2,1,3,4,4,2,
4041,image_0223_MIXED_L4.jpg,0,0,4,2,1,4,4,4,4,
4042,image_0224_MIXED_L2.jpg,0,0,1,2,1,3,3,4,2,
4043,image_0224_MIXED_L4.jpg,0,0,4,2,1,4,4,4,4,
4044,image_0225_MIXED_L3.jpg,0,0,2,2,1,3,4,4,2,
4045,image_0226_MIXED_L1.jpg,0,0,1,2,1,1,2,3,1,
4046,image_0226_MIXED_L3.jpg,0,0,2,2,1,3,4,4,2,
4047,image_0227_MIXED_L3.jpg,0,0,2,2,1,4,4,4,2,
4048,image_0228_MIXED_L4.jpg,0,0,4,2,1,4,4,4,4,
4049,image_0229_MIXED_L1.jpg,0,1,1,2,1,2,3,4,1,
4050,image_0230_MIXED_L1.jpg,1,1,1,2,1,1,3,4,1,
4051,image_0231_MIXED_L3.jpg,1,0,2,2,1,3,4,4,3,
4052,image_0232_MIXED_L1.jpg,1,1,1,2,1,2,3,4,1,
4053,image_0233_MIXED_L1.jpg,1,1,1,2,1,2,3,4,1,
4054,image_0233_MIXED_L3.jpg,1,0,2,2,1,3,4,4,2,
4055,image_0233_MIXED_L4.jpg,1,0,4,2,1,4,4,4,4,
4056,image_0235_MIXED_L4.jpg,1,0,4,2,1,4,4,4,4,
4057,image_0236_MIXED_L3.jpg,0,0,2,2,1,3,4,4,3,
4058,image_0237_MIXED_L1.jpg,1,1,1,2,1,2,3,4,1,
4059,image_0239_MIXED_L3.jpg,1,0,2,2,1,3,4,4,3,
4060,image_0240_MIXED_L2.jpg,0,0,1,2,1,3,3,4,2,
4061,image_0240_MIXED_L3.jpg,0,0,2,2,1,3,4,4,3,
4062,image_0242_MIXED_L3.jpg,0,0,2,2,1,3,4,4,4,
4063,image_0242_MIXED_L4.jpg,0,0,4,2,1,4,4,4,4,
4064,image_0243_MIXED_L2.jpg,0,0,1,2,1,2,3,4,3,
4065,image_0243_MIXED_L4.jpg,0,0,4,2,1,4,4,4,4,
4066,image_0245_MIXED_L2.jpg,0,0,1,2,1,2,3,4,2,
4067,image_0245_MIXED_L4.jpg,0,0,4,2,1,4,4,4,4,
4068,image_0247_MIXED_L4.jpg,0,0,4,2,1,4,4,4,4,
4069,image_0250_MIXED_L2.jpg,0,0,1,2,1,3,3,4,3,
4070,image_0251_MIXED_L2.jpg,0,0,1,2,1,3,3,4,3,
4071,image_0251_MIXED_L4.jpg,0,0,4,2,1,4,4,4,4,
4072,image_0256_MIXED_L2.jpg,0,0,1,2,1,2,3,4,3,
4073,image_0256_MIXED_L4.jpg,0,0,4,2,1,4,4,4,4,
4074,image_0259_MIXED_L1.jpg,1,1,1,1,1,2,3,4,1,
4075,image_0259_MIXED_L4.jpg,1,0,4,2,1,4,4,4,4,
4076,image_0260_MIXED_L1.jpg,1,0,1,1,1,2,3,4,1,
4077,image_0260_MIXED_L2.jpg,1,0,1,2,1,3,3,4,2,
4078,image_0261_MIXED_L1.jpg,1,1,1,2,1,2,3,4,1,
4079,image_0261_MIXED_L3.jpg,1,0,2,2,1,3,4,4,4,
4080,image_0262_MIXED_L1.jpg,0,1,1,2,1,2,3,4,1,
4081,image_0262_MIXED_L3.jpg,0,0,2,2,1,3,4,4,4,
4082,image_0264_MIXED_L2.jpg,0,0,1,2,1,2,3,4,2,
4083,image_0265_MIXED_L3.jpg,0,0,2,2,1,3,4,4,4,
4084,image_0266_MIXED_L2.jpg,1,0,1,2,1,2,3,4,3,
4085,image_0266_MIXED_L4.jpg,1,0,4,2,1,4,4,4,4,
4086,image_0267_MIXED_L1.jpg,1,1,1,2,1,2,2,4,1,
4087,image_0270_MIXED_L1.jpg,0,1,1,2,1,2,3,4,1,
4088,image_0271_MIXED_L1.jpg,0,1,1,2,1,2,3,4,1,
4089,image_0271_MIXED_L3.jpg,0,0,2,2,1,3,4,4,3,
4090,image_0272_MIXED_L1.jpg,0,1,1,2,1,2,3,4,1,
4091,image_0273_MIXED_L2.jpg,0,0,1,2,1,2,3,4,2,
4092,image_0275_MIXED_L2.jpg,0,0,1,2,1,2,3,4,3,
4093,image_0276_MIXED_L2.jpg,0,0,1,2,1,3,3,4,2,
4094,image_0277_MIXED_L1.jpg,0,1,1,2,1,1,3,4,1,
4095,image_0277_MIXED_L4.jpg,0,0,4,2,1,4,4,4,4,
4096,image_0278_MIXED_L2.jpg,0,0,1,2,1,3,3,4,3,
4097,image_0279_MIXED_L1.jpg,0,1,1,2,1,2,3,4,1,
4098,image_0279_MIXED_L2.jpg,0,0,1,2,1,2,3,4,2,
4099,image_0279_MIXED_L4.jpg,0,0,4,2,1,4,4,4,4,
4100,image_0280_MIXED_L1.jpg,0,1,1,2,1,2,3,4,1,
4101,image_0282_MIXED_L2.jpg,0,0,1,2,1,3,3,4,2,
4102,image_0282_MIXED_L4.jpg,0,0,4,2,1,4,4,4,4,
4103,image_0284_MIXED_L2.jpg,0,0,1,2,1,2,3,4,2,
4104,image_0284_MIXED_L4.jpg,0,0,4,2,1,4,4,4,4,
4105,image_0285_MIXED_L1.jpg,0,0,1,2,1,1,3,4,1,
4106,image_0285_MIXED_L2.jpg,0,0,1,2,1,2,3,4,3,
4107,image_0285_MIXED_L3.jpg,0,0,2,2,1,3,4,4,3,
4108,image_0285_MIXED_L4.jpg,0,0,4,2,1,4,4,4,4,
4109,image_0287_MIXED_L4.jpg,0,0,4,2,1,4,4,4,4,
4110,image_0288_MIXED_L1.jpg,1,0,1,2,1,2,3,4,1,
4111,image_0288_MIXED_L4.jpg,1,0,4,2,1,4,4,4,4,
4112,image_0289_MIXED_L3.jpg,0,0,2,2,1,3,4,4,4,
4113,image_0290_MIXED_L4.jpg,1,0,4,2,1,4,4,4,4,
4114,image_0291_MIXED_L4.jpg,1,0,4,2,1,4,4,4,4,
4115,image_0292_MIXED_L4.jpg,1,0,4,2,1,4,4,4,4,
4116,image_0294_MIXED_L2.jpg,0,0,1,2,1,3,3,4,2,
4117,image_0295_MIXED_L2.jpg,0,0,1,2,1,3,3,4,2,
4118,image_0296_MIXED_L1.jpg,0,0,1,2,1,1,3,4,1,
4119,image_0296_MIXED_L2.jpg,0,0,1,2,1,2,3,4,2,
4120,image_0296_MIXED_L4.jpg,0,0,4,2,1,4,4,4,4,
4121,image_0297_MIXED_L2.jpg,0,0,1,2,1,2,3,4,3,
4122,image_0297_MIXED_L3.jpg,0,0,2,2,1,3,4,4,3,
4123,image_0297_MIXED_L4.jpg,0,0,4,2,1,4,4,4,4,
4124,image_0298_MIXED_L2.jpg,0,0,1,2,1,3,3,4,2,
4125,image_0298_MIXED_L3.jpg,0,0,2,2,1,3,4,4,4,
4126,image_0298_MIXED_L4.jpg,0,0,4,2,1,4,4,4,4,
4127,image_0300_MIXED_L2.jpg,0,0,1,2,1,2,3,4,2,
4128,image_0301_MIXED_L2.jpg,1,0,1,2,1,2,3,4,3,
4129,image_0307_MIXED_L4.jpg,0,0,4,2,1,4,4,4,4,
4130,image_0309_MIXED_L4.jpg,1,0,4,2,1,4,4,4,4,
4131,image_0310_MIXED_L2.jpg,1,0,1,2,1,2,4,4,3,
4132,image_0311_MIXED_L4.jpg,0,0,4,2,1,4,4,4,4,
4133,image_0312_MIXED_L4.jpg,1,0,4,2,1,4,4,4,4,
4134,image_0313_MIXED_L3.jpg,1,0,2,2,1,3,4,4,3,
4135,image_0313_MIXED_L4.jpg,1,0,4,2,1,4,4,4,4,
4136,image_0314_MIXED_L1.jpg,0,1,1,2,1,2,3,4,1,
4137,image_0314_MIXED_L3.jpg,0,0,3,2,1,3,4,4,3,
4138,image_0317_MIXED_L2.jpg,0,0,1,2,1,3,3,4,3,
4139,image_0317_MIXED_L3.jpg,0,0,2,2,1,3,4,4,3,
4140,image_0317_MIXED_L4.jpg,0,0,4,2,1,4,4,4,4,
4141,image_0318_MIXED_L1.jpg,0,1,1,2,1,2,3,4,1,
4142,image_0321_MIXED_L2.jpg,1,0,2,2,1,2,3,4,2,
4143,image_0321_MIXED_L4.jpg,1,0,4,2,1,4,4,4,4,
4144,image_0322_MIXED_L3.jpg,0,0,2,2,1,3,4,4,4,
4145,image_0323_MIXED_L3.jpg,0,0,2,2,1,3,4,4,4,
4146,image_0323_MIXED_L4.jpg,0,0,4,2,1,4,4,4,4,
4147,image_0324_MIXED_L3.jpg,0,0,2,2,1,3,4,4,4,
4148,image_0324_MIXED_L4.jpg,0,0,4,2,1,4,4,4,4,
4149,image_0325_MIXED_L1.jpg,0,1,1,2,1,1,3,4,1,
4150,image_0325_MIXED_L2.jpg,0,0,1,2,1,2,3,4,2,
4151,image_0325_MIXED_L3.jpg,0,0,2,2,1,3,4,4,3,
4152,image_0326_MIXED_L2.jpg,0,0,1,2,1,1,3,4,2,
4153,image_0326_MIXED_L4.jpg,0,0,4,2,1,4,4,4,4,
4154,image_0327_MIXED_L1.jpg,0,1,1,2,1,1,3,4,1,
4155,image_0327_MIXED_L3.jpg,0,0,2,2,1,3,4,4,2,
4156,image_0329_MIXED_L4.jpg,0,0,4,2,1,4,4,4,4,
4157,image_0333_MIXED_L1.jpg,0,1,1,2,1,2,3,4,1,
4158,image_0333_MIXED_L4.jpg,0,0,4,2,1,4,4,4,4,
4159,image_0337_MIXED_L3.jpg,1,0,2,2,1,3,4,4,2,
4160,image_0339_MIXED_L3.jpg,0,0,2,2,1,3,4,4,3,
4161,image_0340_MIXED_L1.jpg,0,1,1,1,1,1,3,4,1,
4162,image_0340_MIXED_L2.jpg,0,0,1,2,1,2,3,4,1,
4163,image_0341_MIXED_L1.jpg,0,1,1,1,1,1,3,4,1,
4164,image_0341_MIXED_L4.jpg,0,0,4,2,1,4,4,4,4,
4165,image_0342_MIXED_L1.jpg,0,1,1,2,1,1,3,4,1,
4166,image_0343_MIXED_L2.jpg,0,0,1,2,1,2,3,4,2,
4167,image_0344_MIXED_L3.jpg,0,0,2,2,1,3,4,4,4,
4168,image_0344_MIXED_L4.jpg,0,0,4,2,1,4,4,4,4,
4169,image_0345_MIXED_L2.jpg,0,0,1,2,1,2,3,4,1,
4170,image_0347_MIXED_L2.jpg,0,0,1,2,1,2,3,4,1,
4171,image_0348_MIXED_L2.jpg,0,0,1,2,1,2,3,4,1,
4172,image_0348_MIXED_L3.jpg,0,0,2,2,1,3,4,4,3,
4173,image_0348_MIXED_L4.jpg,0,0,4,2,1,4,4,4,4,
4174,image_0349_MIXED_L2.jpg,0,0,1,2,1,2,3,4,1,
4175,image_0349_MIXED_L3.jpg,0,0,2,2,1,3,4,4,3,
4176,image_0350_MIXED_L1.jpg,0,1,1,2,1,2,3,4,1,
4177,image_0350_MIXED_L2.jpg,0,0,1,2,1,2,3,4,2,
4178,image_0350_MIXED_L3.jpg,0,0,2,2,1,3,4,4,3,
4179,image_0352_MIXED_L2.jpg,0,0,1,2,1,2,3,4,2,
4180,image_0352_MIXED_L3.jpg,0,0,2,2,1,3,4,4,3,
4181,image_0353_MIXED_L1.jpg,0,1,1,2,1,1,3,4,1,
4182,image_0353_MIXED_L4.jpg,0,0,4,2,1,4,4,4,4,
4183,image_0354_MIXED_L3.jpg,0,0,2,2,1,3,4,4,3,
4184,image_0357_MIXED_L3.jpg,0,0,2,2,1,3,4,4,3,
4185,image_0357_MIXED_L4.jpg,0,0,4,2,1,4,4,4,4,
4186,image_0358_MIXED_L1.jpg,0,1,1,2,1,1,3,4,1,
4187,image_0358_MIXED_L2.jpg,0,0,1,2,1,2,3,4,1,
4188,image_0361_MIXED_L1.jpg,0,1,1,2,1,1,3,4,1,
4189,image_0361_MIXED_L2.jpg,0,0,1,2,1,2,3,4,2,
4190,image_0361_MIXED_L3.jpg,0,0,2,2,1,3,4,4,3,
4191,image_0362_MIXED_L4.jpg,0,0,4,2,1,4,4,4,4,
4192,image_0364_MIXED_L2.jpg,1,0,1,2,1,1,3,4,2,
4193,image_0365_MIXED_L1.jpg,0,1,1,2,1,2,3,4,1,
4194,image_0366_MIXED_L4.jpg,0,0,4,2,1,4,4,4,4,
4195,image_0368_MIXED_L2.jpg,1,0,1,2,1,3,3,4,2,
4196,image_0369_MIXED_L3.jpg,1,0,2,2,1,3,4,4,3,
4197,image_0370_MIXED_L3.jpg,1,0,2,2,1,3,4,4,3,
4198,image_0371_MIXED_L1.jpg,1,0,1,2,1,2,3,4,1,
4199,image_0371_MIXED_L2.jpg,1,0,1,2,1,3,3,4,3,
4200,image_0371_MIXED_L4.jpg,1,0,4,2,1,4,4,4,4,
4201,image_0372_MIXED_L1.jpg,1,0,1,2,1,2,3,4,1,
4202,image_0373_MIXED_L1.jpg,1,0,1,2,1,2,3,4,1,
4203,image_0374_MIXED_L3.jpg,0,0,2,2,1,3,4,4,3,
4204,image_0376_MIXED_L1.jpg,0,1,1,2,1,2,2,4,1,
4205,image_0377_MIXED_L1.jpg,0,1,1,2,1,2,3,4,1,
4206,image_0377_MIXED_L2.jpg,0,0,1,2,1,2,3,4,2,
4207,image_0378_MIXED_L2.jpg,0,0,1,2,1,1,3,4,2,
4208,image_0380_MIXED_L1.jpg,0,1,1,2,1,2,3,4,1,
4209,image_0380_MIXED_L3.jpg,0,0,2,2,1,3,4,4,3,
4210,image_0381_MIXED_L1.jpg,0,1,1,2,1,2,3,4,1,
4211,image_0383_MIXED_L3.jpg,0,0,2,2,1,3,4,4,3,
4212,image_0386_MIXED_L2.jpg,0,0,1,2,1,1,3,4,2,
4213,image_0386_MIXED_L3.jpg,0,0,2,2,1,3,4,4,2,
4214,image_0386_MIXED_L4.jpg,0,0,4,2,1,4,4,4,4,
4215,image_0388_MIXED_L3.jpg,1,0,2,2,1,3,4,4,3,
4216,image_0389_MIXED_L1.jpg,1,1,1,2,1,2,3,4,1,
4217,image_0389_MIXED_L3.jpg,1,0,2,2,1,3,4,4,3,
4218,image_0391_MIXED_L2.jpg,1,0,2,2,1,3,3,4,3,
4219,image_0392_MIXED_L4.jpg,0,0,4,2,1,4,4,4,4,
4220,image_0393_MIXED_L1.jpg,0,0,1,2,1,2,3,4,1,
4221,image_0393_MIXED_L2.jpg,0,0,1,2,1,1,3,4,3,
4222,image_0395_MIXED_L1.jpg,1,1,1,2,1,2,3,4,1,
4223,image_0396_MIXED_L3.jpg,1,0,2,2,1,3,4,4,2,
4224,image_0397_MIXED_L2.jpg,1,0,1,2,1,2,3,4,3,
4225,image_0398_MIXED_L1.jpg,0,0,1,2,1,2,3,4,1,
4226,image_0398_MIXED_L3.jpg,0,0,2,2,1,3,4,4,3,
4227,image_0400_MIXED_L3.jpg,0,0,2,2,1,3,4,4,2,
4228,image_0401_MIXED_L3.jpg,0,0,2,2,1,3,4,4,2,
4229,image_0403_MIXED_L4.jpg,0,0,4,2,1,4,4,4,4,
4230,image_0404_MIXED_L1.jpg,0,0,1,2,1,2,3,4,1,
4231,image_0406_MIXED_L1.jpg,0,1,1,2,1,1,3,4,1,
4232,image_0407_MIXED_L3.jpg,0,0,2,2,1,3,4,4,3,
4233,image_0411_MIXED_L2.jpg,0,0,1,2,1,2,3,4,2,
4234,image_0411_MIXED_L3.jpg,0,0,2,2,1,3,4,4,3,
4235,image_0412_MIXED_L2.jpg,0,0,1,2,1,2,3,4,2,
4236,image_0412_MIXED_L3.jpg,0,0,2,2,1,3,4,4,3,
4237,image_0413_MIXED_L1.jpg,0,0,1,2,1,1,3,4,1,
4238,image_0413_MIXED_L3.jpg,0,0,2,2,1,3,4,4,3,
4239,image_0418_MIXED_L2.jpg,0,0,1,2,1,2,3,4,3,
4240,image_0419_MIXED_L2.jpg,0,0,1,2,1,3,3,4,3,
4241,image_0420_MIXED_L1.jpg,0,0,1,2,1,2,3,4,1,
4242,image_0421_MIXED_L3.jpg,0,0,2,2,1,3,4,4,3,
4243,image_0422_MIXED_L2.jpg,0,0,1,2,1,1,3,4,3,
4244,image_0422_MIXED_L3.jpg,0,0,2,2,1,3,4,4,2,
4245,image_0422_MIXED_L4.jpg,0,0,4,2,1,4,4,4,4,
4246,image_0423_MIXED_L1.jpg,0,0,1,2,1,1,3,4,1,
4247,image_0425_MIXED_L3.jpg,0,0,2,2,1,3,4,4,3,
4248,image_0426_MIXED_L1.jpg,0,0,1,2,1,2,3,4,1,
4249,image_0429_MIXED_L4.jpg,1,0,4,2,1,4,4,4,4,
4250,image_0430_MIXED_L4.jpg,1,0,4,2,1,4,4,4,4,
4251,image_0433_MIXED_L2.jpg,1,0,1,2,1,2,3,4,3,
4252,image_0434_MIXED_L3.jpg,0,0,2,2,1,3,4,4,4,
4253,image_0435_MIXED_L1.jpg,0,0,1,2,1,2,3,4,1,
4254,image_0437_MIXED_L1.jpg,1,1,1,2,1,1,2,4,1,
4255,image_0437_MIXED_L2.jpg,1,0,1,2,1,1,3,4,2,
4256,image_0437_MIXED_L4.jpg,1,0,4,2,1,4,4,4,4,
4257,image_0438_MIXED_L1.jpg,1,1,1,2,1,1,2,4,1,
4258,image_0438_MIXED_L2.jpg,1,0,1,2,1,1,3,4,3,
4259,image_0440_MIXED_L1.jpg,0,0,1,2,1,1,3,4,1,
4260,image_0445_MIXED_L3.jpg,0,0,2,2,1,3,4,4,2,
4261,image_0445_MIXED_L4.jpg,0,0,4,2,1,4,4,4,4,
4262,image_0447_MIXED_L1.jpg,0,0,1,2,1,1,3,4,1,
4263,image_0447_MIXED_L3.jpg,0,0,2,2,1,3,4,4,2,
4264,image_0449_MIXED_L2.jpg,1,0,1,2,1,2,3,4,2,
4265,image_0450_MIXED_L4.jpg,1,0,4,2,1,4,4,4,4,
4266,image_0451_MIXED_L3.jpg,0,0,2,2,1,3,4,4,3,
4267,image_0452_MIXED_L3.jpg,0,0,2,2,1,3,4,4,3,
4268,image_0453_MIXED_L2.jpg,0,0,1,2,1,1,3,4,2,
4269,image_0455_MIXED_L1.jpg,0,1,1,2,1,1,3,4,1,
4270,image_0455_MIXED_L3.jpg,0,0,2,2,1,3,4,4,3,
4271,image_0456_MIXED_L1.jpg,0,1,1,2,1,1,3,4,1,
4272,image_0456_MIXED_L2.jpg,0,0,1,2,1,2,3,4,2,
4273,image_0457_MIXED_L4.jpg,0,0,4,2,1,4,4,4,4,
4274,image_0458_MIXED_L2.jpg,0,0,1,2,1,2,3,4,2,
4275,image_0458_MIXED_L4.jpg,0,0,4,2,1,4,4,4,4,
4276,image_0459_MIXED_L2.jpg,0,0,1,2,1,1,3,4,2,
4277,image_0459_MIXED_L3.jpg,0,0,2,2,1,3,4,4,3,
4278,image_0459_MIXED_L4.jpg,0,0,4,2,1,4,4,4,4,
4279,image_0461_MIXED_L2.jpg,0,0,1,2,1,2,3,4,2,
4280,image_0462_MIXED_L1.jpg,0,1,1,2,1,2,3,4,1,
4281,image_0462_MIXED_L4.jpg,0,0,4,2,1,4,4,4,4,
4282,image_0463_MIXED_L2.jpg,0,0,1,2,1,1,3,4,2,
4283,image_0464_MIXED_L3.jpg,0,0,2,2,1,3,4,4,3,
4284,image_0465_MIXED_L3.jpg,0,0,2,2,1,3,4,4,3,
4285,image_0467_MIXED_L1.jpg,0,1,1,2,1,2,3,4,1,
4286,image_0467_MIXED_L4.jpg,0,0,4,2,1,4,4,4,4,
4287,image_0468_MIXED_L2.jpg,0,0,1,2,1,1,3,4,2,
4288,image_0469_MIXED_L1.jpg,0,1,1,2,1,1,3,4,1,
4289,image_0470_MIXED_L2.jpg,0,0,1,2,1,1,3,4,2,
4290,image_0471_MIXED_L4.jpg,0,0,4,2,1,4,4,4,4,
4291,image_0473_MIXED_L4.jpg,0,0,4,2,1,4,4,4,4,
4292,image_0474_MIXED_L1.jpg,0,1,1,2,1,1,3,4,1,
4293,image_0474_MIXED_L3.jpg,0,0,2,2,1,3,4,4,3,
4294,image_0476_MIXED_L1.jpg,0,1,1,2,1,2,3,4,1,
4295,image_0476_MIXED_L3.jpg,0,0,2,2,1,3,4,4,3,
4296,image_0476_MIXED_L4.jpg,0,0,4,2,1,4,4,4,4,
4297,image_0482_MIXED_L3.jpg,1,0,2,2,1,3,4,4,3,
4298,image_0483_MIXED_L4.jpg,0,0,4,2,1,4,4,4,4,
4299,image_0484_MIXED_L1.jpg,0,1,1,2,1,2,2,4,1,
4300,image_0484_MIXED_L2.jpg,0,0,1,2,1,2,3,4,3,
4301,image_0484_MIXED_L4.jpg,0,0,4,2,1,4,4,4,4,
4302,image_0485_MIXED_L3.jpg,0,0,2,2,1,3,4,4,2,
4303,image_0490_MIXED_L4.jpg,1,0,4,2,1,4,4,4,4,
4304,image_0491_MIXED_L4.jpg,1,0,4,2,1,4,4,4,4,
4305,image_0492_MIXED_L1.jpg,1,1,1,2,1,2,3,4,1,
4306,image_0492_MIXED_L2.jpg,1,0,1,2,1,3,3,4,3,
4307,image_0492_MIXED_L4.jpg,1,0,4,2,1,4,4,4,4,
4308,image_0493_MIXED_L2.jpg,0,0,1,2,1,1,3,4,3,
4309,image_0494_MIXED_L2.jpg,0,0,1,2,1,1,3,4,3,
4310,image_0495_MIXED_L3.jpg,0,0,2,2,1,3,4,4,2,
4311,image_0496_MIXED_L1.jpg,0,0,1,2,1,1,2,4,1,
4312,image_0496_MIXED_L2.jpg,0,0,1,2,1,1,3,4,3,
4313,image_0497_MIXED_L3.jpg,0,0,2,2,1,3,4,4,2,
4314,image_0498_MIXED_L1.jpg,0,0,1,2,1,2,3,4,1,
4315,image_0499_MIXED_L4.jpg,0,0,4,2,1,4,4,4,4,
4316,image_0501_MIXED_L4.jpg,0,0,4,2,1,4,4,4,4,
4317,image_0502_MIXED_L2.jpg,0,0,1,2,1,2,3,4,2,
4318,image_0503_MIXED_L1.jpg,0,1,1,2,1,1,3,4,1,
4319,image_0504_MIXED_L4.jpg,0,0,4,2,1,4,4,4,4,
4320,image_0505_MIXED_L3.jpg,0,0,2,2,1,3,4,4,3,
4321,image_0507_MIXED_L1.jpg,0,0,1,2,1,1,3,4,1,
4322,image_0508_MIXED_L3.jpg,0,0,2,2,1,3,4,4,3,
4323,image_0509_MIXED_L4.jpg,0,0,4,2,1,4,4,4,4,
4324,image_0510_MIXED_L3.jpg,0,0,2,2,1,3,4,4,3,
4325,image_0512_MIXED_L2.jpg,0,0,1,2,1,1,3,4,3,
4326,image_0512_MIXED_L3.jpg,0,0,2,2,1,3,4,4,3,
4327,image_0513_MIXED_L1.jpg,1,1,1,2,1,2,3,4,1,
4328,image_0513_MIXED_L2.jpg,1,0,1,2,1,2,3,4,3,
4329,image_0513_MIXED_L4.jpg,1,0,4,2,1,4,4,4,4,
4330,image_0515_MIXED_L1.jpg,1,1,1,2,1,2,3,4,1,
4331,image_0516_MIXED_L4.jpg,1,0,4,2,1,4,4,4,4,
4332,image_0519_MIXED_L1.jpg,1,0,1,2,1,1,3,4,2,
4333,image_0521_MIXED_L1.jpg,0,1,1,2,1,1,4,4,1,
4334,image_0521_MIXED_L4.jpg,0,0,4,2,1,4,4,4,4,
4335,image_0522_MIXED_L3.jpg,0,0,2,2,1,3,4,4,3,
4336,image_0524_MIXED_L1.jpg,0,1,1,2,1,2,3,4,1,
4337,image_0524_MIXED_L3.jpg,0,0,2,2,1,3,4,4,4,
4338,image_0525_MIXED_L1.jpg,0,1,1,2,1,2,3,4,1,
4339,image_0526_MIXED_L1.jpg,0,1,1,2,1,2,3,4,1,
4340,image_0526_MIXED_L3.jpg,0,0,2,2,1,3,4,4,3,
4341,image_0526_MIXED_L4.jpg,0,0,4,2,1,4,4,4,4,
4342,image_0528_MIXED_L1.jpg,0,1,1,2,1,1,3,4,2,
4343,image_0528_MIXED_L3.jpg,0,0,2,2,1,3,4,4,2,
4344,image_0529_MIXED_L2.jpg,0,0,1,2,1,1,3,4,2,
4345,image_0529_MIXED_L3.jpg,0,0,2,2,1,3,4,4,2,
4346,image_0529_MIXED_L4.jpg,0,0,4,2,1,4,4,4,4,
4347,image_0530_MIXED_L3.jpg,1,0,2,2,1,3,4,4,3,
4348,image_0532_MIXED_L3.jpg,1,0,2,2,1,3,4,4,4,
4349,image_0534_MIXED_L3.jpg,1,0,2,2,1,3,4,4,4,
4350,image_0537_MIXED_L4.jpg,0,0,4,2,1,4,4,4,4,
4351,image_0538_MIXED_L4.jpg,0,0,4,2,1,4,4,4,4,
4352,image_0540_MIXED_L3.jpg,0,0,2,2,1,4,4,4,4,
4353,image_0542_MIXED_L2.jpg,0,0,2,2,1,2,3,4,2,
4354,image_0542_MIXED_L3.jpg,0,0,2,2,1,3,4,4,3,
4355,image_0542_MIXED_L4.jpg,0,0,4,2,1,4,4,4,4,
4356,image_0543_MIXED_L1.jpg,0,1,1,2,1,1,3,4,1,
4357,image_0543_MIXED_L4.jpg,0,0,4,2,1,4,4,4,4,
4358,image_0547_MIXED_L3.jpg,0,0,2,2,1,3,4,4,3,
4359,image_0548_MIXED_L3.jpg,0,0,2,2,1,3,4,4,3,
4360,image_0550_MIXED_L1.jpg,0,1,1,2,1,1,4,4,1,
4361,image_0550_MIXED_L2.jpg,0,0,2,2,1,2,4,4,3,
4362,image_0553_MIXED_L1.jpg,1,0,1,2,1,2,4,4,1,
4363,image_0554_MIXED_L3.jpg,1,0,2,2,1,3,4,4,3,
4364,image_0555_MIXED_L1.jpg,1,0,1,2,1,2,4,4,1,
4365,image_0555_MIXED_L2.jpg,1,0,2,2,1,1,4,4,3,
4366,image_0558_MIXED_L2.jpg,0,0,1,2,1,1,3,4,3,
4367,image_0559_MIXED_L1.jpg,0,0,1,2,1,1,2,4,1,
4368,image_0561_MIXED_L3.jpg,0,0,2,2,1,3,4,4,3,
4369,image_0562_MIXED_L3.jpg,0,0,2,2,1,3,4,4,3,
4370,image_0563_MIXED_L1.jpg,0,0,1,2,1,1,3,4,1,
4371,image_0563_MIXED_L3.jpg,0,0,2,2,1,3,4,4,3,
4372,image_0564_MIXED_L2.jpg,0,0,2,2,1,1,3,4,2,
4373,image_0565_MIXED_L2.jpg,0,0,1,2,1,1,3,4,3,
4374,image_0567_MIXED_L3.jpg,1,0,2,2,1,3,4,4,2,
4375,image_0571_MIXED_L1.jpg,0,0,1,2,1,1,3,4,2,
4376,image_0571_MIXED_L4.jpg,0,0,4,2,1,4,4,4,4,
4377,image_0572_MIXED_L3.jpg,0,0,2,2,1,3,4,4,3,
4378,image_0573_MIXED_L1.jpg,0,0,1,2,1,1,3,4,1,
4379,image_0574_MIXED_L1.jpg,0,1,1,2,1,2,4,4,2,
4380,image_0575_MIXED_L1.jpg,0,1,1,2,1,2,4,4,2,
4381,image_0578_MIXED_L4.jpg,0,0,4,2,1,4,4,4,4,
4382,image_0579_MIXED_L4.jpg,0,0,4,2,1,4,4,4,4,
4383,image_0580_MIXED_L2.jpg,0,0,1,2,1,2,3,4,3,
4384,image_0581_MIXED_L1.jpg,0,0,1,2,1,1,3,4,2,
4385,image_0583_MIXED_L3.jpg,0,0,2,2,1,3,4,4,2,
4386,image_0584_MIXED_L1.jpg,0,1,1,2,1,1,3,4,2,
4387,image_0584_MIXED_L3.jpg,0,0,2,2,1,3,4,4,2,
4388,image_0587_MIXED_L2.jpg,0,0,1,2,1,1,3,4,3,
4389,image_0587_MIXED_L3.jpg,0,0,2,2,1,3,4,4,2,
4390,image_0587_MIXED_L4.jpg,0,0,4,2,1,4,4,4,4,
4391,image_0592_MIXED_L1.jpg,1,1,1,2,1,1,3,4,1,
4392,image_0594_MIXED_L2.jpg,1,0,1,2,1,2,3,4,3,
4393,image_0595_MIXED_L3.jpg,1,0,2,2,1,3,4,4,3,
4394,image_0596_MIXED_L2.jpg,0,0,1,2,1,2,3,4,3,
4395,image_0596_MIXED_L3.jpg,0,0,2,2,1,3,4,4,3,
4396,image_0601_MIXED_L3.jpg,1,0,2,2,1,3,4,4,3,
4397,image_0602_MIXED_L2.jpg,0,0,1,2,1,2,3,4,2,
4398,image_0603_MIXED_L1.jpg,0,1,1,2,1,1,2,4,1,
4399,image_0603_MIXED_L2.jpg,0,0,1,2,1,2,3,4,2,
4400,image_0603_MIXED_L3.jpg,0,0,2,2,1,3,4,4,3,
4401,image_0604_MIXED_L2.jpg,0,0,1,2,1,2,3,4,2,
4402,image_0605_MIXED_L1.jpg,0,1,1,2,1,1,3,4,1,
4403,image_0605_MIXED_L2.jpg,0,0,1,2,1,2,3,4,2,
4404,image_0605_MIXED_L3.jpg,0,0,2,2,1,3,4,4,3,
4405,image_0607_MIXED_L2.jpg,0,0,1,2,1,3,3,4,2,
4406,image_0608_MIXED_L1.jpg,0,1,1,2,1,1,2,3,1,
4407,image_0608_MIXED_L4.jpg,0,0,4,2,1,4,4,4,4,
4408,image_0612_MIXED_L2.jpg,0,0,1,2,1,2,3,4,3,
4409,image_0614_MIXED_L1.jpg,0,1,1,2,1,2,3,4,1,
4410,image_0616_MIXED_L4.jpg,0,0,4,2,1,4,4,4,4,
4411,image_0617_MIXED_L1.jpg,1,1,1,2,1,2,3,4,1,
4412,image_0619_MIXED_L3.jpg,0,0,2,2,1,3,4,4,3,
4413,image_0619_MIXED_L4.jpg,0,0,4,2,1,4,4,4,4,
4414,image_0620_MIXED_L1.jpg,1,1,1,2,1,1,3,4,2,
4415,image_0620_MIXED_L3.jpg,1,0,2,2,1,3,4,4,3,
4416,image_0621_MIXED_L1.jpg,0,1,1,2,1,1,2,4,1,
4417,image_0621_MIXED_L3.jpg,0,0,2,2,1,3,4,4,3,
4418,image_0624_MIXED_L3.jpg,0,0,2,2,1,3,4,4,3,
4419,image_0624_MIXED_L4.jpg,0,0,4,2,1,4,4,4,4,
4420,image_0625_MIXED_L1.jpg,0,1,1,2,1,1,2,4,1,
4421,image_0626_MIXED_L4.jpg,0,0,4,2,1,4,4,4,4,
4422,image_0627_MIXED_L3.jpg,0,0,2,2,1,3,4,4,3,
4423,image_0627_MIXED_L4.jpg,0,0,4,2,1,4,4,4,4,
4424,image_0628_MIXED_L2.jpg,0,0,1,2,1,1,3,4,2,
4425,image_0630_MIXED_L4.jpg,0,0,4,2,1,4,4,4,4,
4426,image_0632_MIXED_L3.jpg,0,0,2,2,1,3,4,4,3,
4427,image_0633_MIXED_L4.jpg,0,0,4,2,1,4,4,4,4,
4428,image_0634_MIXED_L3.jpg,1,0,2,2,1,3,4,4,4,
4429,image_0634_MIXED_L4.jpg,1,0,4,2,1,4,4,4,4,
4430,image_0635_MIXED_L3.jpg,0,0,2,2,1,3,4,4,3,
4431,image_0635_MIXED_L4.jpg,0,0,4,2,1,4,4,4,4,
4432,image_0636_MIXED_L3.jpg,0,0,2,2,1,3,4,4,3,
4433,image_0637_MIXED_L3.jpg,0,0,2,2,1,3,4,4,3,
4434,image_0638_MIXED_L3.jpg,0,0,2,2,1,3,4,4,3,
4435,image_0638_MIXED_L4.jpg,0,0,4,2,1,4,4,4,4,
4436,image_0639_MIXED_L1.jpg,0,1,1,2,1,1,3,4,1,
4437,image_0640_MIXED_L4.jpg,0,0,4,2,1,4,4,4,4,
4438,image_0644_MIXED_L2.jpg,1,0,1,2,1,3,3,4,2,
4439,image_0645_MIXED_L1.jpg,0,1,1,2,1,2,3,4,1,
4440,image_0646_MIXED_L2.jpg,1,0,1,2,1,3,3,4,2,
4441,image_0646_MIXED_L3.jpg,1,0,2,2,1,3,4,4,4,
4442,image_0646_MIXED_L4.jpg,1,0,4,2,1,4,4,4,4,
4443,image_0647_MIXED_L2.jpg,0,0,1,2,1,1,3,4,2,
4444,image_0647_MIXED_L3.jpg,0,0,2,2,1,3,4,4,3,
4445,image_0647_MIXED_L4.jpg,0,0,4,2,1,4,4,4,4,
4446,image_0648_MIXED_L2.jpg,1,0,1,2,1,2,3,4,2,
4447,image_0649_MIXED_L1.jpg,0,1,1,1,1,2,3,4,1,
4448,image_0650_MIXED_L1.jpg,1,1,1,2,1,2,3,4,1,
4449,image_0650_MIXED_L2.jpg,1,0,1,2,1,3,3,4,2,
4450,image_0652_MIXED_L2.jpg,0,0,1,2,1,2,3,4,3,
4451,image_0653_MIXED_L1.jpg,0,1,1,1,1,2,3,4,1,
4452,image_0653_MIXED_L4.jpg,0,0,4,2,1,4,4,4,4,
4453,image_0655_MIXED_L3.jpg,0,0,2,2,1,3,4,4,3,
4454,image_0656_MIXED_L1.jpg,0,1,1,2,1,1,3,4,1,
4455,image_0656_MIXED_L2.jpg,0,0,1,2,1,2,3,4,2,
4456,image_0657_MIXED_L2.jpg,0,0,1,2,1,2,3,4,3,
4457,image_0658_MIXED_L4.jpg,0,0,4,2,1,4,4,4,4,
4458,image_0659_MIXED_L4.jpg,0,0,4,2,1,4,4,4,4,
4459,image_0660_MIXED_L1.jpg,0,1,1,1,1,2,3,4,1,
4460,image_0660_MIXED_L4.jpg,0,0,4,2,1,4,4,4,4,
4461,image_0661_MIXED_L2.jpg,0,0,1,2,1,3,3,4,2,
4462,image_0662_MIXED_L4.jpg,0,0,4,2,1,4,4,4,4,
4463,image_0664_MIXED_L1.jpg,0,1,1,2,1,2,3,4,1,
4464,image_0664_MIXED_L2.jpg,0,0,1,2,1,2,3,4,2,
4465,image_0664_MIXED_L3.jpg,0,0,2,2,1,3,4,4,3,
4466,image_0665_MIXED_L1.jpg,0,1,1,1,1,2,3,4,1,
4467,image_0665_MIXED_L2.jpg,0,0,1,2,1,3,3,4,1,
4468,image_0667_MIXED_L3.jpg,0,0,2,2,1,3,4,4,3,
4469,image_0669_MIXED_L4.jpg,0,0,4,2,1,4,4,4,4,
4470,image_0670_MIXED_L1.jpg,0,0,1,2,1,2,3,4,1,
4471,image_0670_MIXED_L3.jpg,0,0,2,2,1,3,4,4,2,
4472,image_0672_MIXED_L2.jpg,0,0,1,2,1,1,3,4,3,
4473,image_0674_MIXED_L2.jpg,0,0,1,2,1,3,3,4,2,
4474,image_0674_MIXED_L3.jpg,0,0,2,2,1,3,4,4,3,
4475,image_0675_MIXED_L4.jpg,0,0,4,2,1,4,4,4,4,
4476,image_0676_MIXED_L2.jpg,0,0,1,2,1,2,3,4,3,
4477,image_0678_MIXED_L1.jpg,1,0,1,1,1,1,3,4,1,
4478,image_0678_MIXED_L2.jpg,1,0,1,2,1,2,3,4,2,
4479,image_0678_MIXED_L3.jpg,1,0,2,2,1,4,4,4,4,
4480,image_0679_MIXED_L3.jpg,1,0,2,2,1,3,4,4,4,
4481,image_0680_MIXED_L4.jpg,0,0,4,2,1,4,4,4,4,
4482,image_0681_MIXED_L4.jpg,0,0,4,2,1,4,4,4,4,
4483,image_0683_MIXED_L1.jpg,0,1,1,2,1,2,3,4,1,
4484,image_0684_MIXED_L2.jpg,0,0,1,2,1,2,3,4,3,
4485,image_0685_MIXED_L2.jpg,0,0,1,2,1,2,3,4,3,
4486,image_0686_MIXED_L1.jpg,0,1,1,2,1,2,2,4,1,
4487,image_0686_MIXED_L2.jpg,0,0,1,2,1,2,3,4,2,
4488,image_0687_MIXED_L1.jpg,0,1,1,2,1,2,3,4,1,
4489,image_0688_MIXED_L3.jpg,0,0,2,2,1,3,4,4,3,
4490,image_0689_MIXED_L1.jpg,1,1,1,2,1,1,3,4,1,
4491,image_0689_MIXED_L2.jpg,1,0,2,2,1,2,3,4,1,
4492,image_0690_MIXED_L1.jpg,1,1,1,2,1,1,3,4,1,
4493,image_0690_MIXED_L2.jpg,1,0,2,2,1,2,3,4,1,
4494,image_0690_MIXED_L3.jpg,1,0,2,2,1,3,4,4,4,
4495,image_0691_MIXED_L1.jpg,0,1,1,2,1,1,2,4,1,
4496,image_0691_MIXED_L2.jpg,0,0,1,2,1,2,3,4,2,
4497,image_0694_MIXED_L1.jpg,0,1,1,2,1,2,2,4,1,
4498,image_0696_MIXED_L1.jpg,0,1,1,2,1,1,2,4,1,
4499,image_0696_MIXED_L2.jpg,0,0,1,2,1,2,3,4,2,
4500,image_0697_MIXED_L2.jpg,0,0,1,2,1,2,3,4,2,
4501,image_0698_MIXED_L2.jpg,0,0,1,2,1,2,3,4,3,
4502,image_0701_MIXED_L1.jpg,0,1,1,2,1,1,2,4,1,
4503,image_0701_MIXED_L4.jpg,0,0,4,2,1,4,4,4,4,
4504,image_0702_MIXED_L3.jpg,1,0,2,2,1,3,4,4,3,
4505,image_0703_MIXED_L1.jpg,0,1,1,2,1,2,3,4,1,
4506,image_0703_MIXED_L3.jpg,0,0,2,2,1,3,4,4,4,
4507,image_0704_MIXED_L4.jpg,0,0,4,2,1,4,4,4,4,
4508,image_0706_MIXED_L3.jpg,0,0,2,2,1,3,4,4,3,
4509,image_0706_MIXED_L4.jpg,0,0,4,2,1,4,4,4,4,
4510,image_0707_MIXED_L2.jpg,0,0,1,2,1,2,3,4,3,
4511,image_0708_MIXED_L4.jpg,0,0,4,2,1,4,4,4,4,
4512,image_0709_MIXED_L4.jpg,0,0,4,2,1,4,4,4,4,
4513,image_0712_MIXED_L4.jpg,0,0,4,2,1,4,4,4,4,
4514,image_0713_MIXED_L2.jpg,0,0,1,2,1,2,3,4,2,
4515,image_0714_MIXED_L3.jpg,1,0,2,2,1,3,4,4,4,
4516,image_0714_MIXED_L4.jpg,1,0,4,2,1,4,4,4,4,
4517,image_0715_MIXED_L3.jpg,1,0,2,2,1,3,4,4,4,
4518,image_0715_MIXED_L4.jpg,1,0,4,2,1,4,4,4,4,
4519,image_0716_MIXED_L1.jpg,0,1,1,2,1,2,2,4,1,
4520,image_0717_MIXED_L2.jpg,0,0,1,2,1,2,3,4,3,
4521,image_0717_MIXED_L3.jpg,0,0,2,2,1,3,4,4,2,
4522,image_0718_MIXED_L1.jpg,0,1,1,2,1,2,2,4,1,
4523,image_0719_MIXED_L3.jpg,1,0,2,2,1,3,4,4,4,
4524,image_0720_MIXED_L1.jpg,0,1,1,2,1,2,2,4,1,
4525,image_0720_MIXED_L4.jpg,0,0,4,2,1,4,4,4,4,
4526,image_0721_MIXED_L2.jpg,0,0,1,2,1,2,3,4,2,
4527,image_0721_MIXED_L3.jpg,0,0,2,2,1,3,4,4,3,
4528,image_0726_MIXED_L2.jpg,0,0,1,2,1,2,3,4,3,
4529,image_0727_MIXED_L2.jpg,0,0,1,2,1,1,3,4,3,
4530,image_0727_MIXED_L4.jpg,0,0,4,2,1,4,4,4,4,
4531,image_0728_MIXED_L3.jpg,0,0,2,2,1,3,4,4,2,
4532,image_0729_MIXED_L3.jpg,0,0,2,2,1,3,4,4,2,
4533,image_0730_MIXED_L2.jpg,0,0,1,2,1,1,3,4,2,
4534,image_0730_MIXED_L3.jpg,0,0,2,2,1,3,4,4,2,
4535,image_0730_MIXED_L4.jpg,0,0,4,2,1,4,4,4,4,
4536,image_0731_MIXED_L1.jpg,0,1,1,2,1,2,2,4,1,
4537,image_0732_MIXED_L2.jpg,0,0,1,2,1,1,3,4,3,
4538,image_0732_MIXED_L4.jpg,0,0,4,2,1,4,4,4,4,
4539,image_0733_MIXED_L3.jpg,0,0,2,2,1,3,4,4,2,
4540,image_0733_MIXED_L4.jpg,0,0,4,2,1,4,4,4,4,
4541,image_0734_MIXED_L2.jpg,0,0,1,2,1,1,3,4,2,
4542,image_0734_MIXED_L3.jpg,0,0,2,2,1,3,4,4,2,
4543,image_0734_MIXED_L4.jpg,0,0,4,2,1,4,4,4,4,
4544,image_0736_MIXED_L2.jpg,0,0,1,2,1,2,3,4,2,
4545,image_0736_MIXED_L3.jpg,0,0,2,2,1,3,4,4,3,
4546,image_0737_MIXED_L3.jpg,0,0,2,2,1,3,4,4,3,
4547,image_0738_MIXED_L4.jpg,0,0,4,2,1,4,4,4,4,
4548,image_0742_MIXED_L1.jpg,0,1,1,1,1,1,4,4,1,
4549,image_0742_MIXED_L2.jpg,0,0,2,2,1,2,3,4,1,
4550,image_0742_MIXED_L4.jpg,0,0,4,2,1,4,4,4,4,
4551,image_0743_MIXED_L3.jpg,0,0,2,2,1,4,4,4,4,
4552,image_0746_MIXED_L2.jpg,0,0,1,2,1,2,3,4,2,
4553,image_0747_MIXED_L3.jpg,0,0,2,2,1,3,4,4,3,
4554,image_0747_MIXED_L4.jpg,0,0,4,2,1,4,4,4,4,
4555,image_0748_MIXED_L1.jpg,0,1,1,2,1,2,3,4,1,
4556,image_0749_MIXED_L2.jpg,0,0,1,2,1,2,3,4,2,
4557,image_0749_MIXED_L4.jpg,0,0,4,2,1,4,4,4,4,
4558,image_0750_MIXED_L1.jpg,0,1,1,2,1,1,3,4,1,
4559,image_0750_MIXED_L2.jpg,0,0,1,2,1,2,3,4,2,
4560,image_0750_MIXED_L3.jpg,0,0,2,2,1,3,4,4,3,
4561,image_0752_MIXED_L2.jpg,0,0,2,2,1,2,3,4,1,
4562,image_0752_MIXED_L4.jpg,0,0,4,2,1,4,4,4,4,
4563,image_0754_MIXED_L1.jpg,0,1,1,2,1,2,3,4,1,
4564,image_0754_MIXED_L3.jpg,0,0,2,2,1,3,4,4,3,
4565,image_0755_MIXED_L1.jpg,0,1,1,2,1,2,3,4,1,
4566,image_0755_MIXED_L4.jpg,0,0,4,2,1,4,4,4,4,
4567,image_0756_MIXED_L4.jpg,0,0,4,2,1,4,4,4,4,
4568,image_0757_MIXED_L1.jpg,0,1,1,2,1,1,2,4,1,
4569,image_0757_MIXED_L3.jpg,0,0,2,2,1,3,4,4,2,
4570,image_0758_MIXED_L2.jpg,0,0,1,2,1,2,3,4,2,
4571,image_0759_MIXED_L4.jpg,0,0,4,2,1,4,4,4,4,
4572,image_0760_MIXED_L3.jpg,0,0,2,2,1,3,4,4,3,
4573,image_0761_MIXED_L1.jpg,0,1,1,2,1,1,3,4,1,
4574,image_0762_MIXED_L2.jpg,0,0,1,2,1,2,3,4,2,
4575,image_0763_MIXED_L1.jpg,0,1,1,2,1,1,3,4,1,
4576,image_0764_MIXED_L2.jpg,0,0,1,2,1,1,3,4,2,
4577,image_0766_MIXED_L4.jpg,0,0,4,2,1,4,4,4,4,
4578,image_0767_MIXED_L2.jpg,0,0,1,2,1,2,3,4,3,
4579,image_0767_MIXED_L4.jpg,0,0,4,2,1,4,4,4,4,
4580,image_0768_MIXED_L2.jpg,0,0,1,2,1,1,3,4,2,
4581,image_0768_MIXED_L4.jpg,0,0,4,2,1,4,4,4,4,
4582,image_0769_MIXED_L4.jpg,0,0,4,2,1,4,4,4,4,
4583,image_0770_MIXED_L1.jpg,0,1,1,2,1,1,2,4,1,
4584,image_0772_MIXED_L1.jpg,0,1,1,2,1,1,3,4,1,
4585,image_0773_MIXED_L1.jpg,0,1,1,2,1,1,3,4,1,
4586,image_0774_MIXED_L4.jpg,0,0,4,2,1,4,4,4,4,
4587,image_0775_MIXED_L2.jpg,0,0,1,2,1,1,3,4,3,
4588,image_0775_MIXED_L4.jpg,0,0,4,2,1,4,4,4,4,
4589,image_0776_MIXED_L4.jpg,0,0,4,2,1,4,4,4,4,
4590,image_0777_MIXED_L1.jpg,0,1,1,2,1,2,3,4,1,
4591,image_0777_MIXED_L2.jpg,0,0,1,2,1,2,3,4,2,
4592,image_0778_MIXED_L2.jpg,0,0,1,2,1,2,3,4,2,
4593,image_0780_MIXED_L4.jpg,0,0,4,2,1,4,4,4,4,
4594,image_0781_MIXED_L2.jpg,0,0,1,2,1,2,3,4,2,
4595,image_0781_MIXED_L4.jpg,0,0,4,2,1,4,4,4,4,
4596,image_0783_MIXED_L3.jpg,0,0,2,2,1,3,4,4,3,
4597,image_0785_MIXED_L1.jpg,0,1,1,2,1,2,3,4,1,
4598,image_0785_MIXED_L2.jpg,0,0,1,2,1,3,3,4,3,
4599,image_0787_MIXED_L1.jpg,0,1,1,2,1,2,3,4,1,
4600,image_0788_MIXED_L1.jpg,0,1,1,2,1,2,3,4,1,
4601,image_0788_MIXED_L3.jpg,0,0,2,2,1,3,4,4,3,
4602,image_0789_MIXED_L3.jpg,0,0,2,2,1,3,4,4,3,
4603,image_0789_MIXED_L4.jpg,0,0,4,2,1,4,4,4,4,
4604,image_0793_MIXED_L1.jpg,0,1,1,2,1,1,3,4,1,
4605,image_0793_MIXED_L3.jpg,0,0,2,2,1,3,4,4,3,
4606,image_0794_MIXED_L3.jpg,0,0,2,2,1,3,4,4,3,
4607,image_0795_MIXED_L1.jpg,0,1,1,2,1,1,3,4,1,
4608,image_0796_MIXED_L4.jpg,0,0,4,2,1,4,4,4,4,
4609,image_0797_MIXED_L2.jpg,0,0,1,2,1,3,3,4,3,
4610,image_0797_MIXED_L4.jpg,0,0,4,2,1,4,4,4,4,
4611,image_0799_MIXED_L2.jpg,0,0,2,2,1,2,3,4,2,
4612,image_0800_MIXED_L4.jpg,0,0,4,2,1,4,4,4,4,
4613,image_0801_MIXED_L4.jpg,0,0,4,2,1,4,4,4,4,
4614,image_0802_MIXED_L1.jpg,0,1,1,2,1,1,3,4,1,
4615,image_0804_MIXED_L2.jpg,0,0,1,2,1,2,3,4,3,
4616,image_0805_MIXED_L3.jpg,0,0,2,2,1,3,4,4,3,
4617,image_0805_MIXED_L4.jpg,0,0,4,2,1,4,4,4,4,
4618,image_0806_MIXED_L1.jpg,0,1,1,2,1,1,3,4,1,
4619,image_0806_MIXED_L3.jpg,0,0,2,2,1,3,4,4,2,
4620,image_0806_MIXED_L4.jpg,0,0,4,2,1,4,4,4,4,
4621,image_0808_MIXED_L1.jpg,0,1,1,2,1,2,3,4,1,
4622,image_0810_MIXED_L4.jpg,0,0,4,2,1,4,4,4,4,
4623,image_0811_MIXED_L1.jpg,0,1,1,2,1,1,3,4,1,
4624,image_0811_MIXED_L3.jpg,0,0,2,2,1,3,4,4,4,
4625,image_0813_MIXED_L1.jpg,0,1,1,2,1,2,3,4,1,
4626,image_0813_MIXED_L3.jpg,0,0,2,2,1,3,4,4,3,
4627,image_0815_MIXED_L3.jpg,0,0,2,2,1,3,4,4,3,
4628,image_0818_MIXED_L2.jpg,0,0,1,2,1,1,3,4,2,
4629,image_0818_MIXED_L4.jpg,0,0,4,2,1,4,4,4,4,
4630,image_0819_MIXED_L1.jpg,0,1,1,2,1,1,2,4,1,
4631,image_0821_MIXED_L1.jpg,0,1,1,2,1,2,3,4,1,
4632,image_0821_MIXED_L2.jpg,0,0,1,2,1,1,3,4,3,
4633,image_0821_MIXED_L4.jpg,0,0,4,2,1,4,4,4,4,
4634,image_0822_MIXED_L1.jpg,0,1,1,2,1,2,3,4,1,
4635,image_0823_MIXED_L2.jpg,0,0,1,2,1,2,3,4,2,
4636,image_0825_MIXED_L3.jpg,0,0,2,2,1,3,4,4,3,
4637,image_0826_MIXED_L2.jpg,0,0,1,2,1,1,3,4,3,
4638,image_0828_MIXED_L3.jpg,0,0,2,2,1,3,4,4,2,
4639,image_0829_MIXED_L3.jpg,0,0,2,2,1,3,4,4,3,
4640,image_0831_MIXED_L2.jpg,0,0,1,2,1,1,3,4,2,
4641,image_0831_MIXED_L3.jpg,0,0,2,2,1,3,4,4,2,
4642,image_0831_MIXED_L4.jpg,0,0,4,2,1,4,4,4,4,
4643,image_0832_MIXED_L2.jpg,0,0,1,2,1,1,3,4,2,
4644,image_0835_MIXED_L4.jpg,0,0,4,2,1,4,4,4,4,
4645,image_0836_MIXED_L2.jpg,0,0,1,2,1,2,3,4,3,
4646,image_0838_MIXED_L1.jpg,0,1,1,2,1,2,3,4,1,
4647,image_0838_MIXED_L4.jpg,0,0,4,2,1,4,4,4,4,
4648,image_0839_MIXED_L2.jpg,0,0,1,2,1,2,3,4,2,
4649,image_0839_MIXED_L4.jpg,0,0,4,2,1,4,4,4,4,
4650,image_0840_MIXED_L1.jpg,0,1,1,2,1,2,3,4,1,
4651,image_0840_MIXED_L3.jpg,0,0,2,2,1,3,4,4,3,
4652,image_0841_MIXED_L1.jpg,0,1,1,2,1,1,3,4,1,
4653,image_0841_MIXED_L4.jpg,0,0,4,2,1,4,4,4,4,
4654,image_0843_MIXED_L1.jpg,0,1,1,1,1,1,3,4,1,
4655,image_0843_MIXED_L3.jpg,0,0,2,2,1,3,4,4,3,
4656,image_0844_MIXED_L1.jpg,0,1,1,2,1,1,3,4,1,
4657,image_0844_MIXED_L3.jpg,0,0,2,2,1,3,4,4,3,
4658,image_0846_MIXED_L1.jpg,0,0,1,2,1,1,3,4,1,
4659,image_0846_MIXED_L3.jpg,0,0,2,2,1,3,4,4,3,
4660,image_0850_MIXED_L1.jpg,0,1,1,2,1,1,3,4,1,
4661,image_0850_MIXED_L4.jpg,0,0,4,2,1,4,4,4,4,
4662,image_0852_MIXED_L1.jpg,0,1,1,2,1,1,2,4,1,
4663,image_0852_MIXED_L2.jpg,0,0,1,2,1,1,3,4,2,
4664,image_0852_MIXED_L3.jpg,0,0,2,2,1,3,4,4,2,
4665,image_0853_MIXED_L1.jpg,0,1,1,2,1,1,2,4,1,
4666,image_0853_MIXED_L2.jpg,0,0,1,2,1,1,3,4,2,
4667,image_0854_MIXED_L4.jpg,0,0,4,2,1,4,4,4,4,
4668,image_0855_MIXED_L1.jpg,0,1,1,2,1,1,2,4,1,
4669,image_0857_MIXED_L1.jpg,0,1,1,2,1,1,2,3,1,
4670,image_0857_MIXED_L2.jpg,0,0,1,2,1,1,3,4,2,
4671,image_0857_MIXED_L3.jpg,0,0,2,2,1,3,4,4,2,
4672,image_0861_MIXED_L1.jpg,0,1,1,2,1,1,3,4,1,
4673,image_0861_MIXED_L2.jpg,0,0,1,2,1,1,3,4,2,
4674,image_0861_MIXED_L4.jpg,0,0,4,2,1,4,4,4,4,
4675,image_0865_MIXED_L2.jpg,0,0,1,2,1,2,3,4,3,
4676,image_0866_MIXED_L1.jpg,0,1,1,2,1,1,3,4,1,
4677,image_0866_MIXED_L2.jpg,0,0,1,2,1,2,3,4,2,
4678,image_0866_MIXED_L4.jpg,0,0,4,2,1,4,4,4,4,
4679,image_0867_MIXED_L1.jpg,0,1,1,2,1,2,3,4,1,
4680,image_0870_MIXED_L1.jpg,0,1,1,2,1,1,2,4,1,
4681,image_0870_MIXED_L3.jpg,0,0,2,2,1,3,4,4,2,
4682,image_0870_MIXED_L4.jpg,0,0,4,2,1,4,4,4,4,
4683,image_0873_MIXED_L2.jpg,0,0,1,2,1,2,3,4,3,
4684,image_0874_MIXED_L2.jpg,0,0,1,2,1,1,3,4,2,
4685,image_0875_MIXED_L1.jpg,0,1,1,2,1,2,3,4,1,
4686,image_0876_MIXED_L1.jpg,0,1,1,2,1,2,3,4,1,
4687,image_0879_MIXED_L2.jpg,0,0,1,2,1,1,3,4,2,
4688,image_0881_MIXED_L2.jpg,0,0,1,2,1,2,3,4,3,
4689,image_0882_MIXED_L1.jpg,0,1,1,2,1,1,3,4,1,
4690,image_0882_MIXED_L4.jpg,0,0,4,2,1,4,4,4,4,
4691,image_0884_MIXED_L4.jpg,0,0,4,2,1,4,4,4,4,
4692,image_0889_MIXED_L2.jpg,0,0,2,2,1,3,3,4,3,
4693,image_0890_MIXED_L4.jpg,0,0,4,2,1,4,4,4,4,
4694,image_0891_MIXED_L1.jpg,0,1,1,2,1,2,3,4,1,
4695,image_0893_MIXED_L1.jpg,0,1,1,2,1,1,3,4,1,
4696,image_0893_MIXED_L3.jpg,0,0,2,2,1,3,4,4,3,
4697,image_0893_MIXED_L4.jpg,0,0,4,2,1,4,4,4,4,
4698,image_0894_MIXED_L2.jpg,0,0,1,2,1,2,3,4,2,
4699,image_0895_MIXED_L1.jpg,0,1,1,2,1,1,3,4,1,
4700,image_0895_MIXED_L3.jpg,0,0,2,2,1,3,4,4,3,
4701,image_0896_MIXED_L3.jpg,0,0,2,2,1,3,4,4,3,
4702,image_0897_MIXED_L3.jpg,0,0,2,2,1,3,4,4,3,
4703,image_0897_MIXED_L4.jpg,0,0,4,2,1,4,4,4,4,
4704,image_0898_MIXED_L1.jpg,0,1,1,2,1,1,3,4,1,
4705,image_0898_MIXED_L4.jpg,0,0,4,2,1,4,4,4,4,
4706,image_0902_MIXED_L4.jpg,0,0,4,2,1,4,4,4,4,
4707,image_0903_MIXED_L2.jpg,0,0,1,2,1,3,3,4,3,
4708,image_0904_MIXED_L3.jpg,0,0,2,2,1,3,4,4,2,
4709,image_0906_MIXED_L4.jpg,0,0,4,2,1,4,4,4,4,
4710,image_0907_MIXED_L3.jpg,1,0,2,2,1,3,4,4,4,
4711,image_0907_MIXED_L4.jpg,1,0,4,2,1,4,4,4,4,
4712,image_0909_MIXED_L1.jpg,1,1,1,2,1,1,3,4,1,
4713,image_0910_MIXED_L2.jpg,0,0,1,2,1,1,3,4,2,
4714,image_0910_MIXED_L3.jpg,0,0,2,2,1,3,4,4,2,
4715,image_0911_MIXED_L4.jpg,1,0,4,2,1,4,4,4,4,
4716,image_0913_MIXED_L4.jpg,0,0,4,2,1,4,4,4,4,
4717,image_0914_MIXED_L3.jpg,0,0,2,2,1,3,4,4,3,
4718,image_0915_MIXED_L3.jpg,1,0,2,2,1,3,4,4,3,
4719,image_0915_MIXED_L4.jpg,1,0,4,2,1,4,4,4,4,
4720,image_0916_MIXED_L2.jpg,0,0,1,2,1,2,3,4,2,
4721,image_0916_MIXED_L4.jpg,0,0,4,2,1,4,4,4,4,
4722,image_0918_MIXED_L1.jpg,0,0,1,2,1,1,3,4,1,
4723,image_0918_MIXED_L3.jpg,0,0,2,2,1,3,4,4,3,
4724,image_0920_MIXED_L3.jpg,1,0,2,2,1,3,4,4,3,
4725,image_0920_MIXED_L4.jpg,1,0,4,2,1,4,4,4,4,
4726,image_0921_MIXED_L1.jpg,1,1,1,2,1,2,3,4,1,
4727,image_0921_MIXED_L3.jpg,1,0,2,2,1,3,4,4,3,
4728,image_0921_MIXED_L4.jpg,1,0,4,2,1,4,4,4,4,
4729,image_0924_MIXED_L1.jpg,1,1,1,2,1,2,3,4,1,
4730,image_0927_MIXED_L1.jpg,1,0,1,1,1,1,4,4,1,
4731,image_0927_MIXED_L2.jpg,1,0,2,2,1,2,3,4,1,
4732,image_0928_MIXED_L2.jpg,1,0,1,2,1,2,3,4,2,
4733,image_0928_MIXED_L4.jpg,1,0,4,2,1,4,4,4,4,
4734,image_0929_MIXED_L2.jpg,0,0,1,2,1,1,3,4,2,
4735,image_0931_MIXED_L2.jpg,0,0,2,2,1,2,3,4,2,
4736,image_0932_MIXED_L3.jpg,0,0,2,2,1,3,4,4,3,
4737,image_0933_MIXED_L4.jpg,0,0,4,2,1,4,4,4,4,
4738,image_0934_MIXED_L1.jpg,0,1,1,2,1,2,3,4,1,
4739,image_0935_MIXED_L3.jpg,0,0,2,2,1,3,4,4,2,
4740,image_0937_MIXED_L1.jpg,0,1,1,2,1,2,3,4,1,
4741,image_0937_MIXED_L3.jpg,0,0,2,2,1,3,4,4,2,
4742,image_0938_MIXED_L3.jpg,0,0,2,2,1,3,4,4,3,
4743,image_0938_MIXED_L4.jpg,0,0,4,2,1,4,4,4,4,
4744,image_0939_MIXED_L2.jpg,0,0,1,2,1,1,3,4,1,
4745,image_0939_MIXED_L3.jpg,0,0,2,2,1,4,4,4,1,
4746,image_0942_MIXED_L2.jpg,0,0,1,2,1,2,3,4,2,
4747,image_0942_MIXED_L3.jpg,0,0,2,2,1,3,4,4,3,
4748,image_0945_MIXED_L1.jpg,0,1,1,2,1,1,3,4,1,
4749,image_0945_MIXED_L2.jpg,0,0,1,2,1,1,3,4,2,
4750,image_0947_MIXED_L4.jpg,0,0,4,2,1,4,4,4,4,
4751,image_0948_MIXED_L3.jpg,0,0,2,2,1,3,4,4,3,
4752,image_0948_MIXED_L4.jpg,0,0,4,2,1,4,4,4,4,
4753,image_0949_MIXED_L3.jpg,0,0,2,2,1,3,4,4,3,
4754,image_0949_MIXED_L4.jpg,0,0,4,2,1,4,4,4,4,
4755,image_0953_MIXED_L2.jpg,0,0,1,2,1,2,3,4,2,
4756,image_0956_MIXED_L3.jpg,0,0,2,2,1,3,4,4,2,
4757,image_0957_MIXED_L2.jpg,0,0,1,2,1,2,3,4,2,
4758,image_0957_MIXED_L3.jpg,0,0,2,2,1,3,4,4,3,
4759,image_0958_MIXED_L1.jpg,1,0,1,1,1,1,4,4,1,
4760,image_0959_MIXED_L2.jpg,0,0,1,2,1,2,3,4,2,
4761,image_0959_MIXED_L4.jpg,0,0,4,2,1,4,4,4,4,
4762,image_0960_MIXED_L1.jpg,0,1,1,2,1,1,3,4,1,
4763,image_0960_MIXED_L3.jpg,0,0,2,2,1,3,4,4,3,
4764,image_0961_MIXED_L1.jpg,0,1,1,2,1,2,3,4,1,
4765,image_0964_MIXED_L2.jpg,1,0,1,2,1,3,3,4,2,
4766,image_0964_MIXED_L4.jpg,1,0,4,2,1,4,4,4,4,
4767,image_0966_MIXED_L2.jpg,0,0,1,2,1,1,3,4,2,
4768,image_0968_MIXED_L2.jpg,0,0,1,2,1,1,3,4,2,
4769,image_0969_MIXED_L3.jpg,0,0,2,2,1,3,4,4,2,
4770,image_0971_MIXED_L3.jpg,0,0,2,2,1,3,4,4,3,
4771,image_0972_MIXED_L1.jpg,1,0,1,2,1,1,3,4,1,
4772,image_0972_MIXED_L3.jpg,1,0,2,2,1,3,4,4,3,
4773,image_0973_MIXED_L1.jpg,1,1,1,2,1,1,3,4,1,
4774,image_0973_MIXED_L3.jpg,1,0,2,2,1,3,4,4,3,
4775,image_0975_MIXED_L2.jpg,0,0,1,2,1,1,3,4,2,
4776,image_0977_MIXED_L2.jpg,0,0,1,2,1,2,3,4,3,
4777,image_0978_MIXED_L1.jpg,0,1,1,2,1,1,2,3,1,
4778,image_0978_MIXED_L2.jpg,0,0,1,2,1,1,3,4,2,
4779,image_0980_MIXED_L4.jpg,0,0,4,2,1,4,4,4,4,
4780,image_0981_MIXED_L2.jpg,0,0,1,2,1,2,3,4,2,
4781,image_0982_MIXED_L2.jpg,0,0,1,2,1,1,3,4,2,
4782,image_0982_MIXED_L4.jpg,0,0,4,2,1,4,4,4,4,
4783,image_0983_MIXED_L4.jpg,0,0,4,2,1,4,4,4,4,
4784,image_0985_MIXED_L2.jpg,0,0,1,2,1,3,3,4,3,
4785,image_0985_MIXED_L3.jpg,0,0,2,2,1,3,4,4,3,
4786,image_0987_MIXED_L3.jpg,0,0,2,2,1,3,4,4,3,
4787,image_0988_MIXED_L2.jpg,0,0,1,2,1,2,3,4,2,
4788,image_0989_MIXED_L2.jpg,1,0,1,2,1,1,3,4,2,
4789,image_0990_MIXED_L3.jpg,1,0,2,2,1,3,4,4,3,
4790,image_0991_MIXED_L2.jpg,0,0,1,2,1,1,3,4,2,
4791,image_0991_MIXED_L4.jpg,0,0,4,2,1,4,4,4,4,
4792,image_0992_MIXED_L2.jpg,1,0,1,2,1,1,3,4,2,
