Image_Num,Name,Visibility,Quality,Blur,Brightness,Noise,Contrast,Compression,Sharpness,Exposure,Equal_Weight_Score,Correlation_Weight_Score,RandomForest_Weight_Score,BRISQUE_Score,NIQE_Score,PIQE_Score
1,image_0001.jpg,1,1,1,1,1,1,1,1,1,1,1,1,43.4581820467699,5.51988642274746,23.40779388737
2,image_0002.jpg,1,1,1,1,1,1,1,1,1,1,1,1,43.4581819815664,6.66543493888431,24.5168504525514
3,image_0003.jpg,1,1,1,1,1,1,1,1,1,1,1,1,43.4581819817411,5.85925242605372,25.3637846138962
4,image_0004.jpg,1,1,1,1,1,1,1,1,1,1,1,1,43.4581819921774,5.48478283345099,21.2111012676308
5,image_0005.jpg,1,1,1,1,2,1,1,1,1,1.142857143,1.064502456,1.1641089,43.458181982974,9.12811389031523,34.4116714089627
6,image_0006.jpg,1,1,1,1,2,1,1,1,1,1.142857143,1.064502456,1.1641089,43.4581819823353,9.54304914073564,36.1975542006362
7,image_0007.jpg,1,1,1,1,1,1,1,1,1,1,1,1,43.4581819888097,5.65042244382944,23.7905364581125
8,image_0008.jpg,1,1,1,1,1,1,1,1,1,1,1,1,43.4523460206934,4.00973934367088,20.4804865197858
9,image_0009.jpg,1,1,1,1,1,1,1,1,1,1,1,1,43.4484417836404,3.99484860531685,20.4243361502311
10,image_0010.jpg,0,1,1,1,1,1,1,1,1,1,1,1,43.443089072956,3.92439486095518,20.1869149251577
11,image_0011.jpg,0,1,1,1,1,1,1,1,1,1,1,1,43.4500267751743,4.019512014363,20.2770831483779
12,image_0012.jpg,0,1,1,1,1,1,1,1,1,1,1,1,43.4581819864883,5.02110511914828,29.3143181416131
13,image_0013.jpg,0,1,1,1,1,1,1,1,1,1,1,1,43.4581821578784,5.01839965320289,22.2766564363439
14,image_0014.jpg,1,1,1,1,1,1,1,1,1,1,1,1,43.3133036969815,3.92916809274738,17.615522490797
15,image_0015.jpg,0,1,1,1,1,1,1,1,1,1,1,1,43.1928125124807,4.27205193468421,21.6857451588021
16,image_0016.jpg,0,1,1,1,1,1,1,1,1,1,1,1,43.458182006564,5.04490659432354,30.9382352330563
17,image_0017.jpg,0,1,1,1,1,1,1,1,1,1,1,1,43.4581820052346,5.03789488407604,29.3171182436272
18,image_0018.jpg,0,1,1,1,1,1,1,1,1,1,1,1,43.4581819825902,4.95676662195355,29.9492218501111
19,image_0019.jpg,0,1,1,1,1,1,1,1,1,1,1,1,43.4220121008659,3.63537471338375,19.3551453941134
20,image_0020.jpg,0,1,1,1,1,1,1,1,1,1,1,1,43.4421993754912,3.91117413708728,20.004790819517
21,image_0021.jpg,0,1,1,1,1,1,1,1,1,1,1,1,43.4520394204482,3.98894723019495,20.4430213170364
22,image_0022.jpg,0,1,1,1,1,1,1,1,1,1,1,1,43.0793839396192,3.58866045688301,18.9470592338424
23,image_0023.jpg,0,1,1,1,1,1,1,1,1,1,1,1,43.4581819816414,5.21217053444395,27.9982107907001
24,image_0024.jpg,0,1,1,1,1,1,1,1,1,1,1,1,43.4581819833974,5.09197739157083,26.0076179617322
25,image_0025.jpg,0,1,1,1,1,1,1,1,1,1,1,1,43.4581820619859,5.09860654880653,29.3601481767894
26,image_0026.jpg,1,1,1,1,1,1,1,1,1,1,1,1,42.9827398117193,3.57962787536888,17.1293952927487
27,image_0027.jpg,0,1,1,1,1,1,1,1,1,1,1,1,43.4581836900562,4.90511447327332,24.4752706800442
28,image_0028.jpg,0,1,1,1,1,1,1,1,1,1,1,1,43.4581881886379,4.42516982060933,26.7185370248686
29,image_0029.jpg,1,1,1,1,1,1,1,1,1,1,1,1,38.106875510017,3.21415733942054,15.6134587235423
30,image_0030.jpg,0,1,1,1,1,1,1,1,1,1,1,1,43.4581819815664,5.74550385378798,26.0253625771346
31,image_0031.jpg,0,0,1,1,1,1,1,1,1,1,1,1,43.4581819815664,4.65124910064076,22.3938448091485
32,image_0032.jpg,0,0,1,3,1,1,1,1,1,1.285714286,1.249544452,1.331113697,37.6498879008803,3.13247566683619,19.4016709440885
33,image_0033.jpg,0,1,1,1,1,1,1,1,1,1,1,1,43.0655922442215,3.36638372139896,21.8421887857463
34,image_0034.jpg,0,1,1,1,1,1,1,1,1,1,1,1,43.4581819815664,6.00843616284071,26.2397116847729
35,image_0035.jpg,0,1,1,1,1,1,1,1,1,1,1,1,43.458181981892,4.8600337267037,28.9066574848048
36,image_0036.jpg,0,1,1,1,1,1,1,1,1,1,1,1,43.4581819815664,4.78009474867756,26.6987263179473
37,image_0037.jpg,1,1,1,1,1,1,1,1,1,1,1,1,43.4581819815664,6.05297982426928,25.2021532038976
38,image_0038.jpg,0,1,1,1,1,1,1,1,1,1,1,1,43.4581819821379,4.60183710749381,23.00979887081
39,image_0039.jpg,1,1,1,1,1,1,1,1,1,1,1,1,43.4581819815664,4.82683196140406,21.764628173674
40,image_0040.jpg,1,1,1,3,1,1,1,1,1,1.285714286,1.249544452,1.331113697,43.4575514354361,3.99200259271902,22.665808059673
41,image_0041.jpg,0,1,1,1,1,1,1,1,1,1,1,1,43.4581819815664,4.99991428336189,27.149255818338
42,image_0042.jpg,0,1,1,1,1,1,1,1,1,1,1,1,43.4581819815664,6.31187889210135,29.5560444205887
43,image_0043.jpg,0,1,1,1,1,1,1,1,1,1,1,1,43.4581819815664,5.21656896993226,24.1932761009768
44,image_0044.jpg,0,1,1,1,1,1,1,1,1,1,1,1,43.4581819815654,5.2569008387025,48.9039882758758
45,image_0045.jpg,0,1,1,1,1,1,1,1,1,1,1,1,43.4581819815664,4.83796275312535,25.3284992722653
46,image_0046.jpg,1,1,1,1,1,1,1,1,1,1,1,1,43.4536860195526,4.23205680209915,15.2542688673612
47,image_0047.jpg,1,1,1,1,1,1,1,1,1,1,1,1,43.4581821002153,5.09462533052316,24.3222581692811
48,image_0048.jpg,0,1,1,1,1,1,1,1,1,1,1,1,43.4581819815664,7.18182278762386,26.7060874530823
49,image_0049.jpg,0,1,1,1,1,1,1,1,1,1,1,1,43.4581819815664,6.34477079409858,20.2266451477259
50,image_0050.jpg,0,1,1,1,1,1,1,1,1,1,1,1,43.4581819815664,10.3708444261813,23.8011728225902
51,image_0051.jpg,0,1,1,1,1,1,1,1,1,1,1,1,43.4581819828089,4.56951328618436,20.2813817583462
52,image_0052.jpg,1,1,1,3,1,1,1,1,1,1.285714286,1.249544452,1.331113697,37.8557531953053,3.01403570058197,18.171012561646
53,image_0053.jpg,0,1,1,1,1,1,1,1,1,1,1,1,43.4581819822356,5.02048992592017,24.4100401080541
54,image_0054.jpg,0,1,1,1,1,1,1,1,1,1,1,1,43.4581819839718,5.84215286151054,26.7986004754168
55,image_0055.jpg,0,1,1,1,1,1,1,1,1,1,1,1,43.4581822248707,4.78617092231967,24.8297879811016
56,image_0056.jpg,1,1,1,1,1,1,1,1,1,1,1,1,39.3388125332006,3.40259933168603,14.2445923190079
57,image_0057.jpg,0,1,1,1,1,1,1,1,1,1,1,1,40.0850335564203,3.36188066856356,14.550571787755
58,image_0058.jpg,0,1,1,1,1,1,1,1,1,1,1,1,38.3674521538199,2.85039406826918,16.6419730030135
59,image_0059.jpg,0,1,1,1,1,1,1,1,1,1,1,1,38.3544733026069,2.83247825842103,16.2941504487832
60,image_0060.jpg,0,0,1,1,1,1,1,1,1,1,1,1,43.4581819815664,6.26823259659742,27.9240208884075
61,image_0061.jpg,0,0,1,1,1,1,1,1,1,1,1,1,43.4581819815664,5.30939286903665,22.6218368558584
62,image_0062.jpg,0,1,1,1,1,1,1,1,1,1,1,1,43.458182096005,5.27515430140128,23.861571239871
63,image_0063.jpg,0,1,1,1,1,1,1,1,1,1,1,1,43.4581819815664,5.95940372445243,28.0338211453503
64,image_0064.jpg,0,1,1,1,1,1,1,1,1,1,1,1,43.4581819815673,5.86635611567916,28.6114885996665
65,image_0065.jpg,0,1,1,1,1,1,1,1,1,1,1,1,43.4581822322798,4.69935375856371,18.7134961282464
66,image_0066.jpg,0,1,1,1,1,1,1,1,1,1,1,1,43.4581823703245,4.9903637444602,19.4679140438773
67,image_0067.jpg,0,1,1,1,1,1,1,1,1,1,1,1,43.4581825598111,4.16103634567273,21.0631161457181
68,image_0068.jpg,1,1,1,1,1,1,1,1,1,1,1,1,43.4581893544226,3.99154846728202,20.0462990590162
69,image_0069.jpg,0,1,1,1,1,1,1,1,1,1,1,1,43.4581819815664,5.09633216003163,20.7803348140346
70,image_0070.jpg,0,1,1,1,1,1,1,1,1,1,1,1,43.4581819815664,6.20089133349818,24.8964904440334
71,image_0071.jpg,0,1,1,1,1,1,1,1,1,1,1,1,43.4581819815694,5.96965879510005,28.701020106533
72,image_0072.jpg,0,1,1,1,1,1,1,1,1,1,1,1,43.4581819815787,5.60954083648141,27.3631842093818
73,image_0073.jpg,0,1,1,1,1,1,1,1,1,1,1,1,43.4581823530913,4.1425579810742,21.9482412803347
74,image_0074.jpg,0,1,1,1,1,1,1,1,1,1,1,1,43.4581819815664,5.85313042826355,26.5326016364654
75,image_0075.jpg,0,1,1,1,1,1,1,1,1,1,1,1,43.4581819815664,8.89144463202345,30.2181891989867
76,image_0076.jpg,1,1,1,1,1,1,1,1,1,1,1,1,43.4581819815678,6.59261800661313,23.9545081977078
77,image_0077.jpg,0,1,1,1,1,1,1,1,1,1,1,1,43.4581819815664,7.15354042950099,29.1174295122292
78,image_0078.jpg,1,1,1,1,2,1,1,1,1,1.142857143,1.064502456,1.1641089,43.4581819815664,6.6660206620559,27.7419855611916
79,image_0079.jpg,1,1,1,1,1,1,1,1,1,1,1,1,43.4581819815664,6.99048426162133,28.4596715629722
80,image_0080.jpg,0,1,1,1,2,1,1,1,1,1.142857143,1.064502456,1.1641089,43.4581819816526,6.24868721455018,32.8806206027923
81,image_0081.jpg,0,1,1,1,1,1,1,1,1,1,1,1,43.4581819876526,4.46066271151841,22.7138087910258
82,image_0082.jpg,0,1,1,1,1,1,1,1,1,1,1,1,43.4581813499982,3.7213416824632,23.0335659119714
83,image_0083.jpg,0,1,1,1,1,1,1,1,1,1,1,1,43.1066729663883,3.48349431948955,20.2562760437335
84,image_0084.jpg,0,1,1,1,1,1,1,1,1,1,1,1,43.4581819816093,4.63769815638505,21.7855332306103
85,image_0085.jpg,0,1,1,1,1,1,1,1,1,1,1,1,43.4556206387207,3.53735748984087,20.3619516992566
86,image_0086.jpg,0,1,1,1,2,1,1,1,1,1.142857143,1.064502456,1.1641089,43.4581827274296,4.79733690903109,30.4036480235679
87,image_0087.jpg,0,1,1,1,2,1,1,1,1,1.142857143,1.064502456,1.1641089,43.4581819816227,14.3161687413619,39.53466262053
88,image_0088.jpg,0,1,1,1,1,1,1,1,1,1,1,1,43.4571183565931,3.53710200504683,23.5564354958818
89,image_0089.jpg,0,1,1,1,2,1,1,1,1,1.142857143,1.064502456,1.1641089,43.4581819820704,18.2924107882277,41.2987235238344
90,image_0090.jpg,0,1,1,1,1,1,1,1,1,1,1,1,43.4581823838931,3.85888880491767,23.73280569159
91,image_0091.jpg,0,1,1,1,1,1,1,1,1,1,1,1,43.4067525390592,3.84009601545002,18.7742078512879
92,image_0092.jpg,0,1,1,1,1,1,1,1,1,1,1,1,43.4581819815719,4.929284149249,32.1140024741143
93,image_0093.jpg,0,1,1,1,1,1,1,1,1,1,1,1,43.2769994162914,3.34644839350413,19.349428601772
94,image_0094.jpg,0,1,1,1,1,1,1,1,1,1,1,1,43.4554380710718,3.90411113083926,18.8970256118587
95,image_0095.jpg,0,1,1,1,1,1,1,1,1,1,1,1,43.4579374983575,3.64328777603623,20.8630974922047
96,image_0096.jpg,0,1,1,1,1,1,1,1,1,1,1,1,43.4581822117746,3.68907744383042,22.1818398655497
97,image_0097.jpg,0,1,1,1,1,1,1,1,1,1,1,1,43.4477061319781,3.65032213342509,19.9582976860031
98,image_0098.jpg,0,1,1,1,1,1,1,1,1,1,1,1,43.4578550378617,3.44509702670884,19.9787577147474
99,image_0099.jpg,0,1,1,1,1,1,1,1,1,1,1,1,43.4579421029744,3.73230644145567,21.5222196627785
100,image_0100.jpg,0,1,1,1,1,1,1,1,1,1,1,1,43.4581811697388,4.09250107172595,21.7968812961448
101,image_0101.jpg,0,0,1,1,1,1,1,1,1,1,1,1,43.4571495142166,3.48475185269131,21.4855592460131
102,image_0102.jpg,0,1,1,1,1,1,1,1,1,1,1,1,43.4581785749943,3.9112658025887,21.4462356488208
103,image_0103.jpg,0,0,1,1,1,1,1,1,1,1,1,1,43.4581819815664,5.43964545388922,26.4539280157222
104,image_0104.jpg,0,1,1,1,2,1,1,1,1,1.142857143,1.064502456,1.1641089,43.4581819815664,8.19205358977049,28.6468841771569
105,image_0105.jpg,0,1,1,1,1,1,1,1,1,1,1,1,43.4581868729122,4.48808477865483,29.13334278626
106,image_0106.jpg,0,1,1,1,1,1,1,1,1,1,1,1,43.4581745133887,4.26926488725131,19.5748142115103
107,image_0107.jpg,0,1,1,1,1,1,1,1,1,1,1,1,43.2673862971588,3.84786928124368,17.2099450077302
108,image_0108.jpg,0,1,1,1,1,1,1,1,1,1,1,1,35.3763195083391,3.17764285345477,17.9637452773118
109,image_0109.jpg,0,0,1,1,1,1,1,1,1,1,1,1,36.4533769879888,3.44727899943455,16.9623581383418
110,image_0110.jpg,0,1,1,1,1,1,1,1,1,1,1,1,43.4581820285823,4.06937464384008,21.4789618606422
111,image_0111.jpg,0,1,1,1,1,1,1,1,1,1,1,1,43.4581820059432,4.4729961690754,22.5245833768021
112,image_0112.jpg,1,1,1,1,1,1,1,1,1,1,1,1,39.2839456046432,3.32196284106189,18.0259807074115
113,image_0113.jpg,0,1,1,1,1,1,1,1,1,1,1,1,36.922908263214,3.16688148019936,19.2887044500517
114,image_0114.jpg,0,1,1,1,1,1,1,1,1,1,1,1,43.458182025814,4.46789027653888,21.7038346797722
115,image_0115.jpg,0,1,1,1,2,1,1,1,1,1.142857143,1.064502456,1.1641089,43.4581819818212,7.72617572202512,38.2468986039855
116,image_0116.jpg,1,1,1,1,1,1,1,1,1,1,1,1,43.4581863169845,3.85306393901686,30.7353687649044
117,image_0117.jpg,1,0,1,3,1,1,1,1,1,1.285714286,1.249544452,1.331113697,43.4579023557177,4.04336487638892,18.5658366276469
118,image_0118.jpg,0,1,1,1,1,1,1,1,1,1,1,1,43.4581819815664,6.17838245056654,22.189823945136
119,image_0119.jpg,1,1,1,1,2,1,1,1,1,1.142857143,1.064502456,1.1641089,43.458181983693,5.49204863460622,37.2723534163941
120,image_0120.jpg,1,0,1,3,1,1,1,1,1,1.285714286,1.249544452,1.331113697,43.4554888019563,3.86440971047552,17.5997387443903
121,image_0121.jpg,0,1,1,1,1,1,1,1,1,1,1,1,43.4581819815664,7.49565083957672,27.4179127767774
122,image_0122.jpg,1,1,1,1,1,1,1,1,1,1,1,1,43.4581819815664,4.68193800925303,20.0560768099039
123,image_0123.jpg,1,1,1,1,1,1,1,1,1,1,1,1,43.4581819815664,5.72390605591837,25.0783754925345
124,image_0124.jpg,1,1,1,1,1,1,1,1,1,1,1,1,43.4581819815664,10.2965782144816,31.4538201273889
125,image_0125.jpg,1,0,1,1,1,1,1,1,1,1,1,1,43.1212204905541,3.80648348575702,16.9550311959717
126,image_0126.jpg,0,1,1,1,1,1,1,1,1,1,1,1,43.4581819815664,10.5413137545631,32.2266983350456
127,image_0127.jpg,0,0,1,3,1,1,1,1,1,1.285714286,1.249544452,1.331113697,43.4581819899508,5.10332611665482,27.9020708911186
128,image_0128.jpg,1,1,1,1,2,1,1,1,1,1.142857143,1.064502456,1.1641089,43.4581819924251,6.48515485640685,34.42155014569
129,image_0129.jpg,0,1,1,1,1,1,1,1,1,1,1,1,43.4581819815664,6.67284286048503,26.159951307338
130,image_0130.jpg,1,1,1,1,1,1,1,1,1,1,1,1,43.4581819815664,8.48995793954544,28.5332742045938
131,image_0131.jpg,0,1,1,1,1,1,1,1,1,1,1,1,43.4581819815664,6.60597635807082,25.8700745539932
132,image_0132.jpg,1,1,1,1,2,1,1,1,1,1.142857143,1.064502456,1.1641089,43.4581835972632,7.844819395745,40.2837524876403
133,image_0133.jpg,0,1,1,1,1,1,1,1,1,1,1,1,43.4581819815664,18.2401935346513,30.0242841250551
134,image_0134.jpg,1,0,1,3,1,1,1,1,1,1.285714286,1.249544452,1.331113697,39.9707139462334,3.76216676093178,18.0013034609991
135,image_0135.jpg,0,1,1,1,1,1,1,1,1,1,1,1,43.4581819815664,9.78024700476698,27.2491411097947
136,image_0136.jpg,0,0,1,1,1,1,1,1,1,1,1,1,43.4581819815664,6.40106582810978,19.0015884270054
137,image_0137.jpg,0,1,1,1,1,1,1,1,1,1,1,1,43.4581819815664,9.25544673962979,25.2538343617194
138,image_0138.jpg,0,1,1,1,1,1,1,1,1,1,1,1,43.4581819815664,7.6876616657151,23.4500886234236
139,image_0139.jpg,1,1,1,1,1,1,1,1,1,1,1,1,43.4581819815664,7.99905547410402,29.0137809172598
140,image_0140.jpg,1,1,1,1,1,1,1,1,1,1,1,1,43.4581819856079,6.79769880459326,30.6682784601384
141,image_0141.jpg,1,1,1,1,1,1,1,1,1,1,1,1,43.4581819815776,6.60467806899003,29.1213511203878
142,image_0142.jpg,1,1,1,1,1,1,1,1,1,1,1,1,43.4581819815675,6.88792871635404,32.0645009230427
143,image_0143.jpg,1,1,1,1,1,1,1,1,1,1,1,1,43.4581819832128,8.24146804061083,33.5016002196961
144,image_0144.jpg,1,1,1,1,2,1,1,1,1,1.142857143,1.064502456,1.1641089,43.4581819815665,12.4585308166219,38.8612814873375
145,image_0145.jpg,1,1,1,1,1,1,1,1,1,1,1,1,43.4581819815664,6.5543830820695,28.1339581176039
146,image_0146.jpg,0,1,1,1,1,1,1,1,1,1,1,1,43.4581819793887,4.73682560052404,19.265541939013
147,image_0147.jpg,0,1,1,1,1,1,1,1,1,1,1,1,43.4581819815664,6.3920565337114,30.2095844929329
148,image_0148.jpg,1,1,1,1,1,1,1,1,1,1,1,1,43.4567249658171,3.92699523513167,21.4779828955295
149,image_0149.jpg,0,1,1,1,1,1,1,1,1,1,1,1,43.4581819815953,5.67672367817061,23.164524051915
150,image_0150.jpg,0,1,1,1,1,1,1,1,1,1,1,1,43.4581826252437,4.78576025514748,31.2014450491077
151,image_0151.jpg,0,1,1,1,1,1,1,1,1,1,1,1,43.4581820891389,6.12084276884075,37.3953179077738
152,image_0152.jpg,0,1,1,1,2,1,1,1,1,1.142857143,1.064502456,1.1641089,43.458182003652,10.867916571178,42.2428972159805
153,image_0153.jpg,0,1,1,1,1,1,1,1,1,1,1,1,43.4581820413519,6.44050076274537,35.6335745965368
154,image_0154.jpg,0,1,1,1,1,1,1,1,1,1,1,1,43.4581819815664,10.7934088527093,30.5566619788873
155,image_0155.jpg,0,1,1,1,1,1,1,1,1,1,1,1,43.4581819815664,7.51981232716721,29.2443807183874
156,image_0156.jpg,0,1,1,1,1,1,1,1,1,1,1,1,43.4581819815664,7.88569964783376,25.991488838467
157,image_0157.jpg,0,1,1,1,1,1,1,1,1,1,1,1,43.4582021501533,6.20460526483522,35.7354087478122
158,image_0158.jpg,0,1,1,1,2,1,1,1,1,1.142857143,1.064502456,1.1641089,43.4581820232461,8.19364145223411,40.1234247935922
159,image_0159.jpg,0,1,1,1,1,1,1,1,1,1,1,1,43.2759734893433,3.71285064742897,20.70162038517
160,image_0160.jpg,0,1,1,1,1,1,1,1,1,1,1,1,43.4581819891378,6.67890756249921,31.9388974979856
161,image_0161.jpg,1,1,1,1,1,1,1,1,1,1,1,1,43.4581819815664,6.04218704425773,28.9057773657445
162,image_0162.jpg,1,1,1,1,1,1,1,1,1,1,1,1,43.458181982167,4.80254217042317,23.5352661842053
163,image_0163.jpg,0,1,1,1,1,1,1,1,1,1,1,1,43.4581819815664,7.87849792002602,28.2530318195587
164,image_0164.jpg,1,1,1,1,2,1,1,1,1,1.142857143,1.064502456,1.1641089,43.4581819815964,7.37131050198025,36.0220863279333
165,image_0165.jpg,1,1,1,1,1,1,1,1,1,1,1,1,43.4581819815664,7.03218813102831,34.8693230127338
166,image_0166.jpg,0,1,1,1,1,1,1,1,1,1,1,1,43.4581819815664,6.94925705815121,25.4310045960736
167,image_0167.jpg,1,1,1,1,1,1,1,1,1,1,1,1,43.4581819820196,4.51797174758892,21.4960609460894
168,image_0168.jpg,1,0,1,1,1,1,1,1,1,1,1,1,39.2827562137146,3.8330725150131,17.2040424754033
169,image_0169.jpg,1,0,1,1,1,1,1,1,1,1,1,1,43.4582172579705,4.28254624168701,18.9098788820437
170,image_0170.jpg,1,1,1,1,1,1,1,1,1,1,1,1,43.4581819828775,4.81696503625453,27.8579306234758
171,image_0171.jpg,1,0,1,1,1,1,1,1,1,1,1,1,43.4581819815689,5.69827564804209,24.0158599744622
172,image_0172.jpg,1,0,1,1,1,1,1,1,1,1,1,1,43.4581819815664,6.06867592845393,29.4741695398665
173,image_0173.jpg,1,0,1,1,1,1,1,2,1,1.142857143,1.176311122,1.147511786,40.9709847393111,3.65840246216259,14.5068262600357
174,image_0174.jpg,1,1,1,1,1,1,1,1,1,1,1,1,34.085761494818,3.7336805298707,22.1725661060928
175,image_0175.jpg,1,0,1,1,1,1,1,1,1,1,1,1,43.4581860371265,4.24729648842098,17.9995199100859
176,image_0176.jpg,1,0,1,1,1,1,1,1,1,1,1,1,43.4581828515293,4.19832220315204,17.637460091672
177,image_0177.jpg,0,1,1,1,1,1,1,1,1,1,1,1,43.4581819815664,5.24274300760523,28.4348656162442
178,image_0178.jpg,1,1,1,1,2,1,1,1,1,1.142857143,1.064502456,1.1641089,43.4581819815664,5.39155709991973,30.8191848411938
179,image_0179.jpg,0,1,1,1,1,1,1,1,1,1,1,1,43.4581819815664,6.04613677490572,25.5935832256078
180,image_0180.jpg,1,1,1,1,1,1,1,1,1,1,1,1,43.458180823865,5.22833958590844,19.5892176686531
181,image_0181.jpg,0,1,1,1,1,1,1,1,1,1,1,1,43.4581819817548,6.04774023862357,28.9628355361098
182,image_0182.jpg,0,1,1,1,1,1,1,1,1,1,1,1,43.4581820880382,7.97338333444393,36.4739856370182
183,image_0183.jpg,1,1,1,1,1,1,1,1,1,1,1,1,43.458183583497,4.80289687681069,21.2801502507665
184,image_0184.jpg,1,1,1,1,2,1,1,1,1,1.142857143,1.064502456,1.1641089,43.4581819815664,5.63091379553671,30.8836620850741
185,image_0185.jpg,0,1,1,1,1,1,1,1,1,1,1,1,43.4581819815664,5.16646469026665,27.4692872168157
186,image_0186.jpg,1,1,1,1,1,1,1,1,1,1,1,1,43.4581819815664,6.342413488354,28.9569007297349
187,image_0187.jpg,1,1,1,1,1,1,1,1,1,1,1,1,43.4581819822883,5.47775581149026,17.36537359387
188,image_0188.jpg,1,1,1,1,1,1,1,1,1,1,1,1,43.4581819819448,5.48125899487984,17.1922504104051
189,image_0189.jpg,0,1,1,1,1,1,1,1,1,1,1,1,43.4581820145676,7.3218790751467,33.8135315924506
190,image_0190.jpg,1,1,1,1,1,1,1,1,1,1,1,1,43.4581819389469,4.78617802985071,19.5258140432271
191,image_0191.jpg,0,1,1,1,1,1,1,1,1,1,1,1,43.4581968284091,4.61478486071855,21.8025486338726
192,image_0192.jpg,1,1,1,1,1,1,1,1,1,1,1,1,43.4581820003057,5.02987116088988,18.1277598056714
193,image_0193.jpg,0,1,1,1,2,1,1,1,1,1.142857143,1.064502456,1.1641089,43.4581820814069,7.74908535777818,35.995301565943
194,image_0194.jpg,0,1,1,1,1,1,1,1,1,1,1,1,43.4581819993532,6.84080651513118,31.7808331955631
195,image_0195.jpg,0,1,1,1,1,1,1,1,1,1,1,1,43.4581870158484,5.46470759834591,30.7894924243395
196,image_0196.jpg,0,1,1,1,1,1,1,1,1,1,1,1,43.4581833460643,4.77564276377867,26.202016620863
197,image_0197.jpg,0,1,1,1,1,1,1,1,1,1,1,1,43.4581819815664,5.53494290798025,21.4645494962631
198,image_0198.jpg,1,1,1,1,1,1,1,1,1,1,1,1,34.3422908338305,4.24456370368481,14.12350269465
199,image_0199.jpg,1,0,1,1,1,1,1,3,1,1.285714286,1.352622243,1.295023571,22.1535252034274,2.71198266442685,22.3429889312136
200,image_0200.jpg,0,1,1,1,1,1,1,1,1,1,1,1,27.4208872188188,3.08102530564074,13.2214212266663
201,image_0201.jpg,0,0,1,1,1,1,1,1,1,1,1,1,15.566244755894,3.05267545817531,16.5617494239185
202,image_0202.jpg,0,0,1,1,1,1,1,1,1,1,1,1,41.4916289197623,4.60401230868363,18.0161511204659
203,image_0203.jpg,0,0,1,1,1,1,1,1,1,1,1,1,43.4581820330443,8.89479109176544,37.5115859064166
204,image_0204.jpg,0,1,1,1,1,1,1,1,1,1,1,1,31.4986672958104,3.42059570630098,12.8120757982476
205,image_0205.jpg,0,1,1,1,1,1,1,1,1,1,1,1,31.620768485856,3.45511293177789,13.1116554557012
206,image_0206.jpg,0,1,1,1,1,1,1,1,1,1,1,1,31.8686935675743,3.44603136548748,16.6412815882192
207,image_0207.jpg,0,0,1,1,1,1,1,1,1,1,1,1,25.4786928856918,3.54077889666919,22.5531123738125
208,image_0208.jpg,0,1,1,1,1,1,1,1,1,1,1,1,43.458185094851,4.6827674712015,32.1733092501857
209,image_0209.jpg,0,1,1,1,1,1,1,1,1,1,1,1,21.7264002398765,3.16983025393193,10.0977402066389
210,image_0210.jpg,0,0,1,1,1,1,1,2,1,1.142857143,1.176311122,1.147511786,29.1624329826302,5.02861134863361,8.2064718838324
211,image_0211.jpg,0,1,1,1,1,1,1,1,1,1,1,1,33.232614936781,4.12912936369954,12.2506119149568
212,image_0212.jpg,0,1,1,1,1,1,1,1,1,1,1,1,43.4581918441982,4.81838356177306,27.8849570614051
213,image_0213.jpg,0,1,1,1,1,1,1,1,1,1,1,1,43.460226847248,3.8898649398564,28.1759630077227
214,image_0214.jpg,0,0,1,2,1,1,1,1,1,1.142857143,1.124772226,1.165556848,43.4581819815669,7.21820631472241,32.7695381705796
215,image_0215.jpg,0,0,1,2,1,1,1,4,1,1.571428571,1.653705591,1.608092205,43.3992780855078,4.24481136918286,34.2444272457548
216,image_0216.jpg,0,1,1,1,1,1,1,1,1,1,1,1,34.9676837053929,4.21882114320904,13.5959704350985
217,image_0217.jpg,0,1,1,1,1,1,1,1,1,1,1,1,40.0510098611177,4.34692546230263,12.4526609581364
218,image_0218.jpg,0,0,1,1,1,1,1,1,1,1,1,1,29.7543984267445,3.78919580068631,10.7569153914055
219,image_0219.jpg,0,1,1,1,1,1,1,1,1,1,1,1,25.6974896861674,4.0110768018645,16.3794934579455
220,image_0220.jpg,0,1,1,1,1,1,1,1,1,1,1,1,28.3461296047079,3.26023166004142,23.6721006182634
221,image_0221.jpg,0,1,1,1,1,1,1,1,1,1,1,1,15.4916226238007,3.22525467563021,23.2951720455274
222,image_0222.jpg,0,1,1,1,1,1,1,1,1,1,1,1,43.4581878056493,5.10315446972025,20.688627039967
223,image_0223.jpg,0,0,1,1,1,1,1,1,1,1,1,1,43.4590082136508,4.14791938730995,29.4196434054421
224,image_0224.jpg,0,1,1,1,1,1,1,1,1,1,1,1,40.7579506317877,3.29077928220947,34.2925841137586
225,image_0225.jpg,0,1,1,1,1,1,1,1,1,1,1,1,33.3093541914359,3.19197865670448,13.4702172538651
226,image_0226.jpg,0,0,1,1,1,1,1,1,1,1,1,1,43.4576111879396,4.24514678083473,14.3769338942522
227,image_0227.jpg,0,1,1,1,1,1,1,1,1,1,1,1,23.3126796157064,3.72444707953222,17.6840336327989
228,image_0228.jpg,0,1,1,1,1,1,1,1,1,1,1,1,21.3421760357827,4.0691581867619,14.8712916245892
229,image_0229.jpg,0,1,1,1,1,1,1,1,1,1,1,1,29.0591474503122,3.56568454439739,20.7828156795787
230,image_0230.jpg,1,1,1,1,1,1,1,1,1,1,1,1,43.4581831625967,5.27576448392077,21.6075167138264
231,image_0231.jpg,1,1,1,1,1,1,1,1,1,1,1,1,43.4581831584743,5.48709011841682,21.2596705441374
232,image_0232.jpg,1,1,1,1,1,1,1,1,1,1,1,1,43.4581819815674,7.15687264482868,22.7073016785095
233,image_0233.jpg,1,1,1,1,1,1,1,1,1,1,1,1,43.4581820946087,5.94870297111296,24.6541921961853
234,image_0234.jpg,1,0,1,1,1,1,1,1,1,1,1,1,43.4581819815664,7.16358200587006,25.2803972954416
235,image_0235.jpg,1,0,1,1,1,1,1,1,1,1,1,1,43.4581819815664,6.52707537678839,29.595899014401
236,image_0236.jpg,0,0,1,1,1,1,1,1,1,1,1,1,43.4581819906719,5.44598465418352,20.6324718687413
237,image_0237.jpg,1,1,1,1,1,1,1,1,1,1,1,1,43.4581819815664,6.89155827825339,30.0870420168519
238,image_0238.jpg,1,1,1,1,1,1,1,1,1,1,1,1,43.4581821575701,4.56632565318122,18.9711498389829
239,image_0239.jpg,1,1,1,1,1,1,1,1,1,1,1,1,43.4581819815664,7.07011133658838,27.6466141873261
240,image_0240.jpg,0,1,1,1,1,1,1,1,1,1,1,1,43.4581819815664,6.87654070411003,28.8504059858242
241,image_0241.jpg,0,1,1,3,1,1,1,1,1,1.285714286,1.249544452,1.331113697,43.4581819815664,6.43688386800407,26.0579408417836
242,image_0242.jpg,0,1,1,3,1,1,1,1,1,1.285714286,1.249544452,1.331113697,43.4581819815664,6.04883854452545,24.8922048795074
243,image_0243.jpg,0,1,1,1,1,1,1,1,1,1,1,1,43.458182545523,5.63041492796139,19.2635890417443
244,image_0244.jpg,0,1,1,1,1,1,1,1,1,1,1,1,43.4581819815664,7.313787263935,25.4561029354192
245,image_0245.jpg,0,1,1,1,1,1,1,1,1,1,1,1,43.4581819815664,6.99696616202129,27.2892836331455
246,image_0246.jpg,0,1,1,1,1,1,1,1,1,1,1,1,43.4581819815664,8.05063711054897,26.5990250312956
247,image_0247.jpg,0,1,1,1,1,1,1,1,1,1,1,1,43.4581820567882,5.96603514517728,35.2582706857743
248,image_0248.jpg,1,1,1,1,1,1,1,1,1,1,1,1,43.4581819815664,7.90820559427395,27.5619154077026
249,image_0249.jpg,0,1,1,1,1,1,1,1,1,1,1,1,43.4581821095472,5.5726284316825,35.1215399822649
250,image_0250.jpg,0,0,1,1,1,1,1,1,1,1,1,1,43.4581819815664,6.96736765096346,27.3881120737254
251,image_0251.jpg,0,0,1,1,1,1,1,1,1,1,1,1,43.4581819815664,6.41878240993633,29.5002349546497
252,image_0252.jpg,1,1,1,1,1,1,1,1,1,1,1,1,43.4562216024409,4.57366190605201,19.936545848043
253,image_0253.jpg,0,1,1,1,1,1,1,1,1,1,1,1,43.4581819924599,5.44494589940358,26.2444666611307
254,image_0254.jpg,0,1,1,1,1,1,1,1,1,1,1,1,43.4581819817186,5.88842892197841,30.7901006433466
255,image_0255.jpg,1,1,1,3,1,1,1,1,1,1.285714286,1.249544452,1.331113697,43.4581801033326,4.44633145486749,21.3997179204384
256,image_0256.jpg,0,1,1,1,1,1,1,1,1,1,1,1,43.4581819817103,6.23260486788695,27.3295458239942
257,image_0257.jpg,1,0,1,1,1,1,1,1,1,1,1,1,43.4581819815664,6.54016410858851,25.2609411025436
258,image_0258.jpg,0,1,1,1,1,1,1,1,1,1,1,1,43.4581819815801,5.58413161160113,29.3682803715295
259,image_0259.jpg,1,1,1,3,1,1,1,1,1,1.285714286,1.249544452,1.331113697,40.207882748215,3.31204975362217,22.2958823553631
260,image_0260.jpg,1,0,1,3,1,1,1,1,1,1.285714286,1.249544452,1.331113697,43.4462624881357,3.98464881741013,23.2914857751059
261,image_0261.jpg,1,1,1,1,1,1,1,1,1,1,1,1,43.4559277975167,4.65942293650558,16.5492661420923
262,image_0262.jpg,0,1,1,1,1,1,1,1,1,1,1,1,43.4581819815664,7.60488149179645,28.9455667610931
263,image_0263.jpg,0,1,1,3,1,1,1,1,1,1.285714286,1.249544452,1.331113697,43.4426643996855,3.55473804022892,19.9146128637568
264,image_0264.jpg,0,1,1,1,1,1,1,1,1,1,1,1,40.8185793665925,3.34209991489735,21.6883916980627
265,image_0265.jpg,0,0,1,1,1,1,1,1,1,1,1,1,43.3785008835388,3.9106687757622,19.9091234008391
266,image_0266.jpg,1,1,1,1,1,1,1,1,1,1,1,1,43.458181981738,5.22175632364216,22.774404962067
267,image_0267.jpg,1,1,1,1,1,1,1,1,1,1,1,1,43.4581819817811,5.31570726467553,26.1678602834219
268,image_0268.jpg,1,1,1,1,1,1,1,1,1,1,1,1,43.4581819815664,5.9277267171089,22.9957558389581
269,image_0269.jpg,0,1,1,1,1,1,1,1,1,1,1,1,43.4581819827757,5.12714206527444,25.0220871763122
270,image_0270.jpg,0,1,1,1,1,1,1,1,1,1,1,1,43.4581819815664,8.24498574674902,23.2514241213281
271,image_0271.jpg,0,1,1,1,1,1,1,1,1,1,1,1,43.4581819815664,8.41445044767969,24.0323402292061
272,image_0272.jpg,0,1,1,1,1,1,1,1,1,1,1,1,43.4581819816013,5.83966351813969,21.8878306922908
273,image_0273.jpg,0,1,1,1,1,1,1,1,1,1,1,1,43.4581821471043,4.13922032909749,22.8824422191392
274,image_0274.jpg,0,1,1,1,1,1,1,1,1,1,1,1,39.3448841550525,3.23619029725561,21.824979954598
275,image_0275.jpg,0,1,1,1,1,1,1,1,1,1,1,1,43.4581775223904,3.83033312957549,21.404075578918
276,image_0276.jpg,0,1,1,1,1,1,1,1,1,1,1,1,43.4581819816351,5.69009519578293,22.2721951407989
277,image_0277.jpg,0,1,1,1,1,1,1,1,1,1,1,1,42.612003675575,4.87568987594095,20.0294378732308
278,image_0278.jpg,0,1,1,1,1,1,1,1,1,1,1,1,38.29333494513,4.68962063536403,43.9018246870104
279,image_0279.jpg,0,1,1,1,1,1,1,1,1,1,1,1,43.4581819815664,6.68241665409195,21.2366976674065
280,image_0280.jpg,0,1,1,1,1,1,1,1,1,1,1,1,43.4581819815664,7.75610178090955,20.520689282502
281,image_0281.jpg,0,1,1,1,1,1,1,1,1,1,1,1,43.4581819815664,7.88554976297438,20.4810773227246
282,image_0282.jpg,0,1,1,3,1,1,1,1,1,1.285714286,1.249544452,1.331113697,43.4581819815664,8.19387758539928,20.916009649931
283,image_0283.jpg,0,1,1,3,1,1,1,1,1,1.285714286,1.249544452,1.331113697,43.4581819816195,5.80770159037012,24.9340711496291
284,image_0284.jpg,0,1,1,1,1,1,1,1,1,1,1,1,43.4581819831501,5.23801945541903,24.2281745411058
285,image_0285.jpg,0,0,1,1,1,1,1,1,1,1,1,1,43.4581821966549,4.45499029231142,25.308032032084
286,image_0286.jpg,0,0,1,1,1,1,1,1,1,1,1,1,43.4265446315832,5.80600913641062,20.8976658109324
287,image_0287.jpg,0,0,1,1,1,1,1,1,1,1,1,1,43.4581819815668,6.73845864696949,26.4723697106129
288,image_0288.jpg,1,0,1,1,1,1,1,1,1,1,1,1,43.4581819816419,5.21255947841613,25.1509598016157
289,image_0289.jpg,0,0,1,1,1,1,1,1,1,1,1,1,43.458113176223,5.53799946717569,27.5172996425308
290,image_0290.jpg,1,0,1,1,1,1,1,1,1,1,1,1,43.4581409802461,4.79064203584743,21.5917005007187
291,image_0291.jpg,1,0,1,1,1,1,1,1,1,1,1,1,43.4581796462177,4.13997861864752,27.6599294661551
292,image_0292.jpg,1,0,1,1,1,1,1,1,1,1,1,1,43.4581819887663,4.68650447399799,25.4204088924047
293,image_0293.jpg,0,0,1,3,1,1,1,1,1,1.285714286,1.249544452,1.331113697,43.4536105071161,4.47489745688592,22.8019127950527
294,image_0294.jpg,0,0,1,3,1,1,1,1,1,1.285714286,1.249544452,1.331113697,43.4578113199357,4.60616325638644,22.4715836419291
295,image_0295.jpg,0,0,1,3,1,1,1,1,1,1.285714286,1.249544452,1.331113697,43.4581819815664,4.9757424331583,28.9900187482235
296,image_0296.jpg,0,0,1,3,1,1,1,1,1,1.285714286,1.249544452,1.331113697,43.4581819815664,4.80726834796832,28.7599812547258
297,image_0297.jpg,0,1,1,1,1,1,1,1,1,1,1,1,43.4581819815664,5.01211411018912,28.4548342581545
298,image_0298.jpg,0,0,1,3,1,1,1,1,1,1.285714286,1.249544452,1.331113697,43.4581390239861,4.78888995185283,18.8456682098626
299,image_0299.jpg,0,1,1,3,1,1,1,1,1,1.285714286,1.249544452,1.331113697,43.4581819815664,5.46401342549479,26.7209164649725
300,image_0300.jpg,0,0,1,3,1,1,1,1,1,1.285714286,1.249544452,1.331113697,43.4493325124073,3.94119972709967,23.4937506056781
301,image_0301.jpg,1,1,1,1,1,1,1,1,1,1,1,1,43.4579787386222,3.65184904294113,34.89843679302
302,image_0302.jpg,0,0,1,1,1,1,1,1,1,1,1,1,43.4581819815664,5.56398086469673,40.4869575006193
303,image_0303.jpg,1,1,1,1,1,1,1,1,1,1,1,1,43.4581819815664,5.13081789897157,27.7407788956904
304,image_0304.jpg,1,1,1,1,1,1,1,1,1,1,1,1,43.4581819815664,5.36528642744049,29.5374824780921
305,image_0305.jpg,0,1,1,1,1,1,1,1,1,1,1,1,43.4581819815664,5.19678103866348,25.4575776534846
306,image_0306.jpg,0,1,1,1,1,1,1,1,1,1,1,1,43.4581819815664,5.45897448753726,26.2490500352647
307,image_0307.jpg,0,1,1,1,1,1,1,1,1,1,1,1,43.4581819815664,5.24635874955971,27.2338063910499
308,image_0308.jpg,1,1,1,1,1,1,1,2,1,1.142857143,1.176311122,1.147511786,35.0105154707747,4.93265958411191,46.2731020506647
309,image_0309.jpg,1,1,1,1,1,1,1,1,1,1,1,1,37.4970036783493,4.56221739562612,41.9541024195777
310,image_0310.jpg,1,1,1,1,1,1,1,1,1,1,1,1,43.4581069914945,4.22734740791548,32.567053609444
311,image_0311.jpg,0,1,1,1,1,1,1,1,1,1,1,1,43.4581821234803,4.54807759936596,36.7523736475035
312,image_0312.jpg,1,0,1,1,1,1,1,3,1,1.285714286,1.352622243,1.295023571,38.0337606696564,2.86092333552012,22.3056115448554
313,image_0313.jpg,1,1,1,1,1,1,1,2,1,1.142857143,1.176311122,1.147511786,35.0775491528013,3.63966969133666,20.6239623377342
314,image_0314.jpg,0,1,1,1,1,1,1,1,1,1,1,1,43.4581819815668,5.50832815697504,30.2423647466227
315,image_0315.jpg,1,1,1,1,1,1,1,1,1,1,1,1,43.4581819815759,5.27711348693218,31.1129993045579
316,image_0316.jpg,0,1,1,1,1,1,1,1,1,1,1,1,43.4581819815664,4.78911237534709,25.9943622234238
317,image_0317.jpg,0,1,1,1,1,1,1,1,1,1,1,1,43.4581819815664,5.30986510486277,21.8575468843552
318,image_0318.jpg,0,1,1,3,1,1,1,1,1,1.285714286,1.249544452,1.331113697,43.4581819815664,8.95083982568052,25.8880537481684
319,image_0319.jpg,0,1,1,1,1,1,1,1,1,1,1,1,42.8823449781049,4.36803242852305,15.9382315059773
320,image_0320.jpg,1,0,1,1,1,1,1,2,1,1.142857143,1.176311122,1.147511786,42.2267047565088,3.02723725646623,21.1193467500658
321,image_0321.jpg,1,0,1,1,1,1,1,2,1,1.142857143,1.176311122,1.147511786,24.7696439852386,2.98281647843207,21.3420607358439
322,image_0322.jpg,0,1,1,1,1,1,1,1,1,1,1,1,43.4581819815664,5.881976085894,24.3961760962571
323,image_0323.jpg,0,0,1,1,1,1,1,1,1,1,1,1,43.4581819815664,6.71541218495304,23.5232835255682
324,image_0324.jpg,0,1,1,1,1,1,1,1,1,1,1,1,43.4581819815664,5.88055970540766,25.0767437035983
325,image_0325.jpg,0,1,1,1,1,1,1,1,1,1,1,1,36.4212236358777,3.59685057403328,17.5071933638338
326,image_0326.jpg,0,1,1,1,1,1,1,1,1,1,1,1,43.068580482324,3.81464159488764,23.3906754969916
327,image_0327.jpg,0,1,1,1,1,1,1,1,1,1,1,1,30.7414939820779,3.31092045929386,15.8228512721169
328,image_0328.jpg,0,1,1,1,1,1,1,2,1,1.142857143,1.176311122,1.147511786,35.9265552041919,2.97803067861624,22.4938292937973
329,image_0329.jpg,0,1,1,1,1,1,1,1,1,1,1,1,20.9293290893439,2.38183962253791,29.0806675357956
330,image_0330.jpg,0,1,1,1,1,1,1,1,1,1,1,1,23.3867698533055,3.3575864904736,21.35479621689
331,image_0331.jpg,0,1,1,1,1,1,1,1,1,1,1,1,29.2668301325987,2.8519821279964,30.9993492314246
332,image_0332.jpg,0,1,1,1,1,1,1,1,1,1,1,1,43.458182194869,7.29977384611732,17.8558831188511
333,image_0333.jpg,0,1,1,1,1,1,1,1,1,1,1,1,43.458182000685,6.33946459263378,17.3947421098839
334,image_0334.jpg,1,0,1,1,1,1,1,1,1,1,1,1,43.4581819815664,7.38379506090609,38.0243821920379
335,image_0335.jpg,1,0,1,1,1,1,1,1,1,1,1,1,43.4581819815664,4.93922988803274,35.4371359862508
336,image_0336.jpg,1,0,1,1,1,1,1,1,1,1,1,1,43.4581819815664,5.06958904715492,35.9125998846644
337,image_0337.jpg,1,0,1,1,1,1,1,2,1,1.142857143,1.176311122,1.147511786,30.1066621891702,2.94529277144297,26.3170135246077
338,image_0338.jpg,1,0,1,1,1,1,2,3,1,1.428571429,1.526826105,1.488377154,28.1132988152229,2.90324434055453,28.9453167499112
339,image_0339.jpg,0,1,1,1,1,1,1,1,1,1,1,1,43.4581834441809,4.43172138378067,22.5031861925248
340,image_0340.jpg,0,1,1,1,1,1,1,1,1,1,1,1,42.7370878364835,4.15281034860082,19.9921519373195
341,image_0341.jpg,0,1,1,1,1,1,1,1,1,1,1,1,43.4581853687563,3.97303671284046,23.7478740948785
342,image_0342.jpg,0,1,1,1,1,1,1,1,1,1,1,1,43.4581821997186,4.70494111004089,26.1662942641612
343,image_0343.jpg,0,1,1,1,1,1,1,1,1,1,1,1,43.4081945659203,4.48997478854412,20.976732513002
344,image_0344.jpg,0,1,1,1,1,1,1,1,1,1,1,1,43.4581538321104,4.63026103734803,19.939178849586
345,image_0345.jpg,0,1,1,1,1,1,1,1,1,1,1,1,41.1208592323572,4.37293236809037,19.9542190382701
346,image_0346.jpg,0,1,1,3,1,1,1,1,1,1.285714286,1.249544452,1.331113697,43.458106984717,4.24344905940117,26.0306148097165
347,image_0347.jpg,0,1,1,1,1,1,1,1,1,1,1,1,43.328585864887,3.80183699869986,22.8279034862163
348,image_0348.jpg,0,1,1,1,1,1,1,1,1,1,1,1,41.626801274367,4.03917532358751,19.2365869171519
349,image_0349.jpg,0,1,1,1,1,1,1,1,1,1,1,1,43.458181982209,5.90664322235636,23.4916779289161
350,image_0350.jpg,0,1,1,1,1,1,1,1,1,1,1,1,43.4581819823424,5.38237282153399,24.6295675585373
351,image_0351.jpg,0,1,1,1,1,1,1,1,1,1,1,1,43.4581820025079,5.37823419445513,24.8123251964291
352,image_0352.jpg,0,1,1,1,1,1,1,1,1,1,1,1,43.4581820044521,5.02105430437946,26.2371709685178
353,image_0353.jpg,0,1,1,1,1,1,1,1,1,1,1,1,43.4581607376965,5.47145061307839,23.3366320101475
354,image_0354.jpg,0,1,1,1,1,1,1,1,1,1,1,1,43.4581819815671,6.39136205493047,24.2032593738895
355,image_0355.jpg,0,1,1,1,1,1,1,1,1,1,1,1,43.4581819815685,6.38959699052559,23.7451014328501
356,image_0356.jpg,1,1,1,1,1,1,1,1,1,1,1,1,43.2439896476284,4.32369995946888,20.8619697570831
357,image_0357.jpg,0,1,1,1,1,1,1,1,1,1,1,1,43.4569137671419,4.14543187726095,24.4718139437192
358,image_0358.jpg,0,1,1,1,1,1,1,1,1,1,1,1,43.4542930297532,4.05951249000389,24.6024184610669
359,image_0359.jpg,0,1,1,1,1,1,1,2,1,1.142857143,1.176311122,1.147511786,40.8937909909814,4.47852878584543,20.7870283232223
360,image_0360.jpg,1,1,1,1,1,1,1,2,1,1.142857143,1.176311122,1.147511786,41.4233125712812,3.91124680455791,19.4132769619368
361,image_0361.jpg,0,1,1,1,1,1,1,2,1,1.142857143,1.176311122,1.147511786,40.8493757803592,4.37315463892582,20.929494163458
362,image_0362.jpg,0,1,1,1,1,1,1,1,1,1,1,1,43.4581820606854,4.74929871488755,25.6797027852205
363,image_0363.jpg,0,1,1,1,1,1,1,1,1,1,1,1,43.4581819818288,5.10514624879493,26.8285893531137
364,image_0364.jpg,1,1,1,1,1,1,1,1,1,1,1,1,43.4531640647422,4.22394552311022,21.4249818645914
365,image_0365.jpg,0,1,1,1,1,1,1,1,1,1,1,1,43.4581819815664,6.6657543034621,28.0093449199727
366,image_0366.jpg,0,1,1,1,1,1,1,1,1,1,1,1,43.4581819815665,6.57423675047874,31.6380269150276
367,image_0367.jpg,1,0,1,1,1,1,1,1,1,1,1,1,43.4581819815664,9.40062634763981,25.5160022268513
368,image_0368.jpg,1,0,1,1,1,1,1,1,1,1,1,1,43.4581820144851,4.5426717207739,22.0104483426893
369,image_0369.jpg,1,0,1,1,1,1,1,1,1,1,1,1,41.1650182446195,4.10408418196024,21.4428045410939
370,image_0370.jpg,1,0,1,1,1,1,1,2,1,1.142857143,1.176311122,1.147511786,20.5632920216299,3.23065937095956,12.6076086305638
371,image_0371.jpg,1,0,1,1,1,1,1,1,1,1,1,1,43.4581819815664,8.81998532313848,23.8743899507604
372,image_0372.jpg,1,0,1,1,1,1,1,1,1,1,1,1,43.4581819815664,7.70813708506874,25.1878188203649
373,image_0373.jpg,1,0,1,1,1,1,1,1,1,1,1,1,43.4581819815664,7.79750466383881,24.0327013656831
374,image_0374.jpg,0,1,1,1,1,1,1,1,1,1,1,1,43.4581820614941,4.81290875638236,23.6798618780992
375,image_0375.jpg,0,1,1,1,1,1,1,1,1,1,1,1,43.4581819828262,5.51032297864941,20.5430328429641
376,image_0376.jpg,0,1,1,1,1,1,1,1,1,1,1,1,43.4576915837543,4.80982660592374,20.3514943049376
377,image_0377.jpg,0,1,1,1,1,1,1,1,1,1,1,1,43.4581819816877,5.8501618214637,25.0769388928873
378,image_0378.jpg,0,1,1,1,1,1,1,1,1,1,1,1,43.3835289848722,3.9042442841378,19.5150488791307
379,image_0379.jpg,0,1,1,1,1,1,1,1,1,1,1,1,43.4581814108448,5.98459641857839,19.3852479748118
380,image_0380.jpg,0,1,1,1,1,1,1,1,1,1,1,1,43.4581819815749,6.06523406416067,24.907942149629
381,image_0381.jpg,0,1,1,1,1,1,1,1,1,1,1,1,43.4581819815664,7.36312265198401,28.5277301231984
382,image_0382.jpg,0,1,1,1,1,1,1,1,1,1,1,1,43.4348795959795,4.53462413200871,19.5919959492747
383,image_0383.jpg,0,1,1,1,1,1,1,1,1,1,1,1,43.4369886461685,4.52598163327552,19.6186968900398
384,image_0384.jpg,0,1,1,1,1,1,1,1,1,1,1,1,43.4581822116338,6.7496595521896,24.4862018368721
385,image_0385.jpg,1,1,1,1,1,1,1,1,1,1,1,1,43.4573150376615,5.1755179774997,20.1435323846236
386,image_0386.jpg,0,1,1,1,1,1,1,1,1,1,1,1,43.4581820407549,5.47715374264616,22.0278905593162
387,image_0387.jpg,1,1,1,1,1,1,1,1,1,1,1,1,43.4581822962494,5.71658943805993,24.3919765524833
388,image_0388.jpg,1,1,1,1,1,1,1,1,1,1,1,1,42.6744509880377,3.67083957297165,21.4153309931399
389,image_0389.jpg,1,1,1,1,1,1,1,1,1,1,1,1,40.2230098773155,4.26769503999896,17.6361527786556
390,image_0390.jpg,1,1,1,1,1,1,1,1,1,1,1,1,42.7701676596169,3.83739437623489,20.2892412289819
391,image_0391.jpg,1,1,1,1,1,1,1,4,1,1.428571429,1.528933365,1.442535357,20.6257601808037,3.53680620738779,14.2327847525938
392,image_0392.jpg,0,0,1,1,1,1,1,4,1,1.428571429,1.528933365,1.442535357,19.5381091196998,3.81345789530042,11.6836576240123
393,image_0393.jpg,0,0,1,1,1,1,1,2,1,1.142857143,1.176311122,1.147511786,38.4283460359719,4.46941955914267,16.9440467813358
394,image_0394.jpg,1,1,1,1,1,1,1,2,1,1.142857143,1.176311122,1.147511786,36.8060465493438,4.62801991548216,16.3274010082028
395,image_0395.jpg,1,1,1,1,1,1,1,1,1,1,1,1,39.8826436302671,3.72885887596915,19.8276583737373
396,image_0396.jpg,1,1,1,1,1,1,1,3,1,1.285714286,1.352622243,1.295023571,28.4105707488016,3.94461798479483,20.3743820647161
397,image_0397.jpg,1,1,1,1,1,1,1,1,1,1,1,1,42.7757148723636,3.94076227575809,21.0658341953556
398,image_0398.jpg,0,0,1,1,1,1,1,1,1,1,1,1,42.9161345482378,3.86079933576121,20.7743655650578
399,image_0399.jpg,0,0,1,1,1,1,1,2,1,1.142857143,1.176311122,1.147511786,36.3175334635183,4.23807038569191,19.4866908281028
400,image_0400.jpg,0,1,1,1,1,1,1,1,1,1,1,1,43.0731789504195,4.09654602379165,20.9339229661952
401,image_0401.jpg,0,1,1,1,1,1,1,2,1,1.142857143,1.176311122,1.147511786,40.3371856354769,3.26145233258198,17.486107026263
402,image_0402.jpg,1,1,1,1,1,1,1,2,1,1.142857143,1.176311122,1.147511786,38.7303820059462,3.79708236793628,16.3473001744321
403,image_0403.jpg,0,0,1,1,1,1,1,1,1,1,1,1,42.6200302501083,3.9278199996009,20.943986492583
404,image_0404.jpg,0,0,1,1,1,1,1,1,1,1,1,1,41.3728053294888,3.82294415050716,20.8623665004192
405,image_0405.jpg,0,1,1,1,1,1,1,1,1,1,1,1,42.3473405730928,3.85750303507689,21.5685018350809
406,image_0406.jpg,0,1,1,1,1,1,1,1,1,1,1,1,43.3493393950588,4.18431658162228,21.5194590475927
407,image_0407.jpg,0,1,1,1,1,1,1,1,1,1,1,1,38.7444239873962,4.21091261573642,20.0022138024507
408,image_0408.jpg,0,0,1,1,1,1,1,1,1,1,1,1,43.4356512396955,4.11755052521274,21.9854130496965
409,image_0409.jpg,0,0,1,1,1,1,1,1,1,1,1,1,43.3619896752225,4.20863583169004,21.6387552342357
410,image_0410.jpg,0,0,1,1,1,1,1,1,1,1,1,1,43.0390569644518,3.72551407501821,21.322897913791
411,image_0411.jpg,0,0,1,1,1,1,1,3,1,1.285714286,1.352622243,1.295023571,28.1276787575127,3.60200510093419,17.3886073561209
412,image_0412.jpg,0,0,1,1,1,1,1,2,1,1.142857143,1.176311122,1.147511786,27.678632025615,3.35345242830486,17.2611492908803
413,image_0413.jpg,0,0,1,1,1,1,1,3,1,1.285714286,1.352622243,1.295023571,17.2584318273769,3.22523319239329,18.2737848223002
414,image_0414.jpg,0,0,1,1,1,1,1,3,1,1.285714286,1.352622243,1.295023571,21.6261563693493,3.91518298019406,15.7601632112236
415,image_0415.jpg,1,0,1,1,1,1,1,3,1,1.285714286,1.352622243,1.295023571,21.8397664542241,3.27320884173376,17.1676951536196
416,image_0416.jpg,0,0,1,1,1,1,1,2,1,1.142857143,1.176311122,1.147511786,32.2963500096301,3.80983696350981,17.1705687232223
417,image_0417.jpg,1,0,1,1,1,1,1,4,1,1.428571429,1.528933365,1.442535357,21.0339597992977,3.95923512686443,14.8878557681887
418,image_0418.jpg,0,0,1,1,1,1,1,3,1,1.285714286,1.352622243,1.295023571,34.8519268026608,3.73651231897925,15.7370947793479
419,image_0419.jpg,0,0,1,1,1,1,1,4,1,1.428571429,1.528933365,1.442535357,13.9627880520471,3.51728681752086,16.0687080346172
420,image_0420.jpg,0,0,1,1,1,1,1,3,1,1.285714286,1.352622243,1.295023571,21.0970751582774,3.4568484887659,16.2102473843204
421,image_0421.jpg,0,0,1,1,1,1,1,1,1,1,1,1,38.7684434834317,4.36651447607778,18.1840817691636
422,image_0422.jpg,0,0,1,1,1,1,1,1,1,1,1,1,42.205949594629,3.9846449679794,19.5577231011121
423,image_0423.jpg,0,0,1,1,1,1,1,2,1,1.142857143,1.176311122,1.147511786,29.8096678302234,4.40115349519371,17.587363828488
424,image_0424.jpg,0,0,1,1,1,1,1,2,1,1.142857143,1.176311122,1.147511786,38.6207821421282,4.05763570666582,19.3020611001883
425,image_0425.jpg,0,1,1,1,1,1,1,3,1,1.285714286,1.352622243,1.295023571,27.1881411190092,5.17910839482567,18.635291969593
426,image_0426.jpg,0,0,1,1,1,1,1,2,1,1.142857143,1.176311122,1.147511786,33.1386030479994,4.16801810887386,18.4754006802446
427,image_0427.jpg,0,0,1,1,1,1,1,1,1,1,1,1,43.2403691478938,4.67104143946352,45.4660898230323
428,image_0428.jpg,1,0,1,1,1,1,1,2,1,1.142857143,1.176311122,1.147511786,39.6996283276836,4.2539079957239,45.5097158752417
429,image_0429.jpg,1,0,1,1,1,1,1,2,1,1.142857143,1.176311122,1.147511786,40.6057653608496,4.53721191009826,44.5169778622505
430,image_0430.jpg,1,0,1,1,1,1,1,1,1,1,1,1,26.7862370527129,4.27951848845922,17.2802574935382
431,image_0431.jpg,0,1,1,1,1,1,1,1,1,1,1,1,40.7470951086181,4.45319176113085,18.5723435035155
432,image_0432.jpg,1,1,1,1,1,1,1,1,1,1,1,1,43.1607635103938,4.14808323225224,19.3751020724719
433,image_0433.jpg,1,1,1,1,1,1,1,1,1,1,1,1,43.2877895219825,3.93343174166159,21.1936779539442
434,image_0434.jpg,0,0,1,1,1,1,1,2,1,1.142857143,1.176311122,1.147511786,33.2473689187961,3.38703790801717,18.7874719949477
435,image_0435.jpg,0,0,1,1,1,1,1,1,1,1,1,1,39.4102079267992,3.98561444933745,22.4154720390786
436,image_0436.jpg,0,1,1,1,1,1,1,1,1,1,1,1,43.4581818185485,5.93190082122966,50.1839590843944
437,image_0437.jpg,1,1,1,1,1,1,1,1,1,1,1,1,43.4581816136264,5.79625733244796,48.825338150362
438,image_0438.jpg,1,1,1,1,1,1,1,1,1,1,1,1,43.458181977863,5.70098459265952,54.577415575058
439,image_0439.jpg,1,1,1,1,1,1,1,1,1,1,1,1,42.6055844114604,3.84824494220061,20.9425506823001
440,image_0440.jpg,0,0,1,1,1,1,1,1,1,1,1,1,43.4401098674815,4.27323793123176,21.9533757915014
441,image_0441.jpg,0,1,1,1,1,1,1,1,1,1,1,1,43.457007938088,4.32636553096476,22.4886256748395
442,image_0442.jpg,0,0,1,1,1,1,1,1,1,1,1,1,40.9726670935754,4.28144697172014,21.4500338857932
443,image_0443.jpg,0,0,1,1,1,1,1,2,1,1.142857143,1.176311122,1.147511786,42.0525175367175,4.14305598276628,43.4858060785487
444,image_0444.jpg,0,0,1,1,1,1,1,1,1,1,1,1,43.2442123732711,5.03228548200158,53.9211274401357
445,image_0445.jpg,0,0,1,1,1,1,1,1,1,1,1,1,43.4576638103516,5.8597962201571,47.3671971354132
446,image_0446.jpg,0,0,1,1,1,1,1,1,1,1,1,1,43.4580409937981,5.8230408177712,49.8897524583949
447,image_0447.jpg,0,0,1,1,1,1,1,1,1,1,1,1,43.4579244994686,5.77991285119801,49.3711033775262
448,image_0448.jpg,0,0,1,1,1,1,1,1,1,1,1,1,43.4420437360707,3.17321439168859,29.0546058489
449,image_0449.jpg,1,1,1,1,1,1,1,1,1,1,1,1,43.4585162998384,3.2580431687268,25.7713169005855
450,image_0450.jpg,1,1,1,1,1,1,1,1,1,1,1,1,43.4289887424106,3.20022139120433,24.3351680549815
451,image_0451.jpg,0,0,1,1,1,1,1,1,1,1,1,1,31.5014760216915,2.74778074065937,30.1832571049828
452,image_0452.jpg,0,0,1,1,1,1,1,1,1,1,1,1,6.45502889022279,2.41771688376947,23.611354781567
453,image_0453.jpg,0,1,1,1,1,1,1,1,1,1,1,1,43.4581819816259,6.65772377221072,35.8458698772291
454,image_0454.jpg,0,1,1,1,1,1,1,1,1,1,1,1,43.4581965197096,3.58160315663608,22.1868712404383
455,image_0455.jpg,0,1,1,1,1,1,1,1,1,1,1,1,42.9291347418222,3.42892717182984,20.2984718159278
456,image_0456.jpg,0,1,1,1,1,1,1,1,1,1,1,1,43.4457650354244,3.78862330049125,19.0582834013712
457,image_0457.jpg,0,1,1,1,1,1,1,1,1,1,1,1,43.4516308735154,3.26855750420944,20.5752200939273
458,image_0458.jpg,0,1,1,1,1,1,1,1,1,1,1,1,43.4553851295789,3.82030007728241,21.0445876795973
459,image_0459.jpg,0,1,1,1,1,1,1,1,1,1,1,1,43.4581593786016,4.00785198117505,21.3864470908801
460,image_0460.jpg,0,1,1,1,1,1,1,1,1,1,1,1,43.4581819818292,4.63217709713305,22.7518983562195
461,image_0461.jpg,0,1,1,1,1,1,1,1,1,1,1,1,43.4581819824502,4.5630609441812,21.8708748831386
462,image_0462.jpg,0,1,1,1,1,1,1,1,1,1,1,1,43.4581819865669,4.58383070498517,21.9129877990183
463,image_0463.jpg,0,1,1,1,1,1,1,1,1,1,1,1,43.4580703197754,4.26965075570784,20.0234593438959
464,image_0464.jpg,0,1,1,1,1,1,1,1,1,1,1,1,43.4581819815965,5.18513698231823,29.4699530792178
465,image_0465.jpg,0,1,1,1,1,1,1,1,1,1,1,1,43.4582309638426,3.79694262552322,22.3798521621384
466,image_0466.jpg,0,1,1,1,1,1,1,1,1,1,1,1,43.4581839126451,4.2276872354511,20.1387921391792
467,image_0467.jpg,0,1,1,1,2,1,1,1,1,1.142857143,1.064502456,1.1641089,43.4581819815718,7.10412426192206,34.6262173694634
468,image_0468.jpg,0,1,1,1,2,1,1,1,1,1.142857143,1.064502456,1.1641089,43.458181981901,6.54233428544951,35.4991661695574
469,image_0469.jpg,0,1,1,1,1,1,1,1,1,1,1,1,43.4581821319539,4.49698587564999,22.7550796081189
470,image_0470.jpg,0,1,1,1,1,1,1,1,1,1,1,1,43.4580698340173,4.76955667207215,18.350206131977
471,image_0471.jpg,0,1,1,1,1,1,1,1,1,1,1,1,43.4581819815664,6.29258587953656,27.9272049502484
472,image_0472.jpg,0,1,1,1,1,1,1,1,1,1,1,1,43.4581830552449,5.29430484341954,26.8581917683333
473,image_0473.jpg,0,1,1,1,1,1,1,1,1,1,1,1,43.4581841426605,3.88111157943647,21.8135261737944
474,image_0474.jpg,0,1,1,1,1,1,1,1,1,1,1,1,43.4581831133928,4.32520044333233,20.7591732229412
475,image_0475.jpg,0,1,1,1,2,1,1,1,1,1.142857143,1.064502456,1.1641089,43.4581819817061,6.45326923560657,35.6997870263926
476,image_0476.jpg,0,1,1,1,1,1,1,1,1,1,1,1,43.4581819899113,5.17218636490998,29.9078425475508
477,image_0477.jpg,0,1,1,1,2,1,1,1,1,1.142857143,1.064502456,1.1641089,43.4581819819599,6.01125666038972,34.3911745168024
478,image_0478.jpg,0,1,1,1,1,1,1,1,1,1,1,1,43.4581819849142,5.13025832799352,26.9125906530928
479,image_0479.jpg,0,1,1,1,1,1,1,1,1,1,1,1,43.4581819815752,5.87400290421131,26.7130097942703
480,image_0480.jpg,0,1,1,1,2,1,1,1,1,1.142857143,1.064502456,1.1641089,43.4581819815666,5.96005787421269,32.7541829539013
481,image_0481.jpg,0,1,1,1,1,1,1,1,1,1,1,1,43.4581819893389,4.84535656422103,28.800873201598
482,image_0482.jpg,1,1,1,1,1,1,1,1,1,1,1,1,43.4574239975313,3.76220921770604,19.0777463207058
483,image_0483.jpg,0,1,1,1,1,1,1,1,1,1,1,1,43.4581819815707,6.61001038537376,30.3948887644709
484,image_0484.jpg,0,1,1,1,2,1,1,1,1,1.142857143,1.064502456,1.1641089,43.4581819815664,9.27403953483693,34.7649259966364
485,image_0485.jpg,0,1,1,1,1,1,1,1,1,1,1,1,43.4581819815664,11.1151045642416,32.9650843774551
486,image_0486.jpg,0,1,1,1,1,1,1,1,1,1,1,1,43.4581819815664,9.58169649235307,31.7382092520445
487,image_0487.jpg,0,1,1,1,2,1,1,1,1,1.142857143,1.064502456,1.1641089,43.4581819889439,5.30602241944684,31.5469112341596
488,image_0488.jpg,1,0,1,1,1,1,1,1,1,1,1,1,39.4447069399536,3.6346165230203,16.0758341083785
489,image_0489.jpg,1,1,1,1,1,1,1,1,1,1,1,1,42.6628793839968,3.36911133070547,23.7215985985208
490,image_0490.jpg,1,1,1,1,1,1,1,1,1,1,1,1,42.9107705429559,3.39166819126216,23.1841111261649
491,image_0491.jpg,1,1,1,1,1,1,1,1,1,1,1,1,42.9939258125415,3.3774873124219,23.5778943843772
492,image_0492.jpg,1,1,1,1,1,1,1,2,1,1.142857143,1.176311122,1.147511786,38.4273351554685,4.27337805721383,18.0779593195168
493,image_0493.jpg,0,0,1,1,1,1,1,1,1,1,1,1,43.3208143312243,4.09594226822326,23.0529744790665
494,image_0494.jpg,0,0,1,1,1,1,1,1,1,1,1,1,43.3889526193098,3.93501361749746,23.5794468729881
495,image_0495.jpg,0,0,1,1,1,1,1,1,1,1,1,1,43.2777293218737,3.81836028654449,20.5420250955524
496,image_0496.jpg,0,0,1,1,1,1,1,1,1,1,1,1,43.3810688641221,4.11727118742137,24.2798571700808
497,image_0497.jpg,0,1,1,1,1,1,1,1,1,1,1,1,43.441338698046,4.43432945911688,21.8018834362931
498,image_0498.jpg,0,0,1,1,1,1,1,1,1,1,1,1,43.4581649587232,4.24494490644416,24.3164301991191
499,image_0499.jpg,0,0,1,1,1,1,1,1,1,1,1,1,41.6728553896763,4.09541869535356,22.6633785363611
500,image_0500.jpg,1,0,1,1,1,1,1,1,1,1,1,1,43.3745084358581,3.89856545123145,24.8195827551938
501,image_0501.jpg,0,1,1,1,1,1,1,1,1,1,1,1,39.6967865443031,3.2143744358418,28.8782964424792
502,image_0502.jpg,0,1,1,1,1,1,1,3,1,1.285714286,1.352622243,1.295023571,10.9651708096702,3.15502705928691,10.0506050231589
503,image_0503.jpg,0,1,1,1,1,1,1,3,1,1.285714286,1.352622243,1.295023571,9.883762466895,3.12433532147474,10.4145832039511
504,image_0504.jpg,0,1,1,1,1,1,1,1,1,1,1,1,36.6318157621595,3.04760827226558,25.5832898444065
505,image_0505.jpg,0,0,1,1,1,1,1,1,1,1,1,1,40.4853010711965,2.96325941207093,31.563273576822
506,image_0506.jpg,0,0,1,1,1,1,1,2,1,1.142857143,1.176311122,1.147511786,12.676050305666,3.28417801771685,11.9929841826829
507,image_0507.jpg,0,0,1,1,1,1,1,3,1,1.285714286,1.352622243,1.295023571,7.31430743515531,2.92526129615973,11.3630729148696
508,image_0508.jpg,0,0,1,1,1,1,1,1,1,1,1,1,20.9688776266086,2.77848501084322,28.0247328924068
509,image_0509.jpg,0,1,1,1,1,1,1,1,1,1,1,1,22.4875064844906,2.76654001279538,25.4233249109001
510,image_0510.jpg,0,1,1,1,1,1,1,1,1,1,1,1,30.7900581239017,2.64788358883653,27.3464919827005
511,image_0511.jpg,0,0,1,1,1,1,1,1,1,1,1,1,43.3908113491995,3.31712181716265,30.0519363198905
512,image_0512.jpg,0,0,1,1,1,1,1,2,1,1.142857143,1.176311122,1.147511786,15.6037660722557,3.40129673467084,12.2655011040273
513,image_0513.jpg,1,1,1,1,1,1,1,2,1,1.142857143,1.176311122,1.147511786,43.4550744285678,4.51610988072304,22.5410620690418
514,image_0514.jpg,1,1,1,1,1,1,1,4,1,1.428571429,1.528933365,1.442535357,36.5152618494343,4.14207381013537,14.7705238225577
515,image_0515.jpg,1,1,1,1,1,1,1,3,1,1.285714286,1.352622243,1.295023571,15.1908344445191,3.42823944783987,16.4346768534006
516,image_0516.jpg,1,1,1,1,1,1,1,3,1,1.285714286,1.352622243,1.295023571,21.4270602805124,3.65938695456909,19.1859197643569
517,image_0517.jpg,1,1,1,1,1,1,1,2,2,1.285714286,1.332879493,1.28288465,35.4640379213982,3.50809804051665,25.0142645421356
518,image_0518.jpg,1,1,1,2,1,1,1,2,2,1.428571429,1.457651719,1.448441498,37.29674691645,3.84020594451313,22.9771680939016
519,image_0519.jpg,1,0,1,1,1,1,1,4,1,1.428571429,1.528933365,1.442535357,18.755994538759,3.85565249796007,15.7028233494701
520,image_0520.jpg,0,0,1,1,1,1,1,4,2,1.571428571,1.685501736,1.577908221,15.8944491646427,3.50211307848868,15.9130592406444
521,image_0521.jpg,0,1,1,1,1,1,1,4,1,1.428571429,1.528933365,1.442535357,20.0558638895625,3.84555298291647,13.4972030494741
522,image_0522.jpg,0,1,1,1,1,1,1,4,1,1.428571429,1.528933365,1.442535357,18.1307377926314,4.12108409817206,14.2615973862569
523,image_0523.jpg,0,1,1,1,1,1,1,4,1,1.428571429,1.528933365,1.442535357,31.0358580925249,4.36130552383124,12.6283979390587
524,image_0524.jpg,0,1,1,1,1,1,1,2,1,1.142857143,1.176311122,1.147511786,42.6130525116382,4.37390456326388,15.4375242320217
525,image_0525.jpg,0,1,1,1,1,1,1,1,1,1,1,1,40.6062470208969,3.53028357225572,18.2640487936068
526,image_0526.jpg,0,1,1,1,1,1,1,1,1,1,1,1,42.6068528524507,3.97842464353355,16.8603278748208
527,image_0527.jpg,0,1,1,1,1,1,1,1,1,1,1,1,42.6301491060265,3.50289151696201,20.0406249980982
528,image_0528.jpg,0,1,1,1,1,1,1,1,1,1,1,1,43.1191875294936,3.8317610583185,20.7236289872764
529,image_0529.jpg,0,1,1,1,1,1,1,1,1,1,1,1,42.1807460816051,3.8140933096755,20.1089473173284
530,image_0530.jpg,1,1,1,1,1,1,1,4,1,1.428571429,1.528933365,1.442535357,21.355880779187,4.48739838448877,12.3070055254592
531,image_0531.jpg,1,1,1,1,1,1,1,4,1,1.428571429,1.528933365,1.442535357,32.3677220368258,4.36993237997083,13.9353964875197
532,image_0532.jpg,1,1,1,1,1,1,1,4,1,1.428571429,1.528933365,1.442535357,24.2518084036837,4.34357086239783,14.1182210789389
533,image_0533.jpg,1,1,1,1,1,1,1,4,1,1.428571429,1.528933365,1.442535357,26.7344222516096,4.3787937927846,13.359499065266
534,image_0534.jpg,1,1,1,1,1,1,1,4,1,1.428571429,1.528933365,1.442535357,27.3762202610708,4.39496015861811,13.709415682838
535,image_0535.jpg,0,0,1,1,1,1,1,4,2,1.571428571,1.685501736,1.577908221,15.1625200816868,3.74497866654965,14.8631902169159
536,image_0536.jpg,0,0,1,1,1,1,2,4,1,1.571428571,1.703137227,1.63588894,22.1249491961184,4.16642056629263,13.5156678691264
537,image_0537.jpg,0,1,1,2,1,1,2,4,3,2,2.141046196,2.072191517,31.2835857373974,9.27780808393369,19.441259841586
538,image_0538.jpg,0,0,1,1,1,1,2,4,1,1.571428571,1.703137227,1.63588894,20.6578302029747,4.24128142753948,12.3651808337149
539,image_0539.jpg,0,1,1,1,1,1,1,4,1,1.428571429,1.528933365,1.442535357,15.9317662355497,4.18028117842517,12.0563457280297
540,image_0540.jpg,0,0,1,1,1,1,2,4,1,1.571428571,1.703137227,1.63588894,20.1964855533571,4.18407071948404,11.1778579273466
541,image_0541.jpg,1,0,1,1,1,1,2,4,2,1.714285714,1.859705598,1.771261804,11.5611967017701,3.84984550947322,13.1410838282412
542,image_0542.jpg,0,1,1,1,1,1,1,4,1,1.428571429,1.528933365,1.442535357,29.5402641503238,3.77854193608804,15.4824391485109
543,image_0543.jpg,0,1,1,1,1,1,1,2,1,1.142857143,1.176311122,1.147511786,42.0127584948886,4.29742574059483,41.6356434710437
544,image_0544.jpg,0,1,1,1,1,1,2,3,1,1.428571429,1.526826105,1.488377154,44.8907546313713,4.87060964814925,44.3631276802022
545,image_0545.jpg,0,1,1,1,1,1,1,3,1,1.285714286,1.352622243,1.295023571,35.3734044114846,4.03506344310782,35.4926636234815
546,image_0546.jpg,0,1,1,1,1,1,1,4,1,1.428571429,1.528933365,1.442535357,23.987956895987,4.1374457272494,14.4537187434418
547,image_0547.jpg,0,1,1,1,1,1,1,4,1,1.428571429,1.528933365,1.442535357,23.5753412404974,3.98438612616024,15.0355887337058
548,image_0548.jpg,0,1,1,1,1,1,1,3,1,1.285714286,1.352622243,1.295023571,24.024271035844,3.85920243930611,16.1367148606629
549,image_0549.jpg,0,1,1,1,1,1,1,3,1,1.285714286,1.352622243,1.295023571,28.9127313226866,3.8884324518878,15.6571681295679
550,image_0550.jpg,0,1,1,1,1,1,1,3,1,1.285714286,1.352622243,1.295023571,34.2538449648145,3.71814169571886,16.1560599234108
551,image_0551.jpg,1,1,1,1,1,1,1,4,1,1.428571429,1.528933365,1.442535357,33.5803109154749,4.52764788689459,13.9495486965623
552,image_0552.jpg,1,1,1,1,1,1,1,3,1,1.285714286,1.352622243,1.295023571,43.3991708249636,5.23288021271169,27.7888025319281
553,image_0553.jpg,1,0,1,1,1,2,1,4,1,1.571428571,1.699756482,1.575509094,4.79888238722717,2.32394349405293,18.5853913609015
554,image_0554.jpg,1,0,1,1,1,2,1,4,1,1.571428571,1.699756482,1.575509094,6.72615803672037,2.39910084658103,19.6422086700522
555,image_0555.jpg,1,0,1,1,1,1,1,4,1,1.428571429,1.528933365,1.442535357,3.31556192612838,2.31674537491045,18.9013655719579
556,image_0556.jpg,1,0,1,1,1,1,1,4,1,1.428571429,1.528933365,1.442535357,2.3678563194586,2.28420669065631,18.9554384203658
557,image_0557.jpg,1,0,1,2,1,1,3,4,1,1.857142857,2.002113315,1.994799371,32.2039998724143,2.49917843745347,28.0847439488843
558,image_0558.jpg,0,0,1,1,2,1,1,1,1,1.142857143,1.064502456,1.1641089,43.4586897979275,5.76374224067673,46.6910773047987
559,image_0559.jpg,0,0,1,1,1,1,1,1,1,1,1,1,43.4581819815664,5.60912229622223,18.8242565841165
560,image_0560.jpg,0,0,1,1,1,1,1,2,1,1.142857143,1.176311122,1.147511786,9.34898532062815,2.97663070413234,12.8502936710597
561,image_0561.jpg,0,0,1,1,2,1,1,1,1,1.142857143,1.064502456,1.1641089,43.4581962840113,5.9143909252143,40.2534005474784
562,image_0562.jpg,0,0,1,1,2,1,1,1,1,1.142857143,1.064502456,1.1641089,43.458189804945,3.79910452588013,39.9487226089776
563,image_0563.jpg,0,0,1,1,1,1,1,1,1,1,1,1,37.9518339247133,2.95676455163424,14.4138023652357
564,image_0564.jpg,0,0,1,1,1,1,1,3,1,1.285714286,1.352622243,1.295023571,4.50223354431914,2.88469352169475,13.7074343346725
565,image_0565.jpg,0,1,1,2,1,1,1,1,1,1.142857143,1.124772226,1.165556848,43.4582095363557,7.1391599810971,37.3301968222881
566,image_0566.jpg,1,1,1,1,1,1,1,4,1,1.428571429,1.528933365,1.442535357,11.2809880845986,3.14068627831788,9.7069671544808
567,image_0567.jpg,1,1,1,1,1,1,1,4,1,1.428571429,1.528933365,1.442535357,6.95869967107482,3.15535488850964,10.917224568059
568,image_0568.jpg,0,1,1,1,1,1,1,1,1,1,1,1,33.7607442114692,3.01273657787779,24.0035818664209
569,image_0569.jpg,0,1,1,1,1,1,1,2,1,1.142857143,1.176311122,1.147511786,12.7032284880171,2.80242309336427,21.4454136557667
570,image_0570.jpg,0,1,1,1,1,1,1,2,1,1.142857143,1.176311122,1.147511786,18.3803604735366,2.79043959446622,22.2417282749192
571,image_0571.jpg,0,0,1,1,1,1,1,4,1,1.428571429,1.528933365,1.442535357,20.2515251915512,2.89728173108263,9.35053289880261
572,image_0572.jpg,0,0,1,1,1,1,1,4,1,1.428571429,1.528933365,1.442535357,7.81900281561678,2.85933595738148,7.18081365852907
573,image_0573.jpg,0,0,1,1,1,1,1,4,1,1.428571429,1.528933365,1.442535357,8.58832664480738,2.90302740383421,10.1190842766174
574,image_0574.jpg,0,1,1,1,1,1,1,4,1,1.428571429,1.528933365,1.442535357,28.3373971268646,2.69104275980736,16.8669904202677
575,image_0575.jpg,0,1,1,1,1,1,1,2,1,1.142857143,1.176311122,1.147511786,9.25762056132599,2.73109013225252,23.448743546699
576,image_0576.jpg,0,1,1,1,1,1,1,2,1,1.142857143,1.176311122,1.147511786,10.8588233610466,2.70482262327046,24.1935299773173
577,image_0577.jpg,0,0,1,1,1,1,1,4,1,1.428571429,1.528933365,1.442535357,19.8930470977903,2.96668713450768,8.2382919050204
578,image_0578.jpg,0,1,1,1,1,1,1,3,1,1.285714286,1.352622243,1.295023571,22.9246597230804,2.91973334494183,23.2882812553399
579,image_0579.jpg,0,1,1,1,1,1,1,2,1,1.142857143,1.176311122,1.147511786,20.246702303938,2.63203219916855,22.3930155621566
580,image_0580.jpg,0,1,1,1,1,1,1,1,1,1,1,1,43.459703293087,3.68297997189978,24.8871544247333
581,image_0581.jpg,0,0,1,2,1,1,2,4,1,1.714285714,1.827909453,1.801445788,10.6067342815785,2.85516255931276,19.5632026638049
582,image_0582.jpg,1,0,1,2,1,1,1,3,1,1.428571429,1.477394469,1.46058042,21.7433849128846,3.08060570081422,22.4602268988789
583,image_0583.jpg,0,1,1,1,1,1,1,1,1,1,1,1,43.4581842795378,4.38251562456536,29.9082305800281
584,image_0584.jpg,0,1,1,1,1,1,1,1,1,1,1,1,42.6358065883504,2.64602580778999,29.1509615386003
585,image_0585.jpg,1,0,1,2,1,1,2,4,1,1.714285714,1.827909453,1.801445788,15.9137710784785,2.37349984862912,20.9071341850085
586,image_0586.jpg,0,1,1,1,1,1,1,3,1,1.285714286,1.352622243,1.295023571,44.8764259192507,2.90120167085772,12.6010776160976
587,image_0587.jpg,0,1,1,1,1,1,1,3,1,1.285714286,1.352622243,1.295023571,43.5903721473362,2.97180480780294,12.1113980454092
588,image_0588.jpg,0,0,1,1,1,2,1,1,1,1.142857143,1.170823117,1.132973737,37.3678103065879,2.80396476063709,30.4290352325102
589,image_0589.jpg,0,1,1,1,1,1,1,1,1,1,1,1,39.896545672412,2.70744511391136,30.0018448062856
590,image_0590.jpg,1,0,1,2,1,2,1,3,1,1.571428571,1.648217586,1.593554157,5.69500960154929,2.87346476112593,11.8189301847904
591,image_0591.jpg,0,1,1,1,1,1,1,1,1,1,1,1,39.1063743783075,3.27260900871118,27.17193098992
592,image_0592.jpg,1,1,1,1,1,1,1,3,1,1.285714286,1.352622243,1.295023571,16.4465480362299,2.83559434477228,11.9872967107552
593,image_0593.jpg,0,1,1,1,1,1,1,3,1,1.285714286,1.352622243,1.295023571,41.946562151127,3.22957041058689,11.8454775106829
594,image_0594.jpg,1,0,1,1,1,1,1,1,1,1,1,1,40.8999429752501,2.56013997964218,29.0720243039131
595,image_0595.jpg,1,0,1,1,1,1,1,4,1,1.428571429,1.528933365,1.442535357,13.7110453988728,2.6479406759194,10.9501221329535
596,image_0596.jpg,0,0,1,1,1,1,1,1,1,1,1,1,42.106650900949,2.76616800328487,30.3344689034263
597,image_0597.jpg,0,0,1,1,1,1,1,1,1,1,1,1,41.9976195871033,3.89658606606619,12.5341295219474
598,image_0598.jpg,1,1,1,1,1,1,1,1,1,1,1,1,43.4581819862711,5.55571250956493,25.5425212862364
599,image_0599.jpg,0,1,1,1,1,1,1,1,1,1,1,1,43.4581819815664,6.64181054910791,26.4200004089823
600,image_0600.jpg,0,1,1,1,1,1,1,1,1,1,1,1,43.4581819815664,7.43267851249268,26.7720179945937
601,image_0601.jpg,1,1,1,1,1,1,1,1,1,1,1,1,43.4581821279785,5.52232080517946,29.1372930969741
602,image_0602.jpg,0,1,1,1,1,1,1,1,1,1,1,1,43.4581819815664,7.32050034588006,27.3822339052075
603,image_0603.jpg,0,1,1,1,1,1,1,1,1,1,1,1,43.4581819782079,4.9017178764843,25.7035195479907
604,image_0604.jpg,0,1,1,1,1,1,1,1,1,1,1,1,43.4581819815664,6.59881359124758,21.7217963003461
605,image_0605.jpg,0,1,1,1,1,1,1,1,1,1,1,1,43.4581819815664,5.40360424633493,27.1872473586257
606,image_0606.jpg,0,1,1,1,1,1,1,1,1,1,1,1,43.4581819817287,5.68209615537172,24.518896109635
607,image_0607.jpg,0,1,1,1,1,1,1,1,1,1,1,1,43.4581649462103,5.4677213158881,17.668636374505
608,image_0608.jpg,0,1,1,1,1,1,1,1,1,1,1,1,43.4581496140448,5.76594154478049,40.0239080457605
609,image_0609.jpg,0,1,1,1,1,1,1,1,1,1,1,1,43.4581819815664,5.61851572356231,29.4133244709535
610,image_0610.jpg,0,1,1,1,1,1,1,1,1,1,1,1,36.004678988696,4.26403542466873,31.4511221002837
611,image_0611.jpg,0,1,1,1,1,1,1,1,1,1,1,1,29.0534101690163,3.30695360258213,33.7551804776267
612,image_0612.jpg,0,1,1,1,1,1,1,1,1,1,1,1,43.4581819815664,6.68812756123307,33.0564781475277
613,image_0613.jpg,0,1,1,1,1,1,1,1,1,1,1,1,43.4581819815664,8.04860505519411,38.9701374366561
614,image_0614.jpg,0,1,1,1,1,1,1,1,1,1,1,1,39.4620818360526,3.54042307502911,17.7292179053341
615,image_0615.jpg,1,1,1,1,1,1,1,1,1,1,1,1,43.4581828105997,4.3861937260877,18.1814194494441
616,image_0616.jpg,0,1,1,1,1,1,1,1,1,1,1,1,43.4581819815664,7.67682758884253,26.4712977803345
617,image_0617.jpg,1,1,1,1,1,1,1,1,1,1,1,1,41.934989766737,3.58294311177227,16.7937411609421
618,image_0618.jpg,0,1,1,1,1,1,1,1,1,1,1,1,43.4581820179097,5.50305272205749,24.8074740375033
619,image_0619.jpg,0,1,1,1,1,1,1,1,1,1,1,1,43.4580070505791,4.06056203713539,22.1688050119356
620,image_0620.jpg,1,1,1,1,1,1,1,1,1,1,1,1,36.3260172080289,3.42586719180173,18.3889553733033
621,image_0621.jpg,0,1,1,1,1,1,1,1,1,1,1,1,43.4581819815664,6.25218384297706,24.3227028567726
622,image_0622.jpg,0,1,1,1,1,1,1,1,1,1,1,1,43.4581819815665,5.40867868310876,20.8321408425787
623,image_0623.jpg,0,1,1,1,1,1,1,1,1,1,1,1,43.458181981568,5.27373560148228,19.5613054017151
624,image_0624.jpg,0,1,1,1,1,1,1,1,1,1,1,1,43.4581819815684,5.25668214687157,19.0811501568455
625,image_0625.jpg,0,1,1,1,1,1,1,1,1,1,1,1,43.4581819815664,6.74624983031918,25.6967653280465
626,image_0626.jpg,0,1,1,1,1,1,1,1,1,1,1,1,43.4581822518253,5.55614693174537,28.9358977831687
627,image_0627.jpg,0,1,1,1,1,1,1,1,1,1,1,1,43.4581822878019,4.85745760594086,26.5168195216323
628,image_0628.jpg,0,1,1,1,1,1,1,1,1,1,1,1,43.453739608962,4.39353572294847,21.9013475788204
629,image_0629.jpg,0,1,1,1,1,1,1,2,1,1.142857143,1.176311122,1.147511786,43.4437822089896,4.81542893913869,16.5703515369269
630,image_0630.jpg,0,1,1,1,1,1,1,1,1,1,1,1,43.458181981567,4.65068063492923,23.2262807149879
631,image_0631.jpg,0,0,1,1,1,1,1,4,1,1.428571429,1.528933365,1.442535357,19.6855788647646,4.80471236758253,13.1863869608367
632,image_0632.jpg,0,1,1,1,1,1,1,3,1,1.285714286,1.352622243,1.295023571,42.2198785268022,4.74853674608247,15.5514397479361
633,image_0633.jpg,0,1,1,1,1,1,1,1,1,1,1,1,43.4581819815664,5.38492376176362,19.2942857754489
634,image_0634.jpg,1,1,1,1,1,1,1,1,1,1,1,1,43.4581825947347,3.71333986078385,19.3404036614034
635,image_0635.jpg,0,1,1,1,1,1,1,1,1,1,1,1,43.4581820884707,4.43011845139986,16.8025936377174
636,image_0636.jpg,0,1,1,1,1,1,1,1,1,1,1,1,43.4581819815852,5.11288042857755,21.4383535592188
637,image_0637.jpg,0,1,1,1,1,1,1,2,1,1.142857143,1.176311122,1.147511786,43.4581729864983,4.98863321863377,18.0689506162627
638,image_0638.jpg,0,1,1,1,1,1,1,2,1,1.142857143,1.176311122,1.147511786,43.3173239235263,4.65926785666832,17.9565861256688
639,image_0639.jpg,0,1,1,1,1,1,1,3,1,1.285714286,1.352622243,1.295023571,43.4291341545665,4.9453250650148,19.8589166084305
640,image_0640.jpg,0,1,1,1,1,1,1,1,1,1,1,1,36.1264614360518,3.67774782082867,16.9939988837035
641,image_0641.jpg,1,0,1,3,1,1,1,1,1,1.285714286,1.249544452,1.331113697,27.9117170667465,3.2809798068876,16.3807699325722
642,image_0642.jpg,1,1,1,1,1,1,1,1,1,1,1,1,43.4581391516752,3.53366288436737,25.6928986762783
643,image_0643.jpg,1,1,1,1,1,1,1,1,1,1,1,1,14.204124312892,2.99256642019405,22.835012322175
644,image_0644.jpg,1,1,1,1,1,1,1,1,1,1,1,1,43.3219930306177,3.78601955429302,20.0767344511361
645,image_0645.jpg,0,1,1,1,1,1,1,1,1,1,1,1,43.4581819815664,5.3611078097789,25.5877708813884
646,image_0646.jpg,1,1,1,3,1,1,1,1,1,1.285714286,1.249544452,1.331113697,43.4572162329496,4.15684695766093,19.7894245274799
647,image_0647.jpg,0,1,1,1,1,1,1,2,1,1.142857143,1.176311122,1.147511786,40.7260394570086,4.33771962626555,40.798322824193
648,image_0648.jpg,1,1,1,1,1,1,1,2,1,1.142857143,1.176311122,1.147511786,42.727767575543,3.65422363919227,17.9897000109734
649,image_0649.jpg,0,1,1,1,1,1,1,1,1,1,1,1,43.2969533643963,4.86393582556983,20.659593893672
650,image_0650.jpg,1,1,1,1,1,1,1,1,1,1,1,1,43.4581874011186,4.34553469978565,23.4016252137569
651,image_0651.jpg,1,1,1,1,1,1,1,1,1,1,1,1,33.5953240129456,2.99443437908811,16.3547221142257
652,image_0652.jpg,0,1,1,1,1,1,1,2,1,1.142857143,1.176311122,1.147511786,43.4581818037488,5.96117726661501,15.9531261942647
653,image_0653.jpg,0,1,1,3,1,1,1,1,1,1.285714286,1.249544452,1.331113697,43.4581218740731,4.42635058800113,21.1297098867572
654,image_0654.jpg,1,1,1,1,1,1,1,1,1,1,1,1,23.4923619957464,3.32411155527289,15.1253727239808
655,image_0655.jpg,0,1,1,1,1,1,1,1,1,1,1,1,43.4581819815664,5.13392239410334,21.6864325800097
656,image_0656.jpg,0,1,1,1,1,1,1,1,1,1,1,1,43.4581819815664,5.33210134187872,20.2555467577057
657,image_0657.jpg,0,1,1,1,1,1,1,1,1,1,1,1,43.4581823151295,5.59162334838654,29.607594242383
658,image_0658.jpg,0,1,1,3,1,1,1,1,1,1.285714286,1.249544452,1.331113697,43.4224690258573,3.77994542998923,16.3479540014457
659,image_0659.jpg,0,1,1,1,1,1,1,1,1,1,1,1,43.4581819815664,5.32261451549345,20.3702175378034
660,image_0660.jpg,0,1,1,3,1,1,1,1,1,1.285714286,1.249544452,1.331113697,37.5252999484169,3.57619912644617,14.0973803825399
661,image_0661.jpg,0,1,1,3,1,1,1,1,1,1.285714286,1.249544452,1.331113697,34.6842765718658,3.55317155852739,16.3231857777183
662,image_0662.jpg,0,1,1,3,1,1,1,1,1,1.285714286,1.249544452,1.331113697,24.2944170142198,3.32628224262431,16.7599450691416
663,image_0663.jpg,0,1,1,1,1,1,1,1,1,1,1,1,43.4472905768777,3.56223559465314,18.4174328191044
664,image_0664.jpg,0,1,1,1,1,1,1,1,1,1,1,1,43.4581819815664,5.95493807423436,20.8627202719695
665,image_0665.jpg,0,1,1,3,1,1,1,2,1,1.428571429,1.425855574,1.478625482,43.3876672865412,3.818695269387,24.074513102981
666,image_0666.jpg,0,1,1,1,1,1,1,1,1,1,1,1,43.4581889209244,3.59329942038973,20.2942568473972
667,image_0667.jpg,0,1,1,1,1,1,1,1,1,1,1,1,43.4581819815664,5.21945379158218,21.9032429251597
668,image_0668.jpg,0,1,1,1,1,1,1,1,1,1,1,1,42.1658661690798,5.40343373592268,37.9940136722163
669,image_0669.jpg,0,1,1,1,1,1,1,1,1,1,1,1,43.4085546501439,5.84701580167425,37.0306649227665
670,image_0670.jpg,0,0,1,1,1,1,1,1,1,1,1,1,40.4180854735884,6.22486897704615,21.5901249579845
671,image_0671.jpg,0,0,1,1,1,2,1,3,1,1.428571429,1.52344536,1.427997309,40.841955136069,5.51957808592553,21.1986841829722
672,image_0672.jpg,0,1,1,1,1,1,1,1,1,1,1,1,41.7327515780618,6.61025691004476,23.2163928795762
673,image_0673.jpg,0,1,1,1,1,1,1,1,1,1,1,1,43.422092881398,6.85009161941452,39.7617327328767
674,image_0674.jpg,0,1,1,1,1,1,1,1,1,1,1,1,43.4581819815664,4.52489865171684,25.2529621505054
675,image_0675.jpg,0,1,1,1,1,1,1,1,1,1,1,1,43.4581819815664,6.52068086913087,27.1656196781755
676,image_0676.jpg,0,1,1,1,1,1,1,1,1,1,1,1,43.4581819815664,7.73443625196998,24.654177642817
677,image_0677.jpg,0,1,1,1,1,1,1,1,1,1,1,1,43.4582269419012,3.68017865265299,19.4259753469121
678,image_0678.jpg,1,0,1,3,1,1,1,1,1,1.285714286,1.249544452,1.331113697,5.63961459157355,2.92823843519512,15.5431578296892
679,image_0679.jpg,1,0,1,3,1,1,1,1,1,1.285714286,1.249544452,1.331113697,10.0460618515727,3.21375890353097,15.7846605272851
680,image_0680.jpg,0,1,1,1,1,1,1,1,1,1,1,1,43.457435660696,4.15433274601359,20.8110210045272
681,image_0681.jpg,0,1,1,1,1,1,1,1,1,1,1,1,14.9044205972648,3.15841648020966,24.9122333224801
682,image_0682.jpg,1,1,1,1,1,1,1,4,1,1.428571429,1.528933365,1.442535357,19.2957733683957,3.29507917683135,14.7064646583374
683,image_0683.jpg,0,1,1,1,1,1,1,1,1,1,1,1,43.4581819815664,7.05841262846083,19.1546467028601
684,image_0684.jpg,0,1,1,1,1,1,1,1,1,1,1,1,43.4581819815664,6.09442764343535,22.8153735676806
685,image_0685.jpg,0,1,1,1,1,1,1,1,1,1,1,1,43.4581819815664,6.51295781781936,23.6740936464321
686,image_0686.jpg,0,1,1,1,1,1,1,1,1,1,1,1,43.4581819815664,4.90146667208056,23.7006224722076
687,image_0687.jpg,0,1,1,1,1,1,1,1,1,1,1,1,43.4450658972721,4.33903912123909,17.9779597239303
688,image_0688.jpg,0,1,1,1,1,1,1,1,1,1,1,1,43.4581819815665,4.24654234025831,26.0665017481273
689,image_0689.jpg,1,1,1,1,1,1,1,2,1,1.142857143,1.176311122,1.147511786,17.9268690232871,3.45470500833307,24.4816440038535
690,image_0690.jpg,1,1,1,1,1,1,1,3,1,1.285714286,1.352622243,1.295023571,16.8366885119017,3.12412449397889,17.0129073943928
691,image_0691.jpg,0,1,1,1,1,1,1,1,1,1,1,1,43.4581819815664,4.4277657939994,26.9430004525778
692,image_0692.jpg,0,1,1,1,1,1,1,1,1,1,1,1,35.3022762255133,3.69373398546602,18.8878621287059
693,image_0693.jpg,0,1,1,1,1,1,1,1,1,1,1,1,43.4581819815721,5.12906210858241,31.2471363213839
694,image_0694.jpg,0,1,1,1,1,1,1,1,1,1,1,1,43.4581819815664,5.34636754094227,23.5977324336665
695,image_0695.jpg,0,1,1,1,1,1,1,1,1,1,1,1,43.4581819815664,6.3334283695995,20.3384174320888
696,image_0696.jpg,0,1,1,1,1,1,1,1,1,1,1,1,43.4581819815664,7.38338595051742,26.3270658719542
697,image_0697.jpg,0,0,1,1,1,1,1,3,1,1.285714286,1.352622243,1.295023571,43.4251683388515,5.89713689050338,11.7131749389246
698,image_0698.jpg,0,1,1,1,2,1,1,1,1,1.142857143,1.064502456,1.1641089,43.4581820010318,5.49368717400225,34.5572130498813
699,image_0699.jpg,0,1,1,1,1,1,1,1,1,1,1,1,43.4581845564078,5.30298337559582,26.5780410060459
700,image_0700.jpg,0,1,1,1,1,1,1,1,1,1,1,1,43.4581823553142,5.42402586168542,27.1784581729157
701,image_0701.jpg,0,1,1,1,1,1,1,1,1,1,1,1,43.4581819815664,7.57560152723997,24.1327422753614
702,image_0702.jpg,1,0,1,1,1,1,1,1,1,1,1,1,43.4580633938771,4.01870335439564,19.2514108400027
703,image_0703.jpg,0,1,1,1,1,1,1,1,1,1,1,1,43.4560457663722,4.24625472078577,18.9971279113721
704,image_0704.jpg,0,1,1,3,1,1,1,1,1,1.285714286,1.249544452,1.331113697,37.3253080142332,3.75752476921699,17.1782677544139
705,image_0705.jpg,0,1,1,1,1,1,1,1,1,1,1,1,26.1571533020399,3.85041278360352,17.3067210716262
706,image_0706.jpg,0,1,1,1,1,1,1,1,1,1,1,1,43.4581819815664,6.96017522135625,26.1426958642301
707,image_0707.jpg,0,1,1,1,1,1,1,1,1,1,1,1,43.4515958294183,3.68504622256215,21.6937412052963
708,image_0708.jpg,0,1,1,1,1,1,1,1,1,1,1,1,22.9393695686848,3.62390147345041,20.6002941095631
709,image_0709.jpg,0,1,1,1,1,1,1,1,1,1,1,1,43.4581819815664,7.8301617817563,26.3524524128118
710,image_0710.jpg,0,1,1,1,1,1,1,1,1,1,1,1,43.4581819815664,6.31826729221166,23.8750379886523
711,image_0711.jpg,0,1,1,1,1,1,1,1,1,1,1,1,43.4581819815664,7.04385238821516,23.2686063632493
712,image_0712.jpg,0,1,1,1,1,1,1,1,1,1,1,1,43.4581819815664,7.57082073611418,26.1475424061055
713,image_0713.jpg,0,1,1,1,1,1,1,1,1,1,1,1,43.4581819815664,5.48179749577234,28.1219572178074
714,image_0714.jpg,1,1,1,3,1,1,1,1,1,1.285714286,1.249544452,1.331113697,43.4581824310236,5.15551896284815,24.347496908165
715,image_0715.jpg,1,1,1,1,1,1,1,2,1,1.142857143,1.176311122,1.147511786,11.790551564664,2.94127281531514,15.1256775162417
716,image_0716.jpg,0,1,1,1,1,1,1,1,1,1,1,1,43.4581819815664,5.47456689733659,24.8937084079328
717,image_0717.jpg,0,1,1,1,1,1,1,1,1,1,1,1,43.4581754080813,5.74422450784208,16.0054599744519
718,image_0718.jpg,0,1,1,1,1,1,1,1,1,1,1,1,43.4581819815664,6.39470238099433,22.1341893366445
719,image_0719.jpg,1,1,1,1,1,1,1,1,1,1,1,1,43.4581819969038,3.87795956983664,24.7349267808958
720,image_0720.jpg,0,1,1,1,1,1,1,1,1,1,1,1,43.4581819815664,7.07106248048208,28.204390375755
721,image_0721.jpg,0,1,1,1,1,1,1,1,1,1,1,1,43.4581819815664,7.98937535496843,28.956944460819
722,image_0722.jpg,0,1,1,1,1,1,1,1,1,1,1,1,43.4581819815664,6.47460911775405,21.3344607676091
723,image_0723.jpg,0,1,1,1,1,1,1,1,1,1,1,1,43.4581819815664,6.18804027136087,27.8465580201873
724,image_0724.jpg,0,1,1,1,1,1,1,1,1,1,1,1,43.4581819815664,7.85440373657306,25.5557804725176
725,image_0725.jpg,0,1,1,1,1,1,1,1,1,1,1,1,43.4581819815664,6.46147041364072,23.2314392397226
726,image_0726.jpg,0,1,1,1,1,1,1,1,1,1,1,1,43.4581819815664,6.30537795814576,18.5282688175418
727,image_0727.jpg,0,1,1,1,1,1,1,1,1,1,1,1,43.4581940006237,4.75150691324571,25.0082774166315
728,image_0728.jpg,0,1,1,1,2,1,1,1,1,1.142857143,1.064502456,1.1641089,43.4581830485195,8.17766366359159,37.4127668869464
729,image_0729.jpg,0,1,1,1,2,1,1,1,1,1.142857143,1.064502456,1.1641089,43.4581820584665,8.14850857819533,37.8033887351125
730,image_0730.jpg,0,1,1,1,1,1,1,1,1,1,1,1,43.4581819816652,6.21617365414915,33.5945760661196
731,image_0731.jpg,0,1,1,1,1,1,1,1,1,1,1,1,43.4581819873943,8.27370628978543,34.1588396680959
732,image_0732.jpg,0,1,1,1,1,1,1,1,1,1,1,1,43.4581819815664,5.40809186462021,24.2839728898716
733,image_0733.jpg,0,1,1,1,1,1,1,1,1,1,1,1,43.4581819815664,5.03899281242831,24.5655939460142
734,image_0734.jpg,0,1,1,1,1,1,1,1,1,1,1,1,43.4581819815886,4.95767933645218,20.5590497017355
735,image_0735.jpg,0,1,1,1,1,1,1,1,1,1,1,1,43.4581819815664,5.40735599372658,23.3924994954446
736,image_0736.jpg,0,1,1,1,1,1,1,1,1,1,1,1,43.4581819815664,4.7889847961431,21.3036717613819
737,image_0737.jpg,0,1,1,1,1,1,1,1,1,1,1,1,43.4581819815664,5.63042677116622,22.3160448308268
738,image_0738.jpg,0,1,1,1,1,1,1,1,1,1,1,1,43.4581819815664,5.51997342427192,27.0448205604377
739,image_0739.jpg,0,1,1,1,1,1,1,1,1,1,1,1,43.4581819819147,4.74805977830977,21.6891724535667
740,image_0740.jpg,0,1,1,1,1,1,1,1,1,1,1,1,22.6861800091088,3.4469502785024,23.2460253926527
741,image_0741.jpg,0,1,1,1,1,1,1,4,1,1.428571429,1.528933365,1.442535357,33.4317743122292,3.32062971435651,16.0848198366777
742,image_0742.jpg,0,1,1,1,1,1,1,4,1,1.428571429,1.528933365,1.442535357,33.0999808057225,3.35969987285735,16.385821913232
743,image_0743.jpg,0,1,1,1,1,1,2,4,1,1.571428571,1.703137227,1.63588894,26.5570002677723,3.05519353106454,15.4073837777464
744,image_0744.jpg,0,0,1,1,1,1,2,4,1,1.571428571,1.703137227,1.63588894,24.5398570177875,3.10595328552675,15.4151327039162
745,image_0745.jpg,0,1,1,1,1,1,1,1,1,1,1,1,31.1042587967985,3.26977207068535,17.6766407246969
746,image_0746.jpg,0,1,1,1,1,1,1,1,1,1,1,1,39.4961805151729,3.50599528977385,17.6703315263357
747,image_0747.jpg,0,1,1,1,1,1,1,1,1,1,1,1,43.4581901670582,4.48639547211736,17.9544617413229
748,image_0748.jpg,0,1,1,1,1,1,1,1,1,1,1,1,43.4581819815664,5.86657401587174,30.7249419409591
749,image_0749.jpg,0,1,1,1,1,1,1,1,1,1,1,1,43.4581864286897,4.34802352168397,23.0834195894398
750,image_0750.jpg,0,1,1,1,1,1,1,1,1,1,1,1,42.1777312801713,3.7173592894134,26.3984954956601
751,image_0751.jpg,0,1,1,1,1,1,1,1,1,1,1,1,43.4581819815664,6.1159649963569,28.1149359492916
752,image_0752.jpg,0,1,1,1,1,1,1,2,1,1.142857143,1.176311122,1.147511786,20.8478982121054,3.53795938548417,17.631012301931
753,image_0753.jpg,0,1,1,1,1,1,1,1,1,1,1,1,39.9252454363126,3.48371091948609,15.7314739054534
754,image_0754.jpg,0,1,1,1,1,1,1,1,1,1,1,1,39.8811066870276,3.68937076158589,15.1222349864103
755,image_0755.jpg,0,1,1,1,1,1,1,1,1,1,1,1,43.3825700470113,3.56348580800421,21.1349844457446
756,image_0756.jpg,0,1,1,1,1,1,1,1,1,1,1,1,43.4581819815664,6.55476251659096,27.757799275907
757,image_0757.jpg,0,1,1,1,1,1,1,1,1,1,1,1,43.4581819815664,5.96383747102417,24.557544314114
758,image_0758.jpg,0,1,1,1,1,1,1,1,1,1,1,1,43.4533114143701,3.68628596351866,20.925167057481
759,image_0759.jpg,0,1,1,1,1,1,1,1,1,1,1,1,43.4581819815664,6.11629181363862,24.186824892712
760,image_0760.jpg,0,1,1,1,1,1,1,1,1,1,1,1,43.4581819815667,5.04358745601486,22.4682048464092
761,image_0761.jpg,0,1,1,1,1,1,1,1,1,1,1,1,43.458183286455,5.33779082710123,16.6039327785501
762,image_0762.jpg,0,1,1,1,1,1,1,1,1,1,1,1,43.4581819815664,6.62354946896309,23.0265234959764
763,image_0763.jpg,0,1,1,1,1,1,1,1,1,1,1,1,43.4581819815664,6.93329995698485,21.4944238396012
764,image_0764.jpg,0,1,1,1,1,1,1,1,1,1,1,1,43.4581819815664,5.68743382155832,27.1181252554419
765,image_0765.jpg,0,1,1,1,1,1,1,1,1,1,1,1,43.3136764885187,3.67338570653869,21.4804078517037
766,image_0766.jpg,0,1,1,1,1,1,1,1,1,1,1,1,38.4200241223191,3.22555876609721,17.5134729114576
767,image_0767.jpg,0,1,1,1,1,1,1,1,1,1,1,1,43.4581819815664,5.18503704934469,21.7625896015068
768,image_0768.jpg,0,1,1,1,1,1,1,1,1,1,1,1,43.458181981571,5.42752743594954,21.40738904143
769,image_0769.jpg,0,1,1,1,1,1,1,1,1,1,1,1,43.4581819815664,5.573086124892,28.4021396506905
770,image_0770.jpg,0,1,1,1,1,1,1,1,1,1,1,1,43.4581819815664,6.4670152028469,26.3228664957622
771,image_0771.jpg,0,1,1,1,1,1,1,1,1,1,1,1,43.4581814249503,4.07377427873012,23.0254702551453
772,image_0772.jpg,0,1,1,1,1,1,1,1,1,1,1,1,43.4581819820679,4.33669531059263,25.3605033830363
773,image_0773.jpg,0,1,1,1,1,1,1,1,1,1,1,1,43.4581819815664,5.14597964117206,26.3581062552996
774,image_0774.jpg,0,1,1,1,1,1,1,1,1,1,1,1,43.4581820385641,4.77189283395942,30.9708285922187
775,image_0775.jpg,0,1,1,1,1,1,1,1,1,1,1,1,43.4581837844031,4.51867893957179,26.2971290754921
776,image_0776.jpg,0,1,1,1,1,1,1,1,1,1,1,1,43.4581829943858,4.569550595964,21.4927232133106
777,image_0777.jpg,0,1,1,1,1,1,1,1,1,1,1,1,43.4581943542952,4.95921548812327,20.4027852688997
778,image_0778.jpg,0,1,1,1,1,1,1,1,1,1,1,1,43.4581819815582,5.04473921778135,19.5322717253193
779,image_0779.jpg,0,1,1,1,1,1,1,1,1,1,1,1,43.4581819815684,4.71046724311911,20.0931941103135
780,image_0780.jpg,0,1,1,1,1,1,1,1,1,1,1,1,43.4491418644455,3.49298741377725,17.1077522879251
781,image_0781.jpg,0,1,1,1,1,1,1,1,1,1,1,1,43.458181232205,4.43479879331145,18.7379457616995
782,image_0782.jpg,1,1,1,1,1,1,1,1,1,1,1,1,38.9187831098682,3.36102062001226,17.9290544914221
783,image_0783.jpg,0,1,1,1,1,1,1,1,1,1,1,1,42.7197830265393,4.06376186141953,17.0650119700429
784,image_0784.jpg,1,1,1,1,1,1,1,1,1,1,1,1,39.092239756758,3.57129512766237,16.5660626108176
785,image_0785.jpg,0,1,1,1,1,1,1,1,1,1,1,1,41.4418934730806,3.55312616300818,19.070319979083
786,image_0786.jpg,0,1,1,1,1,1,1,1,1,1,1,1,43.4582169098343,4.51549704467722,24.3589393390554
787,image_0787.jpg,0,1,1,1,1,1,1,1,1,1,1,1,43.4570589612768,4.28074649506131,21.6329459870646
788,image_0788.jpg,0,1,1,1,1,1,1,1,1,1,1,1,43.4582856206767,4.25814033576681,22.4684784406767
789,image_0789.jpg,0,1,1,1,1,1,1,1,1,1,1,1,43.4581819815664,5.92749825335153,26.0199305883012
790,image_0790.jpg,0,1,1,1,1,1,1,1,1,1,1,1,43.4581819815664,7.41386115901859,27.5516457075952
791,image_0791.jpg,0,1,1,1,1,1,1,1,1,1,1,1,43.4581819815664,8.23778001141717,28.3232335236085
792,image_0792.jpg,0,1,1,1,1,1,1,1,1,1,1,1,43.4581819815664,7.55676061588936,28.230213808306
793,image_0793.jpg,0,1,1,1,1,1,1,1,1,1,1,1,43.4581819815664,6.59062753604619,19.5672141933822
794,image_0794.jpg,0,1,1,1,1,1,1,1,1,1,1,1,43.4581819815664,6.7151578001114,19.858352270035
795,image_0795.jpg,0,1,1,1,1,1,1,1,1,1,1,1,43.4581819815664,6.60551388561648,19.7976637767715
796,image_0796.jpg,0,1,1,1,1,1,1,1,1,1,1,1,39.3899561034245,3.6768928217164,17.565716414647
797,image_0797.jpg,0,1,1,1,1,1,1,1,1,1,1,1,43.4341743237923,3.87312886908504,16.7026667026198
798,image_0798.jpg,0,1,1,1,1,1,1,1,1,1,1,1,32.2788536432959,3.38975959731574,16.7941276503509
799,image_0799.jpg,0,1,1,1,1,1,1,2,1,1.142857143,1.176311122,1.147511786,22.0246647736944,3.57973489240926,16.5984390674996
800,image_0800.jpg,0,1,1,1,1,1,1,2,1,1.142857143,1.176311122,1.147511786,21.7971127223232,3.47646433401694,17.4200267845798
801,image_0801.jpg,0,1,1,1,1,1,1,1,1,1,1,1,35.3633080300616,3.43744026221954,16.7471863314581
802,image_0802.jpg,0,1,1,1,1,1,1,1,1,1,1,1,43.4581819815664,6.98029766714264,18.1517280033531
803,image_0803.jpg,0,1,1,1,1,1,1,1,1,1,1,1,43.4581819815664,6.23484710033929,24.2848247755884
804,image_0804.jpg,0,1,1,1,1,1,1,1,1,1,1,1,43.4581819815664,8.74346516578248,23.3963982071111
805,image_0805.jpg,0,1,1,1,1,1,1,1,1,1,1,1,43.4581819815664,6.91794836644174,19.509119983907
806,image_0806.jpg,0,1,1,1,1,1,1,1,1,1,1,1,43.4581819815664,5.76013110846964,23.9549643897426
807,image_0807.jpg,0,1,1,1,1,1,1,1,1,1,1,1,43.4395150714378,4.35296765878115,20.5933892456287
808,image_0808.jpg,0,1,1,1,1,1,1,1,1,1,1,1,36.605131169565,3.41000752475484,18.2728974215865
809,image_0809.jpg,0,1,1,1,1,1,1,3,1,1.285714286,1.352622243,1.295023571,26.0911757549577,3.28567996243721,15.3442047681921
810,image_0810.jpg,0,1,1,1,1,1,1,2,1,1.142857143,1.176311122,1.147511786,19.2690031917747,3.55188706467287,16.7492020017216
811,image_0811.jpg,0,1,1,1,1,1,1,3,1,1.285714286,1.352622243,1.295023571,18.4969122415274,3.21508268711014,15.9014455987891
812,image_0812.jpg,0,1,1,1,1,1,1,1,1,1,1,1,43.3329356356378,4.23869839236659,23.8354534690789
813,image_0813.jpg,0,1,1,1,1,1,1,1,1,1,1,1,41.2886176130814,3.78381102119717,24.0690836898488
814,image_0814.jpg,0,1,1,1,1,1,1,1,1,1,1,1,35.6994686417053,3.60959879729989,23.3134989476064
815,image_0815.jpg,0,1,1,1,1,1,1,1,1,1,1,1,43.4576714838561,4.24905269897576,23.1792008842465
816,image_0816.jpg,0,1,1,1,1,1,1,1,1,1,1,1,43.4581817982373,4.59360946284743,22.526535754921
817,image_0817.jpg,0,1,1,1,1,1,1,1,1,1,1,1,43.4581843907181,4.09507866236486,21.0602827319678
818,image_0818.jpg,0,1,1,1,1,1,1,1,1,1,1,1,43.4581819815664,6.68657919567874,27.6205054635494
819,image_0819.jpg,0,1,1,1,1,1,1,1,1,1,1,1,43.4581819815664,6.54215130331837,27.1949018218353
820,image_0820.jpg,0,1,1,1,1,1,1,1,1,1,1,1,22.840405812746,3.3451035623661,24.5624432132129
821,image_0821.jpg,0,1,1,1,1,1,1,1,1,1,1,1,43.4493700034273,4.3744169754518,21.1036252139126
822,image_0822.jpg,0,1,1,1,1,1,1,1,1,1,1,1,43.4581819830837,5.30527140256686,26.5235232242248
823,image_0823.jpg,0,1,1,1,1,1,1,1,1,1,1,1,43.4581819815664,9.35032488562338,30.2793736438185
824,image_0824.jpg,0,1,1,1,1,1,1,1,1,1,1,1,43.4581819815664,6.12103642660135,33.4916049453962
825,image_0825.jpg,0,1,1,1,1,1,1,1,1,1,1,1,43.4581819815664,6.2122780114796,23.5446033795818
826,image_0826.jpg,0,1,1,1,1,1,1,1,1,1,1,1,43.4581819815664,7.0965799789665,21.608557202547
827,image_0827.jpg,0,1,1,1,1,1,1,1,1,1,1,1,43.4581819815664,7.51057131402945,21.2722902221248
828,image_0828.jpg,0,1,1,1,1,1,1,1,1,1,1,1,43.4581819815664,6.56053791485971,21.7742970970306
829,image_0829.jpg,0,1,1,1,1,1,1,1,1,1,1,1,43.4581819815672,5.8178664026042,21.5471149890752
830,image_0830.jpg,0,1,1,1,1,1,1,1,1,1,1,1,43.4581819815664,5.89022625350434,24.405112422711
831,image_0831.jpg,0,1,1,1,1,1,1,1,1,1,1,1,43.4581819815664,5.95342804412431,27.4353213241457
832,image_0832.jpg,0,1,1,1,1,1,1,1,1,1,1,1,43.4581819815664,6.08685503886251,26.4464783850705
833,image_0833.jpg,0,1,1,1,1,1,1,1,1,1,1,1,43.4581819815664,5.62443632400201,26.4969886469791
834,image_0834.jpg,0,1,1,1,1,1,1,1,1,1,1,1,43.4581819815664,5.69002664658446,25.2709123451617
835,image_0835.jpg,0,1,1,1,1,1,1,1,1,1,1,1,43.4581819815665,5.4686571504309,22.6831095574
836,image_0836.jpg,0,1,1,1,1,1,1,1,1,1,1,1,43.4581901552521,4.46061249903658,21.5032127745029
837,image_0837.jpg,0,1,1,1,1,1,1,1,1,1,1,1,43.4581820309253,5.13650278683566,24.8495918991805
838,image_0838.jpg,0,1,1,1,1,1,1,2,1,1.142857143,1.176311122,1.147511786,43.3951074892115,4.66777125164377,39.4262741045637
839,image_0839.jpg,0,1,1,1,1,1,1,1,1,1,1,1,40.0319055407392,3.88539447555899,17.9778286537546
840,image_0840.jpg,0,1,1,1,1,1,1,1,1,1,1,1,43.4581819815666,5.59458843068946,22.1605760115563
841,image_0841.jpg,0,1,1,1,1,1,1,1,1,1,1,1,43.4581819815668,5.88067900138192,21.054367605065
842,image_0842.jpg,0,1,1,1,1,1,1,1,1,1,1,1,43.4582124277981,4.11131335236919,20.6632810594975
843,image_0843.jpg,0,1,1,1,1,1,1,1,1,1,1,1,24.0416272220092,3.57236755198196,17.9142530975419
844,image_0844.jpg,0,1,1,1,1,1,1,1,1,1,1,1,26.298382186954,3.52051045125494,19.1450502747624
845,image_0845.jpg,0,1,1,1,1,2,1,4,1,1.571428571,1.699756482,1.575509094,42.0566724336547,5.80953844844286,46.0262586592919
846,image_0846.jpg,0,0,1,1,1,1,1,1,1,1,1,1,43.4581819815664,5.25600075846747,24.0248796517623
847,image_0847.jpg,0,1,1,1,1,1,1,1,1,1,1,1,43.4581819815664,5.87610117058582,28.2629967050542
848,image_0848.jpg,0,1,1,1,1,1,1,1,1,1,1,1,43.4581819816174,6.24613548995178,20.3023182856616
849,image_0849.jpg,0,1,1,1,1,1,1,1,1,1,1,1,43.4581819815664,7.66261982697465,21.7975776810933
850,image_0850.jpg,0,1,1,1,1,1,1,1,1,1,1,1,43.4581819815664,6.82929990956739,21.0563856633578
851,image_0851.jpg,0,1,1,1,1,1,1,1,1,1,1,1,43.4581819815671,5.73461933758031,21.2860085494873
852,image_0852.jpg,0,1,1,1,1,1,1,1,1,1,1,1,43.4581819815664,11.0787981157503,28.7022856312165
853,image_0853.jpg,0,1,1,1,1,1,1,1,1,1,1,1,43.4581819815664,7.89050848442709,29.1534310961739
854,image_0854.jpg,0,1,1,1,1,1,1,1,1,1,1,1,43.4581819815664,5.68050930186527,25.7618976020872
855,image_0855.jpg,0,1,1,1,1,1,1,1,1,1,1,1,43.4581819815664,5.94344322548499,25.9144876968113
856,image_0856.jpg,0,1,1,1,1,1,1,1,1,1,1,1,43.4581819815664,5.18517275455163,24.2494054459216
857,image_0857.jpg,0,1,1,1,1,1,1,1,1,1,1,1,43.4581819815664,5.87807844117873,28.7803652336493
858,image_0858.jpg,0,1,1,1,1,1,1,1,1,1,1,1,43.4581819815664,5.11183383725485,22.3493296478179
859,image_0859.jpg,0,1,1,1,1,1,1,1,1,1,1,1,43.4581819815664,6.52493924948096,25.3759145930265
860,image_0860.jpg,0,1,1,1,1,1,1,1,1,1,1,1,43.4581867405449,4.9311160776524,24.4143426135798
861,image_0861.jpg,0,1,1,1,1,1,1,1,1,1,1,1,43.4581819815664,6.81852452631669,19.9296467763258
862,image_0862.jpg,0,1,1,1,1,1,1,1,1,1,1,1,43.4581819815664,8.17782624227006,25.9771236205399
863,image_0863.jpg,0,1,1,1,1,1,1,1,1,1,1,1,43.4581819815664,11.137077880313,29.3374864685483
864,image_0864.jpg,0,1,1,1,1,1,1,1,1,1,1,1,43.4581819815664,7.62947572836497,29.3712369136336
865,image_0865.jpg,0,1,1,1,1,1,1,1,1,1,1,1,43.4581839336686,4.49936026550654,23.3451285206694
866,image_0866.jpg,0,1,1,1,1,1,1,1,1,1,1,1,37.4987418890756,3.73792717594068,24.2140141095018
867,image_0867.jpg,0,1,1,1,1,1,1,1,1,1,1,1,43.458186729271,4.17513889079456,23.9281509995568
868,image_0868.jpg,0,1,1,1,1,1,1,1,1,1,1,1,19.3450472837986,3.36764901577439,19.5381966713417
869,image_0869.jpg,0,1,1,1,1,1,1,1,1,1,1,1,43.4581819815664,6.26549106526625,23.5287764840541
870,image_0870.jpg,0,1,1,1,1,1,1,1,1,1,1,1,43.4581819815665,6.10917582537874,22.8103642595304
871,image_0871.jpg,0,1,1,1,1,1,1,1,1,1,1,1,38.3870449780055,3.87349653497499,18.4878520538612
872,image_0872.jpg,0,1,1,1,1,1,1,1,1,1,1,1,43.458190002374,4.881541758685,24.2844990523898
873,image_0873.jpg,0,1,1,1,1,1,1,1,1,1,1,1,43.458223550514,4.51020436133176,22.8125151073762
874,image_0874.jpg,0,1,1,1,1,1,1,1,1,1,1,1,43.458181981601,5.75850605546861,29.5837379040055
875,image_0875.jpg,0,1,1,1,1,1,1,1,1,1,1,1,43.4581825651755,4.9875815980285,25.1221623529923
876,image_0876.jpg,0,1,1,1,1,1,1,1,1,1,1,1,43.4581818925669,4.49311892177442,29.0100503178713
877,image_0877.jpg,0,1,1,1,1,1,1,1,1,1,1,1,43.4581819815664,9.59999711327005,30.2390751490321
878,image_0878.jpg,0,1,1,1,1,1,1,1,1,1,1,1,43.4581819815664,7.9667380708386,27.7186805802751
879,image_0879.jpg,0,1,1,1,1,1,1,1,1,1,1,1,43.4581819815664,9.92877240990742,28.452909653227
880,image_0880.jpg,0,1,1,1,1,1,1,1,1,1,1,1,43.4533392859058,3.95904786203138,23.8486956253299
881,image_0881.jpg,0,1,1,1,1,1,1,1,1,1,1,1,43.4376183510127,4.09402554476863,24.0877166625654
882,image_0882.jpg,0,1,1,1,1,1,1,1,1,1,1,1,43.4581816204912,4.29315590041497,24.0814041037302
883,image_0883.jpg,0,0,1,1,1,1,1,1,1,1,1,1,42.0379135699951,4.73767118015472,18.810774420028
884,image_0884.jpg,0,1,1,1,1,1,1,1,1,1,1,1,43.4581844457604,5.40526744151891,26.6029185474636
885,image_0885.jpg,0,1,1,1,1,1,1,1,1,1,1,1,43.4581819815823,5.72344312342718,20.0770116110384
886,image_0886.jpg,0,1,1,1,1,1,1,1,1,1,1,1,43.4581819815664,5.12744601863335,20.3615671258274
887,image_0887.jpg,0,1,1,1,1,1,1,1,1,1,1,1,43.4581819815664,7.20808822550021,26.7410922352089
888,image_0888.jpg,0,1,1,1,1,1,1,1,1,1,1,1,43.4537036779542,4.00315072505946,24.5616496056974
889,image_0889.jpg,0,1,1,1,1,1,1,4,1,1.428571429,1.528933365,1.442535357,34.8653095492257,4.24466613179488,10.9102027697255
890,image_0890.jpg,0,1,1,1,1,1,1,3,1,1.285714286,1.352622243,1.295023571,43.4581819815664,7.2558037636338,28.9138212480838
891,image_0891.jpg,0,1,1,1,1,1,1,1,1,1,1,1,43.458167462187,5.02344045268352,19.9581839535453
892,image_0892.jpg,0,1,1,1,1,1,1,1,1,1,1,1,43.458155298729,4.18657246671657,21.6310302243565
893,image_0893.jpg,0,1,1,1,1,1,1,1,1,1,1,1,39.5577024045163,3.35351989199301,23.8204682989968
894,image_0894.jpg,0,1,1,1,1,1,1,1,1,1,1,1,39.3411986689361,3.36431890384805,25.2571467068519
895,image_0895.jpg,0,1,1,1,1,1,1,1,1,1,1,1,43.4576198945436,4.04849927856497,24.7836555417579
896,image_0896.jpg,0,1,1,1,1,1,1,1,1,1,1,1,43.4581819815664,5.24222841762698,30.7053762943666
897,image_0897.jpg,0,1,1,1,1,1,1,1,1,1,1,1,43.4581819815664,5.55237882716271,24.8766471959768
898,image_0898.jpg,0,1,1,1,1,1,1,1,1,1,1,1,43.4581819815878,4.15395142306568,26.1086594342743
899,image_0899.jpg,0,1,1,1,1,1,1,1,1,1,1,1,41.0686870728745,3.63540673241967,25.955048070219
900,image_0900.jpg,0,1,1,1,1,1,1,1,1,1,1,1,43.4581819815664,5.19470519199206,24.7850378813248
901,image_0901.jpg,0,1,1,1,1,1,1,1,1,1,1,1,43.4581819815715,5.81846045234565,21.3219947489773
902,image_0902.jpg,0,1,1,1,1,1,1,1,1,1,1,1,43.4581819815664,7.23249504593533,28.2084038736127
903,image_0903.jpg,0,1,1,1,1,1,1,1,1,1,1,1,43.4581819815664,5.02298720382658,25.1705206718739
904,image_0904.jpg,0,0,1,1,1,1,1,4,1,1.428571429,1.528933365,1.442535357,37.0148197501206,5.88085539966143,12.897274704357
905,image_0905.jpg,0,1,1,1,1,1,1,1,1,1,1,1,43.4581819815664,6.26234904763119,28.3368697756894
906,image_0906.jpg,0,1,1,1,1,1,1,1,1,1,1,1,43.4581819815664,6.21860015680225,31.0113594578298
907,image_0907.jpg,1,1,1,1,1,1,1,1,1,1,1,1,40.4011061158301,3.63768575414436,17.5079400396848
908,image_0908.jpg,1,1,1,1,1,1,1,1,1,1,1,1,43.4581819816488,6.02935121644533,25.9183438535652
909,image_0909.jpg,1,1,1,1,1,1,1,1,1,1,1,1,43.4580165985086,4.06043901502318,20.0738946071896
910,image_0910.jpg,0,1,1,1,1,1,1,1,1,1,1,1,43.4581819815664,8.25618524911205,29.2394036953695
911,image_0911.jpg,1,1,1,1,2,1,1,1,1,1.142857143,1.064502456,1.1641089,43.4581819834231,8.64555929459469,35.2572500401582
912,image_0912.jpg,0,1,1,1,2,1,1,1,1,1.142857143,1.064502456,1.1641089,43.4581819818282,8.01078170230887,33.7802582798207
913,image_0913.jpg,0,1,1,1,1,1,1,1,1,1,1,1,43.455474060597,4.23932777434094,18.7592520844817
914,image_0914.jpg,0,1,1,1,2,1,1,1,1,1.142857143,1.064502456,1.1641089,43.4581819824183,8.09164651959003,34.0511574533479
915,image_0915.jpg,1,1,1,1,1,1,1,1,1,1,1,1,43.4580334416692,4.38693318100422,19.611027106665
916,image_0916.jpg,0,1,1,1,2,1,1,1,1,1.142857143,1.064502456,1.1641089,43.4581819860935,8.02878755777127,35.1555759682658
917,image_0917.jpg,0,1,1,1,2,1,1,1,1,1.142857143,1.064502456,1.1641089,43.4581819871378,7.65196152408878,35.1551369997339
918,image_0918.jpg,0,0,1,1,1,1,1,1,1,1,1,1,43.4581819815695,6.35786020370082,28.2528054790194
919,image_0919.jpg,1,1,1,1,1,1,1,1,1,1,1,1,43.4581823496932,4.37244494854114,23.2549140852099
920,image_0920.jpg,1,1,1,1,1,1,1,1,1,1,1,1,43.4581846441443,3.90147940996692,24.4446401443321
921,image_0921.jpg,1,1,1,1,1,1,1,1,1,1,1,1,43.4581819918634,5.17969045259901,24.7011481428124
922,image_0922.jpg,0,1,1,1,1,1,1,1,1,1,1,1,43.4581819815664,5.30555129296059,21.3024191971166
923,image_0923.jpg,1,1,1,1,1,1,1,1,1,1,1,1,43.4581776379021,4.55326361615743,21.8884982811551
924,image_0924.jpg,1,1,1,1,1,1,1,1,1,1,1,1,43.4572774033497,3.71734406956561,20.6265219554565
925,image_0925.jpg,1,1,1,1,1,1,1,2,1,1.142857143,1.176311122,1.147511786,18.9825046976403,3.13435742692629,19.4042431277962
926,image_0926.jpg,0,1,1,1,1,1,1,1,1,1,1,1,43.4581819815664,5.83647389837656,22.892270580416
927,image_0927.jpg,1,0,1,1,1,1,2,4,1,1.571428571,1.703137227,1.63588894,15.1730445386389,3.11107298024959,15.1042492908565
928,image_0928.jpg,1,1,1,1,1,1,1,2,1,1.142857143,1.176311122,1.147511786,15.6786684230427,3.53962998449393,19.7702460453921
929,image_0929.jpg,0,1,1,1,1,1,1,1,1,1,1,1,42.3061378027317,3.60239367375433,20.4953351263919
930,image_0930.jpg,0,1,1,1,1,1,1,1,1,1,1,1,42.9687354068876,3.92348022393363,21.7562426853879
931,image_0931.jpg,0,1,1,1,1,1,1,2,1,1.142857143,1.176311122,1.147511786,22.7962942914677,3.15494429415158,16.3873055543496
932,image_0932.jpg,0,1,1,1,1,1,1,1,1,1,1,1,41.1046577338886,3.87576112637098,24.0760273168208
933,image_0933.jpg,0,1,1,1,1,1,1,3,1,1.285714286,1.352622243,1.295023571,23.0702905463495,3.41990766616801,14.3004293076087
934,image_0934.jpg,0,1,1,1,1,1,1,1,1,1,1,1,42.302822932817,3.92259451556216,15.7204133044162
935,image_0935.jpg,0,1,1,1,1,1,1,1,1,1,1,1,43.4581820518653,5.68551763272451,32.6733619406018
936,image_0936.jpg,1,1,1,1,1,1,1,2,1,1.142857143,1.176311122,1.147511786,23.1853860562617,3.64957628293181,15.362336098114
937,image_0937.jpg,0,1,1,1,1,1,1,1,1,1,1,1,43.4581884686643,4.48935203366611,26.5541993947335
938,image_0938.jpg,0,1,1,1,1,1,1,1,1,1,1,1,43.4581821187374,4.99902105479721,27.3184901591793
939,image_0939.jpg,0,1,1,1,1,1,1,1,1,1,1,1,43.4581819815664,19.5680008791843,27.3224177626705
940,image_0940.jpg,1,1,1,1,1,1,1,1,1,1,1,1,41.2949702926419,3.98505701574277,15.1113088891187
941,image_0941.jpg,0,1,1,1,1,1,1,1,1,1,1,1,43.4581823264654,5.7755479452087,26.5226942545879
942,image_0942.jpg,0,1,1,1,1,1,1,1,1,1,1,1,43.4581824142495,5.06918510941263,25.1898958410605
943,image_0943.jpg,0,1,1,1,1,1,1,1,1,1,1,1,43.4581854430903,4.96108811875998,22.8159096287735
944,image_0944.jpg,0,1,1,1,1,1,1,2,1,1.142857143,1.176311122,1.147511786,35.984913583456,3.72051727959434,15.1132939927136
945,image_0945.jpg,0,1,1,1,1,1,1,1,1,1,1,1,43.2615541599844,3.83341327310177,21.2703230221722
946,image_0946.jpg,1,1,1,1,1,1,1,1,1,1,1,1,43.4554773386927,4.19247810533624,15.7295955828366
947,image_0947.jpg,0,1,1,1,1,1,1,1,1,1,1,1,43.4581819815668,5.43880158582665,30.2799712423727
948,image_0948.jpg,0,1,1,1,1,1,1,1,1,1,1,1,43.4581836029177,4.71508049723746,27.3221008719464
949,image_0949.jpg,0,1,1,1,1,1,1,1,1,1,1,1,39.0469535674106,3.75530418268296,15.2128566428342
950,image_0950.jpg,1,1,1,1,1,1,1,1,1,1,1,1,43.4481588384882,3.85317333033029,16.2159341336245
951,image_0951.jpg,0,1,1,1,1,1,1,1,1,1,1,1,42.9885276871974,3.69562058176339,16.5275576924824
952,image_0952.jpg,0,1,1,1,1,1,1,1,1,1,1,1,43.454528236859,3.54495719202243,18.394101216161
953,image_0953.jpg,0,1,1,1,1,1,1,1,1,1,1,1,39.6618167238513,3.50020224184743,16.1017619060803
954,image_0954.jpg,0,1,1,1,1,1,1,1,1,1,1,1,43.4575725276716,3.44471114948889,18.7487042351445
955,image_0955.jpg,0,1,1,1,1,1,1,1,1,1,1,1,38.2840476226078,3.40236259885954,15.7233718456353
956,image_0956.jpg,0,1,1,1,1,1,1,1,1,1,1,1,43.4581819815664,6.65598105046377,21.4110007262044
957,image_0957.jpg,0,1,1,1,1,1,1,1,1,1,1,1,43.4581819815664,5.9246556156285,21.6322298836565
958,image_0958.jpg,1,0,1,1,1,1,1,3,1,1.285714286,1.352622243,1.295023571,27.2931580702985,3.10018860469655,15.2260844756136
959,image_0959.jpg,0,1,1,1,1,1,1,1,1,1,1,1,43.4581819815664,8.73589004859209,28.350623736609
960,image_0960.jpg,0,1,1,1,1,1,1,1,1,1,1,1,43.4581819815664,7.79320249587136,27.1851343921284
961,image_0961.jpg,0,1,1,1,1,1,1,1,1,1,1,1,43.4581819815664,7.685639446035,27.1478389261555
962,image_0962.jpg,0,1,1,1,1,1,1,1,1,1,1,1,43.4581819815664,9.45639643922405,27.6136738069874
963,image_0963.jpg,0,1,1,1,1,1,1,1,1,1,1,1,43.4581819815664,7.51086829064772,27.2279474138988
964,image_0964.jpg,1,0,1,1,1,1,1,1,1,1,1,1,43.4409305339483,4.078091981529,24.2341664194973
965,image_0965.jpg,1,0,1,1,1,1,1,1,1,1,1,1,43.4581976556239,3.9014638884538,25.4947593561519
966,image_0966.jpg,0,1,1,1,1,1,1,1,1,1,1,1,43.1411865536948,3.71497935742102,18.0248904832017
967,image_0967.jpg,1,1,1,1,1,1,1,1,1,1,1,1,43.4581366227519,3.57282289057152,20.7262211803055
968,image_0968.jpg,0,1,1,1,1,1,1,1,1,1,1,1,43.4581806046597,3.67162327681064,22.6320425615776
969,image_0969.jpg,0,1,1,1,1,1,1,1,1,1,1,1,43.4581819815664,5.0915020837827,34.4936399597444
970,image_0970.jpg,0,1,1,1,2,1,1,1,1,1.142857143,1.064502456,1.1641089,43.4581819815664,4.88861890336821,34.7141989543822
971,image_0971.jpg,0,1,1,1,1,1,1,1,1,1,1,1,43.4581819815664,5.70928878449543,32.7096027873554
972,image_0972.jpg,1,0,1,1,1,1,1,1,1,1,1,1,43.4581820702859,3.58569574246455,24.1947174641825
973,image_0973.jpg,1,1,1,1,1,1,1,1,1,1,1,1,43.4581820222376,3.57002188316757,24.3155977557423
974,image_0974.jpg,1,1,1,1,1,1,1,1,1,1,1,1,43.4581819938574,3.64830085802992,24.9485447535696
975,image_0975.jpg,0,1,1,1,1,1,1,1,1,1,1,1,43.4581819759847,3.92798742258516,22.560926763611
976,image_0976.jpg,0,1,1,1,1,1,1,1,1,1,1,1,43.4581653559394,3.8466551816941,21.1792717775768
977,image_0977.jpg,0,1,1,1,1,1,1,1,1,1,1,1,43.4581819366533,3.68508816018219,21.2212686817132
978,image_0978.jpg,0,1,1,1,1,1,1,1,1,1,1,1,43.4581819815664,5.40657396714914,33.4495794281112
979,image_0979.jpg,0,1,1,1,1,1,1,1,1,1,1,1,43.4581819815664,5.62489528910637,32.4505562943703
980,image_0980.jpg,0,1,1,1,1,1,1,1,1,1,1,1,43.4581819815664,5.54069498262585,30.2057113646914
981,image_0981.jpg,0,1,1,1,1,1,1,1,1,1,1,1,43.4581819816376,4.37245522927436,30.2249267450372
982,image_0982.jpg,0,1,1,1,2,1,1,1,1,1.142857143,1.064502456,1.1641089,43.4581819815664,5.46422375291231,35.0109731011418
983,image_0983.jpg,0,1,1,1,1,1,1,1,1,1,1,1,43.4581854908368,4.12114874703856,24.5942136227653
984,image_0984.jpg,1,1,1,1,1,1,1,1,1,1,1,1,14.5432601822612,3.16745070960151,17.1281614223935
985,image_0985.jpg,0,1,1,1,1,1,1,1,1,1,1,1,43.4581819815664,5.26530814030646,21.530277428894
986,image_0986.jpg,0,1,1,1,1,1,1,1,1,1,1,1,43.4581819815664,5.66013649240134,23.2029292849784
987,image_0987.jpg,0,1,1,1,1,1,1,1,1,1,1,1,43.4581819815664,6.0001288127333,23.3552019209389
988,image_0988.jpg,0,1,1,1,1,1,1,1,1,1,1,1,43.4581819815664,5.48240168614021,27.0093300823791
989,image_0989.jpg,1,0,1,1,1,1,1,1,1,1,1,1,43.4581819816039,5.71136466104429,30.211814677405
990,image_0990.jpg,1,0,1,1,1,1,1,1,1,1,1,1,43.4581833332865,4.2614487429487,20.152412362521
991,image_0991.jpg,0,0,1,1,1,1,1,1,1,1,1,1,43.4581819815664,6.89425411684744,28.6448537322594
992,image_0992.jpg,1,0,1,1,1,1,1,1,1,1,1,1,43.4567080368614,4.29793869006442,19.11334456077
993,image_0009_blur_L2.jpg,1,0,2,1,1,1,3,4,1,1.857142857,2.010159936,1.890364805,61.5024131905805,6.04896098068865,84.3658164541507
994,image_0013_blur_L2.jpg,0,0,2,1,1,1,3,4,1,1.857142857,2.010159936,1.890364805,61.1887481384597,6.30963719931482,86.6717567199275
995,image_0013_blur_L3.jpg,0,0,3,1,1,1,3,4,1,2,2.142978782,1.951487086,67.474561159972,6.70292681354672,100
996,image_0014_blur_L4.jpg,1,0,4,1,1,1,4,4,1,2.285714286,2.450001491,2.205962951,54.4425549359443,6.29158948062373,100
997,image_0015_blur_L1.jpg,0,1,1,1,1,1,2,4,1,1.571428571,1.703137227,1.63588894,48.4609035993226,5.14822381114845,64.8779613302407
998,image_0016_blur_L1.jpg,0,1,1,1,1,1,2,3,1,1.428571429,1.526826105,1.488377154,45.7257371767783,5.52782688916407,56.8255657052848
999,image_0018_blur_L3.jpg,0,0,3,1,1,1,3,4,1,2,2.142978782,1.951487086,67.0708730567341,6.66909747259461,100
1000,image_0023_blur_L1.jpg,0,1,1,1,1,1,2,3,1,1.428571429,1.526826105,1.488377154,45.5290416946869,5.8676243999847,62.6409768967292
1001,image_0025_blur_L1.jpg,0,1,1,1,1,1,2,3,1,1.428571429,1.526826105,1.488377154,46.7709647234008,5.4363961532722,57.4576592147113
1002,image_0033_blur_L4.jpg,0,0,4,1,1,1,4,4,1,2.285714286,2.450001491,2.205962951,57.8366901398703,6.2663960226547,100
1003,image_0035_blur_L2.jpg,0,0,2,1,1,1,3,4,1,1.857142857,2.010159936,1.890364805,60.8929524192221,6.06504610793484,84.6442339510214
1004,image_0037_blur_L1.jpg,1,1,1,1,1,1,1,2,1,1.142857143,1.176311122,1.147511786,43.1035139863412,6.21560053500268,62.486582510068
1005,image_0038_blur_L2.jpg,0,0,2,1,1,1,3,4,1,1.857142857,2.010159936,1.890364805,61.9021102305643,6.07714595309682,86.8294309112705
1006,image_0041_blur_L2.jpg,0,0,2,1,1,1,2,4,1,1.714285714,1.835956074,1.697011222,57.3359269319309,6.71797006939167,85.6724069761706
1007,image_0045_blur_L3.jpg,0,0,3,1,1,1,3,4,1,2,2.142978782,1.951487086,66.8018250006739,6.54478941986398,100
1008,image_0046_blur_L1.jpg,1,1,1,1,1,1,2,4,1,1.571428571,1.703137227,1.63588894,47.2709549461507,5.52935080987213,55.383010417365
1009,image_0049_blur_L1.jpg,0,1,1,1,1,1,2,4,1,1.571428571,1.703137227,1.63588894,41.9293538900825,6.66310023662117,59.1437495304627
1010,image_0050_blur_L2.jpg,0,0,2,1,1,1,3,4,1,1.857142857,2.010159936,1.890364805,57.7160881282499,7.05146316446842,85.2879937767696
1011,image_0052_blur_L4.jpg,1,0,4,3,1,1,4,4,1,2.571428571,2.699545942,2.537076647,53.464296955881,6.41331928114877,100
1012,image_0058_blur_L3.jpg,0,0,4,1,1,1,4,4,1,2.285714286,2.450001491,2.205962951,63.1464560383895,6.58728621343911,100
1013,image_0064_blur_L1.jpg,0,1,1,1,1,1,2,3,1,1.428571429,1.526826105,1.488377154,45.5109271208622,6.28496180305304,59.1499491307098
1014,image_0065_blur_L4.jpg,0,0,4,1,1,1,4,4,1,2.285714286,2.450001491,2.205962951,55.9994814566602,6.33609909967522,100
1015,image_0068_blur_L4.jpg,1,0,4,1,1,2,4,4,1,2.428571429,2.620824607,2.338936688,57.2803828762929,6.31132100863222,100
1016,image_0072_blur_L1.jpg,0,1,1,1,1,1,2,3,1,1.428571429,1.526826105,1.488377154,44.8538779750641,6.26461374306912,61.8976585999981
1017,image_0076_blur_L4.jpg,1,0,4,1,1,1,4,4,1,2.285714286,2.450001491,2.205962951,59.4805822421026,6.34840915656005,100
1018,image_0077_blur_L1.jpg,0,1,1,1,1,1,1,1,1,1,1,1,43.4578369690692,6.65160860453178,65.4431246487751
1019,image_0079_blur_L4.jpg,1,0,3,1,1,1,4,4,1,2.142857143,2.317182644,2.144840669,67.7511924371671,6.41421286558567,100
1020,image_0083_blur_L2.jpg,0,0,2,1,1,1,3,4,1,1.857142857,2.010159936,1.890364805,62.0486475939322,6.12298233648057,84.491524690283
1021,image_0085_blur_L2.jpg,0,0,2,1,1,1,3,4,1,1.857142857,2.010159936,1.890364805,62.0025123813409,6.35541562228871,84.8241009220129
1022,image_0088_blur_L1.jpg,0,1,1,1,1,1,2,3,1,1.428571429,1.526826105,1.488377154,46.1495329417213,5.28408757293927,55.3336564142264
1023,image_0088_blur_L4.jpg,0,0,4,1,1,1,4,4,1,2.285714286,2.450001491,2.205962951,62.0238973294241,6.31161710475718,100
1024,image_0090_blur_L2.jpg,0,0,2,1,1,1,3,4,1,1.857142857,2.010159936,1.890364805,61.5778328738035,6.40861498233137,85.6186543605073
1025,image_0091_blur_L1.jpg,0,1,1,1,1,1,2,4,1,1.571428571,1.703137227,1.63588894,46.0638542349548,5.29741232795649,56.3637536942879
1026,image_0092_blur_L4.jpg,0,0,4,1,1,2,4,4,1,2.428571429,2.620824607,2.338936688,61.1501355026477,6.3184688664648,100
1027,image_0098_blur_L2.jpg,0,0,2,1,1,1,3,4,1,1.857142857,2.010159936,1.890364805,62.2242783468495,6.41437795952238,84.877622268831
1028,image_0098_blur_L3.jpg,0,0,3,1,1,1,4,4,1,2.142857143,2.317182644,2.144840669,65.7810938186433,6.75225142409897,100
1029,image_0101_blur_L4.jpg,0,0,4,1,1,1,4,4,1,2.285714286,2.450001491,2.205962951,62.0491842717246,6.39600880175359,100
1030,image_0105_blur_L1.jpg,0,1,1,1,1,1,2,3,1,1.428571429,1.526826105,1.488377154,45.9236338296632,5.92230266914908,55.2519933388327
1031,image_0106_blur_L2.jpg,0,0,2,1,1,1,3,4,1,1.857142857,2.010159936,1.890364805,61.6104830780816,6.44973910996002,85.5571080130771
1032,image_0114_blur_L2.jpg,0,0,2,1,1,1,3,4,1,1.857142857,2.010159936,1.890364805,60.3979477103371,6.33646020260745,84.8021665851762
1033,image_0115_blur_L1.jpg,0,1,1,1,1,1,1,2,1,1.142857143,1.176311122,1.147511786,41.4735132740679,6.25141148821542,57.3168742741436
1034,image_0115_blur_L4.jpg,0,0,3,1,1,1,4,4,1,2.142857143,2.317182644,2.144840669,62.7448591817402,6.30003175887232,100
1035,image_0117_blur_L3.jpg,1,0,3,3,1,1,4,4,1,2.428571429,2.566727096,2.475954366,65.5057052419446,6.62750473312213,100
1036,image_0119_blur_L4.jpg,1,0,4,1,1,2,4,4,1,2.428571429,2.620824607,2.338936688,63.293107985139,6.23866125876889,100
1037,image_0121_blur_L4.jpg,0,0,3,1,1,2,4,4,1,2.285714286,2.488005761,2.277814406,65.7539085330891,6.40067713991706,100
1038,image_0124_blur_L1.jpg,1,1,1,1,1,1,1,2,1,1.142857143,1.176311122,1.147511786,43.4561429128367,7.44580418360533,62.1180067626939
1039,image_0127_blur_L1.jpg,0,0,1,3,1,1,2,4,1,1.857142857,1.952681679,1.967002636,46.4143781346808,5.59656245002322,61.628961571826
1040,image_0131_blur_L1.jpg,0,1,1,1,1,1,1,2,1,1.142857143,1.176311122,1.147511786,42.8290325916037,6.41131035561054,57.5023575303483
1041,image_0136_blur_L2.jpg,0,0,2,1,1,1,3,4,1,1.857142857,2.010159936,1.890364805,57.0225596265418,7.24534661156467,87.197728681648
1042,image_0144_blur_L2.jpg,1,0,2,1,1,1,3,4,1,1.857142857,2.010159936,1.890364805,57.1966344137347,7.09518802880341,87.0578421484097
1043,image_0144_blur_L3.jpg,1,0,3,1,1,2,3,4,1,2.142857143,2.313801899,2.084460824,62.3794579600313,6.87167148308679,100
1044,image_0145_blur_L4.jpg,1,0,4,1,1,2,4,4,1,2.428571429,2.620824607,2.338936688,58.6697144707516,6.23696687150611,100
1045,image_0146_blur_L4.jpg,0,0,4,1,1,2,4,4,1,2.428571429,2.620824607,2.338936688,58.5814495178313,6.35895144823451,100
1046,image_0148_blur_L1.jpg,1,1,1,1,1,1,2,4,1,1.571428571,1.703137227,1.63588894,47.1950162304969,5.33917715795107,54.1953290560557
1047,image_0149_blur_L3.jpg,0,0,3,1,1,2,4,4,1,2.285714286,2.488005761,2.277814406,61.0136489040206,6.62355107414808,100
1048,image_0149_blur_L4.jpg,0,0,4,1,1,2,4,4,1,2.428571429,2.620824607,2.338936688,54.9364612021448,6.24547580224155,100
1049,image_0153_blur_L3.jpg,0,0,3,1,1,2,4,4,1,2.285714286,2.488005761,2.277814406,65.4544632132207,6.54456682813254,100
1050,image_0157_blur_L1.jpg,0,1,1,1,1,1,2,4,1,1.571428571,1.703137227,1.63588894,46.9788460441921,5.56522029721657,52.8244653090216
1051,image_0159_blur_L4.jpg,0,0,4,1,1,1,4,4,1,2.285714286,2.450001491,2.205962951,55.9596444548801,6.32827232289767,100
1052,image_0161_blur_L2.jpg,1,0,2,1,1,1,3,4,1,1.857142857,2.010159936,1.890364805,57.8836666380821,6.57524689647061,87.3440449253653
1053,image_0165_blur_L1.jpg,1,1,1,1,1,1,2,2,1,1.285714286,1.350514984,1.340865369,41.3705851820141,6.20850989725713,63.0595691504539
1054,image_0170_blur_L1.jpg,1,1,1,1,1,1,2,3,1,1.428571429,1.526826105,1.488377154,42.4707345915052,6.36942412518903,60.1835371718782
1055,image_0170_blur_L2.jpg,1,0,2,1,1,1,3,4,1,1.857142857,2.010159936,1.890364805,57.8142397759579,6.7034801700385,87.1115231215707
1056,image_0175_blur_L4.jpg,1,0,4,1,1,1,4,4,1,2.285714286,2.450001491,2.205962951,55.7746204952718,6.32276744253322,100
1057,image_0176_blur_L3.jpg,1,0,3,1,1,1,4,4,1,2.142857143,2.317182644,2.144840669,61.8060108863207,6.75266396773989,100
1058,image_0176_blur_L4.jpg,1,0,4,1,1,1,4,4,1,2.285714286,2.450001491,2.205962951,55.8694545606235,6.29257701254928,100
1059,image_0186_blur_L1.jpg,1,1,1,1,1,1,2,3,1,1.428571429,1.526826105,1.488377154,44.569476107898,6.13853114144348,58.1617403361078
1060,image_0186_blur_L4.jpg,1,0,4,1,1,1,4,4,1,2.285714286,2.450001491,2.205962951,59.5432710432978,6.21589847219031,100
1061,image_0189_blur_L2.jpg,0,0,2,1,1,1,3,4,1,1.857142857,2.010159936,1.890364805,58.1727987192818,6.6916042081335,85.6543547934543
1062,image_0191_blur_L2.jpg,0,0,2,1,1,1,3,4,1,1.857142857,2.010159936,1.890364805,59.8191079961338,6.45310770371057,85.7969265254094
1063,image_0193_blur_L2.jpg,0,0,2,1,1,1,3,4,1,1.857142857,2.010159936,1.890364805,58.1726883788883,6.72101136727894,84.613761800421
1064,image_0196_blur_L3.jpg,0,0,3,1,1,1,4,4,1,2.142857143,2.317182644,2.144840669,63.7185964491928,6.59598122819474,100
1065,image_0201_blur_L3.jpg,0,0,3,1,1,1,4,4,1,2.142857143,2.317182644,2.144840669,62.7320316134362,6.44513025413471,100
1066,image_0202_blur_L2.jpg,0,0,2,1,1,1,3,4,1,1.857142857,2.010159936,1.890364805,61.5072719050562,6.47254131368706,85.3490034963969
1067,image_0207_blur_L2.jpg,0,0,2,1,1,1,3,4,1,1.857142857,2.010159936,1.890364805,61.5851195569982,6.17265863135356,86.1966404554414
1068,image_0207_blur_L3.jpg,0,0,3,1,1,1,3,4,1,2,2.142978782,1.951487086,66.8236552977567,6.75619456288834,100
1069,image_0209_blur_L4.jpg,0,0,4,1,1,2,4,4,1,2.428571429,2.620824607,2.338936688,58.9110247454564,6.23472377898583,100
1070,image_0210_blur_L1.jpg,0,0,1,1,1,1,2,4,1,1.571428571,1.703137227,1.63588894,53.2190828555632,6.98556568477064,73.0561799906724
1071,image_0214_blur_L3.jpg,0,0,3,2,1,2,3,4,1,2.285714286,2.438574125,2.250017672,66.9104141999,6.62666015332885,100
1072,image_0214_blur_L4.jpg,0,0,4,2,1,2,4,4,1,2.571428571,2.745596833,2.504493537,62.0632639523324,6.31102358478961,100
1073,image_0219_blur_L2.jpg,0,0,2,1,1,2,3,4,1,2,2.180983052,2.023338542,60.2476329763283,6.44730531449035,84.2755017714991
1074,image_0220_blur_L3.jpg,0,0,3,1,1,2,3,4,1,2.142857143,2.313801899,2.084460824,67.4975889360493,6.65389704563355,100
1075,image_0221_blur_L1.jpg,0,1,1,1,1,1,2,4,1,1.571428571,1.703137227,1.63588894,53.2298014735885,4.97199314381418,65.7407359290091
1076,image_0225_blur_L2.jpg,0,0,2,1,1,1,3,4,1,1.857142857,2.010159936,1.890364805,59.0791060473389,5.91861997825051,85.8383429525193
1077,image_0226_blur_L1.jpg,0,0,1,1,1,1,2,3,1,1.428571429,1.526826105,1.488377154,43.4396820341016,6.04799489915165,65.3147492762469
1078,image_0226_blur_L4.jpg,0,0,4,1,1,2,4,4,1,2.428571429,2.620824607,2.338936688,62.3583789945675,6.35998520788481,100
1079,image_0230_blur_L4.jpg,1,0,4,1,1,1,4,4,1,2.285714286,2.450001491,2.205962951,57.5708525667721,6.19485768979416,100
1080,image_0231_blur_L1.jpg,1,1,1,1,1,1,2,4,1,1.571428571,1.703137227,1.63588894,46.8276192406586,5.97316200467548,60.1182542054835
1081,image_0242_blur_L3.jpg,0,0,3,3,1,1,3,4,1,2.285714286,2.392523234,2.282600783,65.6630950966169,6.77842081139518,100
1082,image_0247_blur_L2.jpg,0,0,2,1,1,1,3,4,1,1.857142857,2.010159936,1.890364805,57.7556677443506,7.06327128134888,87.5890655282821
1083,image_0248_blur_L1.jpg,1,1,1,1,1,1,1,2,1,1.142857143,1.176311122,1.147511786,42.4615319267911,7.27687185920068,59.7390402694336
1084,image_0248_blur_L3.jpg,1,0,3,1,1,1,3,4,1,2,2.142978782,1.951487086,64.9152356105909,6.76331901293066,100
1085,image_0250_blur_L3.jpg,0,0,3,1,1,2,3,4,1,2.142857143,2.313801899,2.084460824,61.4469733605978,7.12300028819209,100
1086,image_0250_blur_L4.jpg,0,0,4,1,1,2,4,4,1,2.428571429,2.620824607,2.338936688,60.4226518154804,6.37413744975398,100
1087,image_0253_blur_L3.jpg,0,0,3,1,1,1,3,4,1,2,2.142978782,1.951487086,63.3319956439259,6.849571237989,100
1088,image_0253_blur_L4.jpg,0,0,4,1,1,2,4,4,1,2.428571429,2.620824607,2.338936688,59.5335131026429,6.24265135677658,100
1089,image_0254_blur_L4.jpg,0,0,4,1,1,2,4,4,1,2.428571429,2.620824607,2.338936688,59.6165606926718,6.24187570628803,100
1090,image_0255_blur_L1.jpg,1,1,1,3,1,1,2,4,1,1.857142857,1.952681679,1.967002636,45.6400888833769,5.20021607173974,58.9332780309855
1091,image_0257_blur_L1.jpg,1,0,1,1,1,1,2,3,1,1.428571429,1.526826105,1.488377154,42.6874957870439,6.51136514361716,60.4810819301354
1092,image_0262_blur_L3.jpg,0,0,3,1,1,2,3,4,1,2.142857143,2.313801899,2.084460824,63.5685753391826,6.91576817660133,100
1093,image_0264_blur_L3.jpg,0,0,3,1,1,1,4,4,1,2.142857143,2.317182644,2.144840669,63.2080009640364,6.51689606814516,100
1094,image_0266_blur_L3.jpg,1,0,3,1,1,2,3,4,1,2.142857143,2.313801899,2.084460824,64.7437384515754,6.77387928558757,100
1095,image_0269_blur_L1.jpg,0,1,1,1,1,1,1,2,1,1.142857143,1.176311122,1.147511786,42.3051146518244,5.92065661008453,68.0053951818325
1096,image_0280_blur_L3.jpg,0,0,3,1,1,1,4,4,1,2.142857143,2.317182644,2.144840669,65.1813418299382,6.78640287704678,100
1097,image_0281_blur_L4.jpg,0,0,4,1,1,2,4,4,1,2.428571429,2.620824607,2.338936688,57.8382981554077,6.53030383233301,100
1098,image_0282_blur_L4.jpg,0,0,4,3,1,2,4,4,1,2.714285714,2.870369059,2.670050385,58.4939809883036,6.54414955198258,100
1099,image_0283_blur_L3.jpg,0,0,3,3,1,1,3,4,1,2.285714286,2.392523234,2.282600783,65.4684899298933,6.76224111172102,100
1100,image_0284_blur_L2.jpg,0,0,2,1,1,1,3,4,1,1.857142857,2.010159936,1.890364805,58.0608893609522,6.9325255482249,86.0988011038686
1101,image_0286_blur_L4.jpg,0,0,4,1,1,2,4,4,1,2.428571429,2.620824607,2.338936688,60.6431026448877,6.44259664215916,100
1102,image_0289_blur_L3.jpg,0,0,3,1,1,2,3,4,1,2.142857143,2.313801899,2.084460824,61.6319534870407,6.82658198900939,100
1103,image_0290_blur_L2.jpg,1,0,2,1,1,1,3,4,1,1.857142857,2.010159936,1.890364805,58.257092939373,6.34357802607015,85.9864579469151
1104,image_0299_blur_L2.jpg,0,0,2,3,1,1,2,4,1,2,2.085500525,2.028124918,57.118454562567,6.59750706751596,84.2831006515755
1105,image_0300_blur_L2.jpg,0,0,2,3,1,1,3,4,1,2.142857143,2.259704387,2.221478501,59.8229026311496,6.24340120339774,85.6665087827496
1106,image_0309_blur_L2.jpg,1,0,2,1,1,1,3,4,1,1.857142857,2.010159936,1.890364805,59.9193836637633,6.23681004395841,85.827715810762
1107,image_0311_blur_L1.jpg,0,1,1,1,1,1,2,4,1,1.571428571,1.703137227,1.63588894,44.988396592074,5.05081077100409,63.7853148554262
1108,image_0311_blur_L3.jpg,0,0,3,1,1,1,4,4,1,2.142857143,2.317182644,2.144840669,61.7972455391217,6.52006393338565,100
1109,image_0311_blur_L4.jpg,0,0,4,1,1,1,4,4,1,2.285714286,2.450001491,2.205962951,51.2232874427545,6.33478009840234,100
1110,image_0316_blur_L4.jpg,0,0,4,1,1,1,4,4,1,2.285714286,2.450001491,2.205962951,57.9087973255825,6.14210873036977,100
1111,image_0317_blur_L1.jpg,0,1,1,1,1,1,2,4,1,1.571428571,1.703137227,1.63588894,43.0603936893896,5.60659144316816,64.5999404286714
1112,image_0319_blur_L2.jpg,0,0,2,1,1,1,3,4,1,1.857142857,2.010159936,1.890364805,60.1356869193226,6.28686971119431,84.3571622029331
1113,image_0319_blur_L3.jpg,0,0,3,1,1,1,3,4,1,2,2.142978782,1.951487086,66.723016588732,6.68810527689164,100
1114,image_0319_blur_L4.jpg,0,0,4,1,1,1,4,4,1,2.285714286,2.450001491,2.205962951,58.9740474598254,6.29086648150781,100
1115,image_0322_blur_L2.jpg,0,0,2,1,1,1,3,4,1,1.857142857,2.010159936,1.890364805,58.3703342857127,6.33471065562868,83.0349169868478
1116,image_0322_blur_L4.jpg,0,0,4,1,1,2,4,4,1,2.428571429,2.620824607,2.338936688,60.656627734707,6.26486785373404,100
1117,image_0323_blur_L2.jpg,0,0,2,1,1,2,3,4,1,2,2.180983052,2.023338542,57.9920264927769,6.79799808518482,84.2610976908371
1118,image_0323_blur_L4.jpg,0,0,4,1,1,2,4,4,1,2.428571429,2.620824607,2.338936688,59.5018562741248,6.24844399809108,100
1119,image_0325_blur_L1.jpg,0,1,1,1,1,1,2,4,1,1.571428571,1.703137227,1.63588894,49.7873171540364,5.03346293953971,60.4834321328811
1120,image_0328_blur_L3.jpg,0,0,4,1,1,1,4,4,1,2.285714286,2.450001491,2.205962951,59.7206768821849,6.3190567999287,90.890171061887
1121,image_0328_blur_L4.jpg,0,0,4,1,1,1,4,4,1,2.285714286,2.450001491,2.205962951,50.9362263674123,6.25155275303402,96.6510027636893
1122,image_0333_blur_L3.jpg,0,0,3,1,1,1,4,4,1,2.142857143,2.317182644,2.144840669,61.3113304927008,6.61431076870671,100
1123,image_0335_blur_L2.jpg,1,0,2,1,1,2,3,4,1,2,2.180983052,2.023338542,60.4668947776297,6.00549310513866,86.9705602493154
1124,image_0335_blur_L4.jpg,1,0,4,1,1,2,4,4,1,2.428571429,2.620824607,2.338936688,55.3670236605505,6.22529986638458,100
1125,image_0337_blur_L1.jpg,1,0,1,1,1,1,3,4,1,1.714285714,1.877341089,1.829242523,46.3071764423963,4.75430695228763,58.1979636873296
1126,image_0337_blur_L4.jpg,1,0,4,1,1,1,4,4,1,2.285714286,2.450001491,2.205962951,50.0918354001465,6.23976151144909,100
1127,image_0340_blur_L4.jpg,0,0,4,1,1,1,4,4,1,2.285714286,2.450001491,2.205962951,57.2422809505464,6.07205356859666,100
1128,image_0341_blur_L3.jpg,0,0,3,1,1,1,4,4,1,2.142857143,2.317182644,2.144840669,66.2016943960399,6.56137253606384,100
1129,image_0342_blur_L2.jpg,0,0,2,1,1,1,3,4,1,1.857142857,2.010159936,1.890364805,60.8035903288236,6.23962405307103,86.1310187290312
1130,image_0351_blur_L2.jpg,0,0,2,1,1,1,3,4,1,1.857142857,2.010159936,1.890364805,57.4704761781662,6.82476502432235,85.9455252316931
1131,image_0355_blur_L1.jpg,0,1,1,1,1,1,2,4,1,1.571428571,1.703137227,1.63588894,41.9814737218373,6.38426973323996,60.3296136903137
1132,image_0355_blur_L3.jpg,0,0,3,1,1,1,3,4,1,2,2.142978782,1.951487086,66.2024875332227,6.70995551386658,100
1133,image_0362_blur_L1.jpg,0,1,1,1,1,1,2,4,1,1.571428571,1.703137227,1.63588894,45.2820572948391,6.08405643373086,62.8057765749543
1134,image_0362_blur_L3.jpg,0,0,3,1,1,2,3,4,1,2.142857143,2.313801899,2.084460824,65.4632775765331,6.77323163862888,100
1135,image_0364_blur_L3.jpg,1,0,3,1,1,1,4,4,1,2.142857143,2.317182644,2.144840669,64.1295467468528,6.48110150050249,100
1136,image_0368_blur_L3.jpg,1,0,3,1,1,1,4,4,1,2.142857143,2.317182644,2.144840669,65.5175836290724,6.66391908215728,100
1137,image_0369_blur_L3.jpg,1,0,3,1,1,1,4,4,1,2.142857143,2.317182644,2.144840669,65.0823454022398,6.49570888124366,100
1138,image_0370_blur_L4.jpg,1,0,4,1,1,1,4,4,1,2.285714286,2.450001491,2.205962951,52.2295103877896,6.32967250839712,100
1139,image_0372_blur_L4.jpg,1,0,4,1,1,2,4,4,1,2.428571429,2.620824607,2.338936688,59.3023266770544,6.26826367032274,100
1140,image_0374_blur_L4.jpg,0,0,4,1,1,1,4,4,1,2.285714286,2.450001491,2.205962951,59.2628758404416,6.33565330177295,100
1141,image_0375_blur_L1.jpg,0,1,1,1,1,1,2,4,1,1.571428571,1.703137227,1.63588894,44.7268594414162,5.83933965118181,58.4092241649225
1142,image_0375_blur_L2.jpg,0,0,2,1,1,1,3,4,1,1.857142857,2.010159936,1.890364805,59.8928618575812,6.24587377199373,80.4478688325055
1143,image_0378_blur_L2.jpg,0,0,2,1,1,1,3,4,1,1.857142857,2.010159936,1.890364805,61.7802899852697,6.13044283781981,83.5748869541264
1144,image_0383_blur_L2.jpg,0,0,2,1,1,1,3,4,1,1.857142857,2.010159936,1.890364805,62.1700163425574,6.26003393504606,84.152001233062
1145,image_0386_blur_L3.jpg,0,0,3,1,1,1,4,4,1,2.142857143,2.317182644,2.144840669,66.0959846887425,6.44530120520618,100
1146,image_0388_blur_L2.jpg,1,0,2,1,1,1,3,4,1,1.857142857,2.010159936,1.890364805,61.6403769389228,6.01454427319269,85.167810049565
1147,image_0388_blur_L3.jpg,1,0,3,1,1,1,4,4,1,2.142857143,2.317182644,2.144840669,66.1097076120429,6.585590649112,100
1148,image_0388_blur_L4.jpg,1,0,4,1,1,2,4,4,1,2.428571429,2.620824607,2.338936688,58.9440588166596,6.18279355852693,100
1149,image_0389_blur_L2.jpg,1,0,2,1,1,1,3,4,1,1.857142857,2.010159936,1.890364805,60.5802798257817,6.2474516037677,83.839141563326
1150,image_0391_blur_L3.jpg,1,0,4,1,1,1,4,4,1,2.285714286,2.450001491,2.205962951,61.4531318531788,6.34161004628462,100
1151,image_0392_blur_L4.jpg,0,0,4,1,1,1,4,4,1,2.285714286,2.450001491,2.205962951,54.3922857427636,6.21851062159096,100
1152,image_0394_blur_L1.jpg,1,1,1,1,1,1,2,4,1,1.571428571,1.703137227,1.63588894,49.7157874072019,4.99322410992654,67.1430565634452
1153,image_0395_blur_L1.jpg,1,1,1,1,1,1,2,4,1,1.571428571,1.703137227,1.63588894,51.0442225519099,5.15379064696688,66.2236930687341
1154,image_0396_blur_L4.jpg,1,0,4,1,1,2,4,4,1,2.428571429,2.620824607,2.338936688,59.4911923376265,6.28885495010017,100
1155,image_0398_blur_L3.jpg,0,0,3,1,1,1,4,4,1,2.142857143,2.317182644,2.144840669,66.0473755749113,6.69719338061515,100
1156,image_0403_blur_L1.jpg,0,0,1,1,1,1,2,4,1,1.571428571,1.703137227,1.63588894,50.8041306202855,5.34809511277575,63.866144624745
1157,image_0406_blur_L4.jpg,0,0,4,1,1,1,4,4,1,2.285714286,2.450001491,2.205962951,61.489500072661,6.09112001653534,100
1158,image_0409_blur_L2.jpg,0,0,2,1,1,1,3,4,1,1.857142857,2.010159936,1.890364805,59.9630173502971,6.02705800842628,86.1373396809326
1159,image_0410_blur_L1.jpg,0,0,1,1,1,1,2,4,1,1.571428571,1.703137227,1.63588894,50.4677987267904,5.03989202978948,63.4741960215754
1160,image_0410_blur_L3.jpg,0,0,3,1,1,2,4,4,1,2.285714286,2.488005761,2.277814406,66.130350287071,6.51959008757266,100
1161,image_0411_blur_L4.jpg,0,0,4,1,1,1,4,4,1,2.285714286,2.450001491,2.205962951,57.855635321987,6.25047700978964,100
1162,image_0412_blur_L3.jpg,0,0,3,1,1,1,4,4,1,2.142857143,2.317182644,2.144840669,64.7769485975849,6.52404629284012,100
1163,image_0414_blur_L1.jpg,0,0,1,1,1,1,2,4,1,1.571428571,1.703137227,1.63588894,49.5679933811717,4.85575678501771,68.7779611549077
1164,image_0419_blur_L2.jpg,0,0,2,1,1,1,3,4,1,1.857142857,2.010159936,1.890364805,60.2718006561273,5.92549557512038,88.3350033163264
1165,image_0421_blur_L1.jpg,0,0,1,1,1,1,2,4,1,1.571428571,1.703137227,1.63588894,48.8758902818886,4.84598738313227,66.497326870952
1166,image_0421_blur_L2.jpg,0,0,2,1,1,1,3,4,1,1.857142857,2.010159936,1.890364805,62.5377798386314,5.99976126430232,85.0114136666313
1167,image_0428_blur_L1.jpg,1,0,1,1,1,1,2,4,1,1.571428571,1.703137227,1.63588894,53.6513859211177,5.3044202453362,76.5913716903001
1168,image_0428_blur_L3.jpg,1,0,3,1,1,1,4,4,1,2.142857143,2.317182644,2.144840669,66.2095846732263,6.49048821287544,100
1169,image_0436_blur_L4.jpg,0,0,4,1,1,1,4,4,1,2.285714286,2.450001491,2.205962951,60.3412648518338,6.23080373023861,100
1170,image_0441_blur_L1.jpg,0,1,1,1,1,1,2,4,1,1.571428571,1.703137227,1.63588894,46.7359415345408,5.49304223749583,66.0056202245379
1171,image_0445_blur_L2.jpg,0,0,2,1,1,1,3,4,1,1.857142857,2.010159936,1.890364805,57.9917577001278,6.25061214358622,83.085061400729
1172,image_0447_blur_L2.jpg,0,0,2,1,1,1,3,4,1,1.857142857,2.010159936,1.890364805,58.0329485950127,6.45735161152033,86.2257674919011
1173,image_0449_blur_L1.jpg,1,1,1,1,1,1,2,4,1,1.571428571,1.703137227,1.63588894,44.1453972900929,4.98651900768335,55.894986498221
1174,image_0453_blur_L4.jpg,0,0,4,1,1,2,4,4,1,2.428571429,2.620824607,2.338936688,61.0328991476115,6.24155162603669,100
1175,image_0455_blur_L3.jpg,0,0,3,1,1,1,4,4,1,2.142857143,2.317182644,2.144840669,65.7759228080665,6.62403224576303,100
1176,image_0457_blur_L3.jpg,0,0,3,1,1,1,4,4,1,2.142857143,2.317182644,2.144840669,65.7913639383411,6.67879149419046,100
1177,image_0458_blur_L1.jpg,0,1,1,1,1,1,2,3,1,1.428571429,1.526826105,1.488377154,46.2727226772383,5.11101680727431,53.7293793135662
1178,image_0458_blur_L2.jpg,0,0,2,1,1,1,3,4,1,1.857142857,2.010159936,1.890364805,61.8653702064162,6.06835660970441,84.9854639181864
1179,image_0459_blur_L1.jpg,0,1,1,1,1,1,2,3,1,1.428571429,1.526826105,1.488377154,45.9970721748916,5.50022100892697,54.4066616795993
1180,image_0459_blur_L4.jpg,0,0,4,1,1,1,4,4,1,2.285714286,2.450001491,2.205962951,58.0494725692432,6.19769586907791,100
1181,image_0463_blur_L3.jpg,0,0,3,1,1,1,4,4,1,2.142857143,2.317182644,2.144840669,62.1041225973637,6.68230969306687,100
1182,image_0464_blur_L1.jpg,0,1,1,1,1,1,1,2,1,1.142857143,1.176311122,1.147511786,41.9094014285023,6.67190626223851,59.0145817992308
1183,image_0464_blur_L4.jpg,0,0,4,1,1,2,4,4,1,2.428571429,2.620824607,2.338936688,61.0245841336449,6.34589407354368,100
1184,image_0471_blur_L1.jpg,0,1,1,1,1,1,2,2,1,1.285714286,1.350514984,1.340865369,43.4575615526276,6.72860161012405,67.4526490065064
1185,image_0472_blur_L1.jpg,0,1,1,1,1,1,2,4,1,1.571428571,1.703137227,1.63588894,46.7703318139995,5.98690571449856,59.1217694868553
1186,image_0474_blur_L3.jpg,0,0,3,1,1,1,4,4,1,2.142857143,2.317182644,2.144840669,64.8259065824331,6.61557086094083,100
1187,image_0474_blur_L4.jpg,0,0,4,1,1,1,4,4,1,2.285714286,2.450001491,2.205962951,57.9492316668156,6.30441176421279,100
1188,image_0475_blur_L3.jpg,0,0,3,1,1,1,3,4,1,2,2.142978782,1.951487086,66.2672498144194,6.7617717324969,100
1189,image_0478_blur_L4.jpg,0,0,4,1,1,1,4,4,1,2.285714286,2.450001491,2.205962951,58.1598703928682,6.29292263250557,100
1190,image_0479_blur_L4.jpg,0,0,4,1,1,2,4,4,1,2.428571429,2.620824607,2.338936688,59.7532522660502,6.38502838327208,100
1191,image_0494_blur_L2.jpg,0,0,2,1,1,1,3,4,1,1.857142857,2.010159936,1.890364805,61.3229223539232,6.11763657180167,85.1812679328505
1192,image_0503_blur_L2.jpg,0,0,2,1,1,1,3,4,1,1.857142857,2.010159936,1.890364805,61.9537799185131,6.13149075189595,86.5455106622882
1193,image_0504_blur_L4.jpg,0,0,4,1,1,1,4,4,1,2.285714286,2.450001491,2.205962951,56.8628166981054,6.14281423085153,100
1194,image_0508_blur_L2.jpg,0,0,2,1,1,1,3,4,1,1.857142857,2.010159936,1.890364805,58.7160590766465,5.67843122331534,84.6552483122704
1195,image_0516_blur_L4.jpg,1,0,4,1,1,1,4,4,1,2.285714286,2.450001491,2.205962951,55.3395195127562,6.19247322951149,100
1196,image_0518_blur_L2.jpg,1,0,2,2,1,1,3,4,2,2.142857143,2.291500533,2.191294517,56.0142586475712,5.78656721534749,84.9287976697396
1197,image_0519_blur_L3.jpg,1,0,4,1,1,1,4,4,1,2.285714286,2.450001491,2.205962951,54.5738414580108,6.11467703219551,100
1198,image_0520_blur_L3.jpg,0,0,4,1,1,1,4,4,1,2.285714286,2.450001491,2.205962951,55.9606061929492,6.05178037958565,100
1199,image_0524_blur_L3.jpg,0,0,3,1,1,1,4,4,1,2.142857143,2.317182644,2.144840669,63.7291060617767,6.51438477279039,100
1200,image_0525_blur_L4.jpg,0,0,4,1,1,1,4,4,1,2.285714286,2.450001491,2.205962951,57.2892886737363,6.2317995685202,100
1201,image_0526_blur_L2.jpg,0,0,2,1,1,1,3,4,1,1.857142857,2.010159936,1.890364805,62.161475253305,6.05116143906511,85.5795240921695
1202,image_0529_blur_L3.jpg,0,0,3,1,1,1,4,4,1,2.142857143,2.317182644,2.144840669,65.5229123708934,6.51267132712898,100
1203,image_0531_blur_L2.jpg,1,0,3,1,1,1,3,4,1,2,2.142978782,1.951487086,59.7190646455062,5.88147615236533,86.2587260788463
1204,image_0532_blur_L4.jpg,1,0,4,1,1,1,4,4,1,2.285714286,2.450001491,2.205962951,51.9157323935183,6.13904929400533,100
1205,image_0538_blur_L1.jpg,0,0,2,1,1,1,4,4,1,2,2.184363798,2.083718387,47.582913740107,4.64629059777162,64.4034157195996
1206,image_0542_blur_L3.jpg,0,0,4,1,1,1,4,4,1,2.285714286,2.450001491,2.205962951,54.1402350581057,6.2355549805717,100
1207,image_0546_blur_L3.jpg,0,0,4,1,1,1,4,4,1,2.285714286,2.450001491,2.205962951,54.2353721125284,6.19365867407608,100
1208,image_0546_blur_L4.jpg,0,0,4,1,1,1,4,4,1,2.285714286,2.450001491,2.205962951,48.856445930198,6.3627840015041,100
1209,image_0547_blur_L1.jpg,0,1,1,1,1,1,3,4,1,1.714285714,1.877341089,1.829242523,49.3773202439354,4.84696985222108,61.8116892354667
1210,image_0547_blur_L2.jpg,0,0,3,1,1,1,4,4,1,2.142857143,2.317182644,2.144840669,56.4427128789712,5.85891500628396,82.272891173487
1211,image_0547_blur_L3.jpg,0,0,4,1,1,1,4,4,1,2.285714286,2.450001491,2.205962951,52.8498952655174,6.18517719832627,100
1212,image_0551_blur_L4.jpg,1,0,4,1,1,1,4,4,1,2.285714286,2.450001491,2.205962951,48.9141704674922,6.28621397210008,100
1213,image_0552_blur_L3.jpg,1,0,4,1,1,1,4,4,1,2.285714286,2.450001491,2.205962951,55.1700890210001,6.06766607886823,100
1214,image_0555_blur_L1.jpg,1,0,2,1,1,2,3,4,1,2,2.180983052,2.023338542,45.5432129274516,4.39025400006313,52.3578204067527
1215,image_0560_blur_L1.jpg,0,0,1,1,1,1,3,4,1,1.714285714,1.877341089,1.829242523,52.9975438420692,4.96726286137908,63.2245200312424
1216,image_0560_blur_L2.jpg,0,0,2,1,1,1,3,4,1,1.857142857,2.010159936,1.890364805,55.5581414402655,6.37126646395289,88.0228325945386
1217,image_0561_blur_L1.jpg,0,0,1,1,1,1,1,2,1,1.142857143,1.176311122,1.147511786,41.8575395376568,6.47133171713758,44.8990972477879
1218,image_0562_blur_L2.jpg,0,0,2,1,1,1,3,4,1,1.857142857,2.010159936,1.890364805,56.3985383955567,6.14696325824402,83.2775912367092
1219,image_0565_blur_L2.jpg,0,0,2,2,1,2,3,4,1,2.142857143,2.305755278,2.18889539,59.4285852098317,6.38847974250712,86.3131872773862
1220,image_0566_blur_L4.jpg,1,0,4,1,1,1,4,4,1,2.285714286,2.450001491,2.205962951,50.1386090419111,6.42719560637725,100
1221,image_0567_blur_L3.jpg,1,0,4,1,1,1,4,4,1,2.285714286,2.450001491,2.205962951,55.7212917601998,6.58924624868149,100
1222,image_0568_blur_L3.jpg,0,0,4,1,1,2,4,4,1,2.428571429,2.620824607,2.338936688,53.2097404389262,6.67881980713454,100
1223,image_0571_blur_L2.jpg,0,0,3,1,1,1,4,4,1,2.142857143,2.317182644,2.144840669,59.2351320627321,5.90800727243863,86.490512001478
1224,image_0571_blur_L3.jpg,0,0,4,1,1,1,4,4,1,2.285714286,2.450001491,2.205962951,57.5040573442396,6.41759455690898,100
1225,image_0572_blur_L2.jpg,0,0,3,1,1,1,4,4,1,2.142857143,2.317182644,2.144840669,59.6632975865931,6.08339702605429,81.9784521943518
1226,image_0574_blur_L4.jpg,0,0,4,1,1,2,4,4,1,2.428571429,2.620824607,2.338936688,49.5705457167116,6.17906295231271,100
1227,image_0579_blur_L3.jpg,0,0,4,1,1,2,4,4,1,2.428571429,2.620824607,2.338936688,57.4543112491202,6.46908882921206,100
1228,image_0582_blur_L4.jpg,1,0,4,2,1,2,4,4,1,2.571428571,2.745596833,2.504493537,56.081500444261,6.22683886449319,100
1229,image_0586_blur_L4.jpg,0,0,4,1,1,2,4,4,1,2.428571429,2.620824607,2.338936688,51.7206257039658,6.37981089458873,100
1230,image_0587_blur_L1.jpg,0,1,1,1,1,2,3,4,1,1.857142857,2.048164206,1.96221626,49.416317142104,4.60699084495812,61.8415489209365
1231,image_0587_blur_L3.jpg,0,0,4,1,1,2,4,4,1,2.428571429,2.620824607,2.338936688,58.0252299398179,6.38301433883607,100
1232,image_0594_blur_L1.jpg,1,0,1,1,1,1,2,4,1,1.571428571,1.703137227,1.63588894,45.8437882924156,4.73011526723209,50.1746258193648
1233,image_0595_blur_L1.jpg,1,0,1,1,1,1,3,4,1,1.714285714,1.877341089,1.829242523,45.9108986781514,4.55958400054545,61.042138697374
1234,image_0600_blur_L3.jpg,0,0,3,1,1,1,3,4,1,2,2.142978782,1.951487086,64.7070098285545,6.72727748266405,100
1235,image_0602_blur_L1.jpg,0,1,1,1,1,1,2,3,1,1.428571429,1.526826105,1.488377154,41.5076807219383,6.24441173466569,58.9328357706806
1236,image_0605_blur_L3.jpg,0,0,3,1,1,1,3,4,1,2,2.142978782,1.951487086,66.6404731307363,6.54485222343727,100
1237,image_0607_blur_L2.jpg,0,0,2,1,1,1,3,4,1,1.857142857,2.010159936,1.890364805,60.5845082563585,6.45930440002007,86.8200800087472
1238,image_0608_blur_L2.jpg,0,0,2,1,1,1,2,4,1,1.714285714,1.835956074,1.697011222,58.2928857177187,6.71639518886544,84.2585193012373
1239,image_0608_blur_L3.jpg,0,0,3,1,1,1,3,4,1,2,2.142978782,1.951487086,64.7261683171721,6.82829562854301,100
1240,image_0608_blur_L4.jpg,0,0,3,1,1,1,4,4,1,2.142857143,2.317182644,2.144840669,63.7562497159726,6.41077274586045,100
1241,image_0609_blur_L3.jpg,0,0,3,1,1,1,4,4,1,2.142857143,2.317182644,2.144840669,64.5251501382837,6.69738480833711,100
1242,image_0609_blur_L4.jpg,0,0,4,1,1,1,4,4,1,2.285714286,2.450001491,2.205962951,58.2763629579819,6.24659253063658,100
1243,image_0618_blur_L2.jpg,0,0,2,1,1,1,3,4,1,1.857142857,2.010159936,1.890364805,59.2786904198408,6.63363422186237,85.5875139375835
1244,image_0626_blur_L2.jpg,0,0,2,1,1,1,3,4,1,1.857142857,2.010159936,1.890364805,60.0416664996908,6.51472712957426,85.6723808269482
1245,image_0629_blur_L1.jpg,0,1,1,1,1,1,2,4,1,1.571428571,1.703137227,1.63588894,52.7553342924641,5.45436825306402,73.0111328783944
1246,image_0630_blur_L2.jpg,0,0,2,1,1,1,3,4,1,1.857142857,2.010159936,1.890364805,61.7269040625433,5.90572338733153,82.6890257605947
1247,image_0632_blur_L1.jpg,0,1,1,1,1,1,2,4,1,1.571428571,1.703137227,1.63588894,54.0074763320576,5.31914317380988,72.7269946294217
1248,image_0636_blur_L4.jpg,0,0,4,1,1,1,4,4,1,2.285714286,2.450001491,2.205962951,60.9515679135165,6.27220893034878,100
1249,image_0637_blur_L4.jpg,0,0,4,1,1,1,4,4,1,2.285714286,2.450001491,2.205962951,62.2624102531259,6.25262281848828,100
1250,image_0639_blur_L2.jpg,0,0,2,1,1,1,3,4,1,1.857142857,2.010159936,1.890364805,59.8313167566672,6.19234423102196,83.2335453156911
1251,image_0640_blur_L2.jpg,0,0,2,1,1,1,3,4,1,1.857142857,2.010159936,1.890364805,60.7255104709887,6.04708293822274,84.7702247091318
1252,image_0641_blur_L1.jpg,1,0,1,3,1,1,2,4,1,1.857142857,1.952681679,1.967002636,48.0643741897733,4.75723773580535,61.7904488254425
1253,image_0642_blur_L1.jpg,1,1,1,1,1,1,2,4,1,1.571428571,1.703137227,1.63588894,45.8519858914063,4.8553761683064,56.8768266170252
1254,image_0644_blur_L3.jpg,1,0,3,1,1,1,4,4,1,2.142857143,2.317182644,2.144840669,67.3072163172043,6.35428105271475,100
1255,image_0645_blur_L4.jpg,0,0,4,1,1,1,4,4,1,2.285714286,2.450001491,2.205962951,61.315470109122,6.26189550213897,100
1256,image_0648_blur_L4.jpg,1,0,4,1,1,1,4,4,1,2.285714286,2.450001491,2.205962951,59.5370546389723,6.30409290483482,100
1257,image_0657_blur_L1.jpg,0,1,1,1,1,1,2,4,1,1.571428571,1.703137227,1.63588894,48.5588520805325,5.7825778129239,57.1094959861085
1258,image_0658_blur_L4.jpg,0,0,4,3,1,1,4,4,1,2.571428571,2.699545942,2.537076647,58.2229637743981,6.23639226299191,100
1259,image_0660_blur_L4.jpg,0,0,4,3,1,1,4,4,1,2.571428571,2.699545942,2.537076647,55.1857718711338,6.29604309314476,100
1260,image_0664_blur_L1.jpg,0,1,1,1,1,1,2,4,1,1.571428571,1.703137227,1.63588894,41.7593430577218,6.43276825065025,61.9184019523793
1261,image_0665_blur_L2.jpg,0,0,2,3,1,1,3,4,1,2.142857143,2.259704387,2.221478501,61.0787637075493,6.2907405415695,85.034787411055
1262,image_0667_blur_L2.jpg,0,0,2,1,1,1,3,4,1,1.857142857,2.010159936,1.890364805,60.5326389903196,6.34632638612501,83.700946389605
1263,image_0670_blur_L4.jpg,0,0,4,1,1,2,4,4,1,2.428571429,2.620824607,2.338936688,60.5003777679738,6.46444130252859,100
1264,image_0674_blur_L1.jpg,0,1,1,1,1,1,2,3,1,1.428571429,1.526826105,1.488377154,41.0391074992474,5.86763956258547,58.4701948198442
1265,image_0675_blur_L2.jpg,0,0,2,1,1,1,3,4,1,1.857142857,2.010159936,1.890364805,56.7696238315562,6.99834583254339,86.2070854790769
1266,image_0675_blur_L3.jpg,0,0,3,1,1,2,3,4,1,2.142857143,2.313801899,2.084460824,65.1990143983961,6.90429577730394,100
1267,image_0680_blur_L2.jpg,0,0,2,1,1,1,3,4,1,1.857142857,2.010159936,1.890364805,61.123324192564,6.1119168886492,86.3747410613071
1268,image_0681_blur_L4.jpg,0,0,4,1,1,1,4,4,1,2.285714286,2.450001491,2.205962951,52.498019781337,6.32257936274955,100
1269,image_0684_blur_L1.jpg,0,1,1,1,1,1,1,2,1,1.142857143,1.176311122,1.147511786,43.0047238528175,6.73426989281484,62.5154384072163
1270,image_0691_blur_L1.jpg,0,1,1,1,1,1,2,3,1,1.428571429,1.526826105,1.488377154,45.7746980218578,5.18577481686567,61.0373928883526
1271,image_0692_blur_L1.jpg,0,1,1,1,1,1,2,4,1,1.571428571,1.703137227,1.63588894,51.2216793810788,4.83388141011953,60.9370493816807
1272,image_0693_blur_L1.jpg,0,1,1,1,1,1,2,3,1,1.428571429,1.526826105,1.488377154,46.1936688972222,5.52901341853053,56.3815904013598
1273,image_0694_blur_L2.jpg,0,0,2,1,1,1,3,4,1,1.857142857,2.010159936,1.890364805,57.3660964726238,7.00103187198024,84.58736755714
1274,image_0695_blur_L1.jpg,0,1,1,1,1,1,2,3,1,1.428571429,1.526826105,1.488377154,41.9235245580561,6.67913677002881,64.6370818042588
1275,image_0698_blur_L1.jpg,0,1,1,1,1,1,2,3,1,1.428571429,1.526826105,1.488377154,45.5939659178047,5.56473593224036,56.2047102267632
1276,image_0698_blur_L2.jpg,0,0,2,1,1,1,3,4,1,1.857142857,2.010159936,1.890364805,58.1242186050642,6.52367313896977,85.4996783032479
1277,image_0698_blur_L3.jpg,0,0,3,1,1,2,3,4,1,2.142857143,2.313801899,2.084460824,66.0280949449524,6.72621887909009,100
1278,image_0698_blur_L4.jpg,0,0,4,1,1,2,4,4,1,2.428571429,2.620824607,2.338936688,61.1779483089268,6.22857336524411,100
1279,image_0699_blur_L1.jpg,0,1,1,1,1,1,2,4,1,1.571428571,1.703137227,1.63588894,45.6454934179711,6.10877710547315,55.4061870178923
1280,image_0702_blur_L2.jpg,1,0,2,1,1,1,3,4,1,1.857142857,2.010159936,1.890364805,61.6865161557001,6.16871745254049,85.1810684562917
1281,image_0708_blur_L3.jpg,0,0,4,1,1,1,4,4,1,2.285714286,2.450001491,2.205962951,59.2844554183977,6.4168405135831,100
1282,image_0715_blur_L3.jpg,1,0,4,1,1,1,4,4,1,2.285714286,2.450001491,2.205962951,62.5824311146028,6.46680048981075,100
1283,image_0717_blur_L1.jpg,0,1,1,1,1,1,2,4,1,1.571428571,1.703137227,1.63588894,45.4597622205293,5.95166580682911,74.1282204040241
1284,image_0733_blur_L2.jpg,0,0,2,1,1,1,3,4,1,1.857142857,2.010159936,1.890364805,57.8774494238857,6.69804258183062,85.2059964140451
1285,image_0733_blur_L3.jpg,0,0,3,1,1,1,3,4,1,2,2.142978782,1.951487086,65.0042485266221,6.73746751825102,100
1286,image_0741_blur_L2.jpg,0,0,3,1,1,1,4,4,1,2.142857143,2.317182644,2.144840669,55.704911532841,5.76718113701925,84.8308890473422
1287,image_0741_blur_L3.jpg,0,0,4,1,1,1,4,4,1,2.285714286,2.450001491,2.205962951,53.0122351664592,6.23990406047511,100
1288,image_0742_blur_L3.jpg,0,0,4,1,1,1,4,4,1,2.285714286,2.450001491,2.205962951,53.7905081534281,6.26136488978737,100
1289,image_0743_blur_L1.jpg,0,1,1,1,1,1,3,4,1,1.714285714,1.877341089,1.829242523,45.866912955089,4.4998190560738,60.6542448587062
1290,image_0747_blur_L4.jpg,0,0,4,1,1,1,4,4,1,2.285714286,2.450001491,2.205962951,57.2925287249896,6.26851146940168,100
1291,image_0749_blur_L4.jpg,0,0,4,1,1,1,4,4,1,2.285714286,2.450001491,2.205962951,60.2400871048637,6.3182971568296,100
1292,image_0750_blur_L1.jpg,0,1,1,1,1,1,2,4,1,1.571428571,1.703137227,1.63588894,46.6811793393734,4.9115871667752,57.1192256514849
1293,image_0750_blur_L3.jpg,0,0,3,1,1,1,4,4,1,2.142857143,2.317182644,2.144840669,62.4715446640653,6.57105055991095,100
1294,image_0753_blur_L2.jpg,0,0,2,1,1,1,3,4,1,1.857142857,2.010159936,1.890364805,56.8498625383964,5.96894472537354,82.0988638449221
1295,image_0757_blur_L2.jpg,0,0,2,1,1,1,3,4,1,1.857142857,2.010159936,1.890364805,57.345173937054,6.48868227402029,86.3744166831221
1296,image_0760_blur_L1.jpg,0,1,1,1,1,1,2,3,1,1.428571429,1.526826105,1.488377154,41.4564096510692,5.66542473406863,66.1421334634781
1297,image_0760_blur_L4.jpg,0,0,3,1,1,1,4,4,1,2.142857143,2.317182644,2.144840669,67.7703944710346,6.36497351717452,100
1298,image_0761_blur_L3.jpg,0,0,3,1,1,1,4,4,1,2.142857143,2.317182644,2.144840669,63.5672564228589,6.59893747857991,100
1299,image_0762_blur_L2.jpg,0,0,2,1,1,1,2,4,1,1.714285714,1.835956074,1.697011222,57.588197388368,6.7891239860602,86.7428094521626
1300,image_0765_blur_L2.jpg,0,0,2,1,1,1,3,4,1,1.857142857,2.010159936,1.890364805,61.4817458057829,5.95590476190266,78.6902262106365
1301,image_0765_blur_L3.jpg,0,0,3,1,1,1,4,4,1,2.142857143,2.317182644,2.144840669,66.7665836514041,6.63722628952476,100
1302,image_0767_blur_L1.jpg,0,1,1,1,1,1,2,2,1,1.285714286,1.350514984,1.340865369,42.6168386718227,6.07014779287368,65.7830823884508
1303,image_0768_blur_L2.jpg,0,0,2,1,1,1,3,4,1,1.857142857,2.010159936,1.890364805,59.3747387339454,6.29393207074824,87.0996019957927
1304,image_0773_blur_L1.jpg,0,1,1,1,1,1,2,2,1,1.285714286,1.350514984,1.340865369,41.9900123093407,6.16031037029277,61.3812499772289
1305,image_0777_blur_L3.jpg,0,0,3,1,1,2,3,4,1,2.142857143,2.313801899,2.084460824,67.0868160579423,6.66078336413583,100
1306,image_0791_blur_L2.jpg,0,0,2,1,1,1,3,4,1,1.857142857,2.010159936,1.890364805,58.1056427189474,6.62725493355568,85.4900337652218
1307,image_0792_blur_L2.jpg,0,0,2,1,1,1,3,4,1,1.857142857,2.010159936,1.890364805,57.5039251089962,6.91850536238895,85.4477294751784
1308,image_0793_blur_L2.jpg,0,0,2,1,1,1,3,4,1,1.857142857,2.010159936,1.890364805,58.5616932175298,6.77809335903212,86.8032424211624
1309,image_0794_blur_L1.jpg,0,1,1,1,1,1,2,3,1,1.428571429,1.526826105,1.488377154,42.8567092184954,6.25891415860079,61.0764079703035
1310,image_0803_blur_L1.jpg,0,1,1,1,1,1,2,4,1,1.571428571,1.703137227,1.63588894,42.1131069152671,6.26947580591226,59.118184962669
1311,image_0803_blur_L3.jpg,0,0,3,1,1,1,3,4,1,2,2.142978782,1.951487086,66.4148801388219,6.71532757756904,100
1312,image_0804_blur_L3.jpg,0,0,3,1,1,2,3,4,1,2.142857143,2.313801899,2.084460824,66.4633459920776,6.91564965062366,100
1313,image_0804_blur_L4.jpg,0,0,4,1,1,2,4,4,1,2.428571429,2.620824607,2.338936688,60.9629668314485,6.44854193918562,100
1314,image_0805_blur_L1.jpg,0,1,1,1,1,1,2,4,1,1.571428571,1.703137227,1.63588894,43.2480568348694,6.4735331563004,59.0375522505695
1315,image_0813_blur_L3.jpg,0,0,3,1,1,1,3,4,1,2,2.142978782,1.951487086,66.8870228227252,6.65192728535072,100
1316,image_0816_blur_L2.jpg,0,0,2,1,1,1,3,4,1,1.857142857,2.010159936,1.890364805,57.2446554199387,6.81259694576691,84.4533567774448
1317,image_0818_blur_L3.jpg,0,0,3,1,1,1,3,4,1,2,2.142978782,1.951487086,66.0681464270817,6.77203581096957,100
1318,image_0818_blur_L4.jpg,0,0,4,1,1,1,4,4,1,2.285714286,2.450001491,2.205962951,62.7533007458751,6.36637002481569,100
1319,image_0819_blur_L4.jpg,0,0,4,1,1,1,4,4,1,2.285714286,2.450001491,2.205962951,61.9418843448646,6.42723143850478,100
1320,image_0823_blur_L1.jpg,0,1,1,1,1,1,2,3,1,1.428571429,1.526826105,1.488377154,42.5940514296651,6.82365766692302,63.7946512592354
1321,image_0825_blur_L2.jpg,0,0,2,1,1,1,3,4,1,1.857142857,2.010159936,1.890364805,57.4789174977477,6.81789796086839,85.0459765771359
1322,image_0825_blur_L4.jpg,0,0,4,1,1,1,4,4,1,2.285714286,2.450001491,2.205962951,62.5293869964849,6.43638337523164,100
1323,image_0834_blur_L4.jpg,0,0,4,1,1,1,4,4,1,2.285714286,2.450001491,2.205962951,65.8875690926747,6.36615393610647,100
1324,image_0836_blur_L3.jpg,0,0,3,1,1,2,3,4,1,2.142857143,2.313801899,2.084460824,66.5207975762017,6.66569185378942,100
1325,image_0847_blur_L1.jpg,0,1,1,1,1,1,2,3,1,1.428571429,1.526826105,1.488377154,41.0701484104901,5.96718728153354,60.1296954785191
1326,image_0847_blur_L3.jpg,0,0,3,1,1,1,3,4,1,2,2.142978782,1.951487086,66.3504876804186,6.66969458708941,100
1327,image_0848_blur_L3.jpg,0,0,3,1,1,2,3,4,1,2.142857143,2.313801899,2.084460824,66.9645378731108,6.81347926947184,100
1328,image_0850_blur_L2.jpg,0,0,2,1,1,1,3,4,1,1.857142857,2.010159936,1.890364805,59.0909804638757,6.99738512126806,86.2415176189694
1329,image_0854_blur_L3.jpg,0,0,3,1,1,1,3,4,1,2,2.142978782,1.951487086,64.8315027364281,6.91493300792605,100
1330,image_0856_blur_L3.jpg,0,0,3,1,1,1,3,4,1,2,2.142978782,1.951487086,65.4151266002812,6.57113246423628,100
1331,image_0860_blur_L2.jpg,0,0,2,1,1,1,3,4,1,1.857142857,2.010159936,1.890364805,59.9223846040073,6.3090313987669,85.8404941872256
1332,image_0860_blur_L3.jpg,0,0,3,1,1,2,3,4,1,2.142857143,2.313801899,2.084460824,67.06109012654,6.70544321873094,100
1333,image_0861_blur_L1.jpg,0,1,1,1,1,1,2,3,1,1.428571429,1.526826105,1.488377154,42.4120824866189,6.39570066325812,57.7723055707749
1334,image_0862_blur_L1.jpg,0,1,1,1,1,1,2,3,1,1.428571429,1.526826105,1.488377154,40.7987862038352,6.38290098779409,56.242034983986
1335,image_0867_blur_L4.jpg,0,0,4,1,1,2,4,4,1,2.428571429,2.620824607,2.338936688,58.8568823428785,6.32877308426394,100
1336,image_0868_blur_L1.jpg,0,1,1,1,1,1,2,4,1,1.571428571,1.703137227,1.63588894,47.0592280050423,4.74594091084419,57.4359274176933
1337,image_0869_blur_L3.jpg,0,0,3,1,1,1,3,4,1,2,2.142978782,1.951487086,66.512912448671,6.78031484649534,100
1338,image_0871_blur_L2.jpg,0,0,2,1,1,1,3,4,1,1.857142857,2.010159936,1.890364805,60.63638727357,5.91065610701407,86.1188492067425
1339,image_0872_blur_L4.jpg,0,0,4,1,1,2,4,4,1,2.428571429,2.620824607,2.338936688,60.4503354892754,6.24062687912276,100
1340,image_0874_blur_L3.jpg,0,0,3,1,1,1,3,4,1,2,2.142978782,1.951487086,67.6912583241899,6.62699936251777,100
1341,image_0875_blur_L3.jpg,0,0,3,1,1,1,3,4,1,2,2.142978782,1.951487086,65.7207972121992,6.77388298084309,100
1342,image_0876_blur_L1.jpg,0,1,1,1,1,1,2,4,1,1.571428571,1.703137227,1.63588894,44.0248297351127,6.14653112697453,75.7202025723769
1343,image_0876_blur_L3.jpg,0,0,3,1,1,1,3,4,1,2,2.142978782,1.951487086,66.3983967565945,6.72287581701297,100
1344,image_0878_blur_L3.jpg,0,0,3,1,1,1,3,4,1,2,2.142978782,1.951487086,65.8820202213878,6.78766291506062,100
1345,image_0880_blur_L4.jpg,0,0,4,1,1,2,4,4,1,2.428571429,2.620824607,2.338936688,60.122353128088,6.30731535541385,100
1346,image_0881_blur_L3.jpg,0,0,3,1,1,1,3,4,1,2,2.142978782,1.951487086,67.3367527703881,6.64124271555844,100
1347,image_0881_blur_L4.jpg,0,0,4,1,1,2,4,4,1,2.428571429,2.620824607,2.338936688,59.470566711815,6.26636450601512,100
1348,image_0882_blur_L2.jpg,0,0,2,1,1,1,3,4,1,1.857142857,2.010159936,1.890364805,61.0707164395253,6.12327359340155,85.926921754917
1349,image_0883_blur_L2.jpg,0,0,2,1,1,1,3,4,1,1.857142857,2.010159936,1.890364805,59.5521328020509,6.68513888592061,85.0492839385585
1350,image_0884_blur_L4.jpg,0,0,4,1,1,1,4,4,1,2.285714286,2.450001491,2.205962951,63.4666114479366,6.30581071443841,100
1351,image_0886_blur_L3.jpg,0,0,3,1,1,1,3,4,1,2,2.142978782,1.951487086,67.5436432589068,6.63262677472528,100
1352,image_0886_blur_L4.jpg,0,0,4,1,1,1,4,4,1,2.285714286,2.450001491,2.205962951,62.2038200195277,6.33127133856629,100
1353,image_0888_blur_L3.jpg,0,0,3,1,1,1,4,4,1,2.142857143,2.317182644,2.144840669,65.6764523020372,6.57449733977802,100
1354,image_0889_blur_L2.jpg,0,0,2,1,1,1,3,4,1,1.857142857,2.010159936,1.890364805,60.3085609757626,6.37657284229282,88.1925225593435
1355,image_0889_blur_L4.jpg,0,0,4,1,1,2,4,4,1,2.428571429,2.620824607,2.338936688,53.1771301882031,6.45322180965563,100
1356,image_0891_blur_L4.jpg,0,0,4,1,1,2,4,4,1,2.428571429,2.620824607,2.338936688,59.8235502370222,6.41793281660583,100
1357,image_0899_blur_L2.jpg,0,0,2,1,1,1,3,4,1,1.857142857,2.010159936,1.890364805,58.945279310675,6.25952034614712,85.8937134119229
1358,image_0900_blur_L4.jpg,0,0,4,1,1,1,4,4,1,2.285714286,2.450001491,2.205962951,61.7470117290308,6.33624336925771,100
1359,image_0904_blur_L1.jpg,0,0,1,1,1,1,3,4,1,1.714285714,1.877341089,1.829242523,52.6035946469157,6.74969845592329,75.9008903721386
1360,image_0905_blur_L1.jpg,0,1,1,1,1,1,1,2,1,1.142857143,1.176311122,1.147511786,42.5719036085284,7.11654519132759,63.2801458824621
1361,image_0909_blur_L4.jpg,1,0,4,1,1,1,4,4,1,2.285714286,2.450001491,2.205962951,56.8293671632369,6.15746678170905,100
1362,image_0911_blur_L1.jpg,1,1,1,1,1,1,2,3,1,1.428571429,1.526826105,1.488377154,43.1189680490344,6.42643331360646,54.5631799808524
1363,image_0912_blur_L2.jpg,0,0,2,1,1,1,3,4,1,1.857142857,2.010159936,1.890364805,58.2789511820025,6.61164018990379,85.6736893270081
1364,image_0913_blur_L3.jpg,0,0,3,1,1,1,4,4,1,2.142857143,2.317182644,2.144840669,62.7235671295087,6.65401193155378,100
1365,image_0921_blur_L1.jpg,1,1,1,1,1,1,2,4,1,1.571428571,1.703137227,1.63588894,46.6510540020262,5.43329682426022,57.7553341527185
1366,image_0922_blur_L1.jpg,0,1,1,1,1,1,2,3,1,1.428571429,1.526826105,1.488377154,43.3738509507656,6.43618111340842,67.603138914731
1367,image_0924_blur_L1.jpg,1,1,1,1,1,1,2,4,1,1.571428571,1.703137227,1.63588894,49.7372274882333,5.11260876753597,59.639642011701
1368,image_0926_blur_L4.jpg,0,0,4,1,1,1,4,4,1,2.285714286,2.450001491,2.205962951,59.6075834955491,6.36127494782724,100
1369,image_0927_blur_L3.jpg,1,0,4,1,1,1,4,4,1,2.285714286,2.450001491,2.205962951,49.7968443925865,6.51163255103572,100
1370,image_0929_blur_L2.jpg,0,0,2,1,1,1,3,4,1,1.857142857,2.010159936,1.890364805,58.6603420369464,6.14437092433024,83.267118750713
1371,image_0934_blur_L2.jpg,0,0,2,1,1,1,3,4,1,1.857142857,2.010159936,1.890364805,61.6762176728398,6.17898450841013,85.6000733552135
1372,image_0934_blur_L4.jpg,0,0,4,1,1,1,4,4,1,2.285714286,2.450001491,2.205962951,51.5874643689074,6.34117724716981,100
1373,image_0936_blur_L4.jpg,1,0,4,1,1,1,4,4,1,2.285714286,2.450001491,2.205962951,51.5910948215788,6.39941035491827,100
1374,image_0937_blur_L2.jpg,0,0,2,1,1,1,3,4,1,1.857142857,2.010159936,1.890364805,58.9871333614223,5.98914837209401,84.3977360602305
1375,image_0947_blur_L2.jpg,0,0,2,1,1,1,3,4,1,1.857142857,2.010159936,1.890364805,58.4657694561105,6.4728582955386,83.8686313915984
1376,image_0948_blur_L3.jpg,0,0,3,1,1,1,3,4,1,2,2.142978782,1.951487086,64.5636835592563,6.49439299900485,100
1377,image_0958_blur_L4.jpg,1,0,4,1,1,1,4,4,1,2.285714286,2.450001491,2.205962951,48.4548812468078,6.49557790204979,100
1378,image_0960_blur_L2.jpg,0,0,2,1,1,1,3,4,1,1.857142857,2.010159936,1.890364805,57.8626515293764,6.66813680873964,85.1759002193362
1379,image_0962_blur_L1.jpg,0,1,1,1,1,1,2,4,1,1.571428571,1.703137227,1.63588894,40.950896293398,6.5133113298104,59.9394160017825
1380,image_0965_blur_L1.jpg,1,0,1,1,1,1,2,4,1,1.571428571,1.703137227,1.63588894,50.1646165211006,4.79822951454446,57.1215373708183
1381,image_0967_blur_L1.jpg,1,1,1,1,1,1,2,4,1,1.571428571,1.703137227,1.63588894,46.3118218099203,5.30831792916947,56.6817170020702
1382,image_0969_blur_L3.jpg,0,0,3,1,1,1,3,4,1,2,2.142978782,1.951487086,58.592772609043,6.70043671480469,100
1383,image_0970_blur_L3.jpg,0,0,3,1,1,1,3,4,1,2,2.142978782,1.951487086,58.4204700857495,6.73768107460311,100
1384,image_0970_blur_L4.jpg,0,0,3,1,1,1,4,4,1,2.142857143,2.317182644,2.144840669,66.903808215174,6.26952052176946,100
1385,image_0973_blur_L2.jpg,1,0,2,1,1,1,3,4,1,1.857142857,2.010159936,1.890364805,60.5117654495236,6.10192318485185,84.0187374847487
1386,image_0974_blur_L3.jpg,1,0,3,1,1,1,3,4,1,2,2.142978782,1.951487086,66.9247493435814,6.52154453574574,100
1387,image_0975_blur_L4.jpg,0,0,4,1,1,1,4,4,1,2.285714286,2.450001491,2.205962951,61.0028210346453,6.25693553359863,100
1388,image_0977_blur_L1.jpg,0,1,1,1,1,1,2,4,1,1.571428571,1.703137227,1.63588894,45.1619456416083,5.37229329942783,60.113367798079
1389,image_0977_blur_L2.jpg,0,0,2,1,1,1,3,4,1,1.857142857,2.010159936,1.890364805,60.356706765646,6.07126781447817,84.4299888813078
1390,image_0979_blur_L4.jpg,0,0,3,1,1,1,4,4,1,2.142857143,2.317182644,2.144840669,66.0252272086979,6.22182018249027,100
1391,image_0984_blur_L1.jpg,1,1,1,1,1,1,3,4,1,1.714285714,1.877341089,1.829242523,45.6663511622004,4.76897472874766,56.467913085347
1392,image_0988_blur_L2.jpg,0,0,2,1,1,1,3,4,1,1.857142857,2.010159936,1.890364805,58.4392775670274,6.30420576116201,83.2859053096082
1393,image_0001_brightness_L1.jpg,1,1,1,1,1,1,1,1,1,1,1,1,43.4581821581641,5.05799457808511,24.6122623482179
1394,image_0001_brightness_L4.jpg,1,0,1,4,1,3,1,3,1,2,2.068585155,2.057641591,33.0139987341474,4.58966007486203,47.0369832571827
1395,image_0006_brightness_L4.jpg,1,0,1,4,1,2,1,1,1,1.571428571,1.545139795,1.629644282,32.2839404089312,6.17106961155175,49.6298104046592
1396,image_0010_brightness_L4.jpg,0,0,1,4,1,2,1,4,1,2,2.07407316,2.072179639,30.2586319674382,2.87263749715697,41.2097160532315
1397,image_0022_brightness_L2.jpg,0,0,1,2,1,1,1,1,2,1.285714286,1.281340597,1.300929712,30.0625698500582,2.64622216834206,24.3955158607704
1398,image_0024_brightness_L1.jpg,0,1,1,1,1,1,1,1,1,1,1,1,43.4581948397266,4.34056575768968,27.1541933270228
1399,image_0025_brightness_L4.jpg,0,0,1,4,1,2,1,2,1,1.714285714,1.721450916,1.777156068,25.1936182705837,4.66347122866744,44.3103403189699
1400,image_0028_brightness_L4.jpg,0,0,1,4,1,3,1,3,1,2,2.068585155,2.057641591,35.8963728343859,3.75225187067281,46.4004026778132
1401,image_0041_brightness_L2.jpg,0,0,1,2,1,1,1,1,1,1.142857143,1.124772226,1.165556848,43.4581819815664,4.09213800463656,29.7966469318903
1402,image_0041_brightness_L4.jpg,0,0,1,4,1,2,1,2,1,1.714285714,1.721450916,1.777156068,36.6676340941038,4.67156207653155,49.5607915350349
1403,image_0047_brightness_L1.jpg,1,1,1,1,1,1,1,1,1,1,1,1,43.4581825279561,4.61542467875632,23.6720140511947
1404,image_0048_brightness_L1.jpg,0,1,1,2,1,1,1,1,1,1.142857143,1.124772226,1.165556848,43.4581819815664,5.05887125327538,26.5938174635031
1405,image_0050_brightness_L2.jpg,0,0,1,2,1,1,1,1,1,1.142857143,1.124772226,1.165556848,43.4581819815664,5.17478272623645,24.2246373502202
1406,image_0053_brightness_L2.jpg,0,0,1,2,1,1,1,1,1,1.142857143,1.124772226,1.165556848,43.4580244549893,4.11070331832987,21.2581431104607
1407,image_0055_brightness_L2.jpg,0,0,1,2,1,1,1,1,1,1.142857143,1.124772226,1.165556848,43.3371033863402,3.29086866007291,25.4650899665663
1408,image_0055_brightness_L4.jpg,0,0,1,4,1,3,1,4,1,2.142857143,2.244896277,2.205153377,36.0869191950448,3.81157648504,43.6746413277995
1409,image_0056_brightness_L2.jpg,1,0,1,2,1,1,1,1,1,1.142857143,1.124772226,1.165556848,35.9592362711552,3.20922609009365,15.045764020558
1410,image_0056_brightness_L3.jpg,1,0,1,3,1,1,1,3,1,1.571428571,1.602166695,1.626137268,13.4261948764369,2.38781822552608,29.6079002279155
1411,image_0057_brightness_L4.jpg,0,0,1,4,1,3,2,4,1,2.285714286,2.419100139,2.398506959,33.5660544725077,2.68922121215112,41.5414812927408
1412,image_0059_brightness_L4.jpg,0,0,1,4,1,3,2,4,1,2.285714286,2.419100139,2.398506959,30.4096250648027,2.76357907631604,46.6984370351652
1413,image_0064_brightness_L3.jpg,0,0,1,3,1,1,1,1,1,1.285714286,1.249544452,1.331113697,43.4582004795474,4.70198764132737,34.9455622724217
1414,image_0068_brightness_L1.jpg,1,1,1,1,1,1,1,1,1,1,1,1,43.2774307315469,3.60853559252973,20.887194483602
1415,image_0068_brightness_L2.jpg,1,0,1,2,1,1,1,1,1,1.142857143,1.124772226,1.165556848,43.2358425304014,3.32529704170485,22.753157316318
1416,image_0071_brightness_L3.jpg,0,0,1,3,1,1,1,1,1,1.285714286,1.249544452,1.331113697,43.4581875829275,4.77349373232947,35.0014382813058
1417,image_0080_brightness_L2.jpg,0,0,1,2,2,1,1,1,2,1.428571429,1.345843053,1.465038612,34.2446557917196,3.76508552554037,38.3058363160372
1418,image_0082_brightness_L3.jpg,0,0,1,3,1,1,1,1,1,1.285714286,1.249544452,1.331113697,28.8306175503829,2.75867374595577,33.394505392291
1419,image_0083_brightness_L1.jpg,0,1,1,1,1,1,1,1,1,1,1,1,40.1771283080619,3.02368305645212,19.7298231013462
1420,image_0083_brightness_L2.jpg,0,0,1,2,1,1,1,1,1,1.142857143,1.124772226,1.165556848,33.9020728516808,2.72145374605227,22.1203212793625
1421,image_0087_brightness_L4.jpg,0,0,1,4,1,2,1,1,1,1.571428571,1.545139795,1.629644282,43.4581844498132,6.16192093528746,47.1071240589495
1422,image_0090_brightness_L1.jpg,0,1,1,1,1,1,1,1,1,1,1,1,43.4582868956447,3.03561209436456,25.2409479526819
1423,image_0094_brightness_L2.jpg,0,0,1,2,1,1,1,1,1,1.142857143,1.124772226,1.165556848,33.3612920852877,2.84858157625852,21.9409577958985
1424,image_0095_brightness_L3.jpg,0,0,1,3,1,1,1,1,1,1.285714286,1.249544452,1.331113697,34.6403571354198,2.75890458683714,30.9068755181654
1425,image_0097_brightness_L4.jpg,0,0,1,4,1,3,1,4,1,2.142857143,2.244896277,2.205153377,33.219382414303,2.76198234538214,36.7302739317964
1426,image_0104_brightness_L2.jpg,0,0,1,2,1,1,1,1,1,1.142857143,1.124772226,1.165556848,43.4581819815664,5.23576850312014,31.6449312487677
1427,image_0104_brightness_L3.jpg,0,0,1,3,1,1,1,1,1,1.285714286,1.249544452,1.331113697,43.4581871344113,5.56362821618877,36.8831676316205
1428,image_0105_brightness_L2.jpg,0,0,1,2,1,1,1,1,1,1.142857143,1.124772226,1.165556848,38.8957188256882,3.07389960619092,32.7986516434004
1429,image_0107_brightness_L2.jpg,0,0,1,2,1,1,1,1,1,1.142857143,1.124772226,1.165556848,37.2871402227599,3.08063645487105,20.2524563190756
1430,image_0108_brightness_L1.jpg,0,1,1,1,1,1,1,1,1,1,1,1,30.1822841411232,3.31692840288653,19.7042190227409
1431,image_0109_brightness_L1.jpg,0,0,1,1,1,1,1,1,1,1,1,1,31.1858249930397,3.51706893329009,17.5223566827904
1432,image_0110_brightness_L3.jpg,0,0,1,3,1,1,1,1,1,1.285714286,1.249544452,1.331113697,30.5855192673846,2.73225721898946,30.6110597039517
1433,image_0112_brightness_L4.jpg,1,0,1,4,1,3,2,4,1,2.285714286,2.419100139,2.398506959,28.9614735095352,2.84809901411036,38.8666846913087
1434,image_0115_brightness_L1.jpg,0,1,1,1,2,1,1,1,1,1.142857143,1.064502456,1.1641089,43.4581819836906,5.61845083317301,39.3412436346777
1435,image_0115_brightness_L3.jpg,0,0,1,3,2,1,1,1,1,1.428571429,1.314046907,1.495222596,43.4581856289556,5.20455457659042,44.019950145835
1436,image_0116_brightness_L3.jpg,1,0,1,3,1,1,1,1,1,1.285714286,1.249544452,1.331113697,36.0359706409838,3.50743277672805,38.0906817112142
1437,image_0117_brightness_L4.jpg,1,0,1,4,1,3,3,4,1,2.428571429,2.593304001,2.591860542,37.6316586193987,3.73705715248189,52.5893101254022
1438,image_0121_brightness_L3.jpg,0,0,1,3,1,1,1,1,1,1.285714286,1.249544452,1.331113697,43.4581819815664,5.21422349441394,31.5967062597965
1439,image_0122_brightness_L2.jpg,1,0,1,2,1,1,1,1,1,1.142857143,1.124772226,1.165556848,43.4581819815662,3.97713272867916,26.4476460374459
1440,image_0127_brightness_L3.jpg,0,0,1,4,1,1,1,1,1,1.428571429,1.374316678,1.496670545,36.3817525407331,4.33605636334219,41.5332724397013
1441,image_0128_brightness_L2.jpg,1,0,1,2,1,1,1,1,1,1.142857143,1.124772226,1.165556848,43.458509456047,5.03206154782538,38.7840607879389
1442,image_0136_brightness_L3.jpg,0,0,1,3,1,1,1,1,1,1.285714286,1.249544452,1.331113697,43.4581819815664,5.44410166371651,21.0209039357193
1443,image_0138_brightness_L2.jpg,0,0,1,2,1,1,1,1,1,1.142857143,1.124772226,1.165556848,43.4581819815664,4.09408900400632,26.0890687998549
1444,image_0148_brightness_L4.jpg,1,0,1,4,1,3,3,4,1,2.428571429,2.593304001,2.591860542,42.2171090003403,4.18791216912588,60.4101900560477
1445,image_0150_brightness_L4.jpg,0,0,1,4,1,3,2,4,1,2.285714286,2.419100139,2.398506959,28.247232483123,4.00521102262968,51.1863128909696
1446,image_0151_brightness_L4.jpg,0,0,1,4,1,3,1,2,1,1.857142857,1.892274033,1.910129805,24.3437325456575,4.97626718168799,45.8448743629316
1447,image_0152_brightness_L1.jpg,0,1,1,2,2,1,1,1,1,1.285714286,1.189274682,1.329665748,43.4581820033402,7.44924771407014,43.3455879412683
1448,image_0153_brightness_L4.jpg,0,0,1,4,1,3,1,3,1,2,2.068585155,2.057641591,22.6648252209807,5.00132720076003,46.4860723948117
1449,image_0157_brightness_L2.jpg,0,0,1,2,1,1,1,1,1,1.142857143,1.124772226,1.165556848,43.459725413468,4.4283005633309,38.1274621589223
1450,image_0160_brightness_L1.jpg,0,1,1,1,1,1,1,1,1,1,1,1,43.4581819815664,6.50045066762838,34.8257371355148
1451,image_0163_brightness_L2.jpg,0,0,1,2,1,1,1,1,1,1.142857143,1.124772226,1.165556848,43.4581819826219,4.37781449772238,28.3397303402831
1452,image_0165_brightness_L2.jpg,1,0,1,2,1,1,1,1,1,1.142857143,1.124772226,1.165556848,43.4457286300964,3.93479320195697,36.5819544011703
1453,image_0166_brightness_L2.jpg,0,0,1,2,1,1,1,1,1,1.142857143,1.124772226,1.165556848,43.4581784185901,4.05480818826237,27.0752615010165
1454,image_0176_brightness_L4.jpg,1,0,1,4,1,3,1,4,1,2.142857143,2.244896277,2.205153377,36.1567298537801,3.12431949949878,34.6313314601186
1455,image_0179_brightness_L4.jpg,0,0,1,4,1,2,1,2,1,1.714285714,1.721450916,1.777156068,29.5435038948557,4.95153087988434,39.0306839189982
1456,image_0182_brightness_L3.jpg,0,0,1,3,1,1,1,1,1,1.285714286,1.249544452,1.331113697,36.7606467532048,5.84504833784696,44.8654868667131
1457,image_0188_brightness_L2.jpg,1,0,1,2,1,1,1,1,2,1.285714286,1.281340597,1.300929712,43.4581821138849,3.70772301382812,21.9751430181058
1458,image_0189_brightness_L4.jpg,0,0,1,4,1,2,1,1,1,1.571428571,1.545139795,1.629644282,32.703638429244,5.80241231591989,44.8535054317346
1459,image_0190_brightness_L1.jpg,1,1,1,1,1,1,1,1,1,1,1,1,43.4565085007112,3.82637348643559,14.656989433294
1460,image_0191_brightness_L2.jpg,0,0,1,2,1,1,1,1,1,1.142857143,1.124772226,1.165556848,43.3807588208284,3.53163234432673,26.4037384943651
1461,image_0193_brightness_L2.jpg,0,0,1,2,1,1,1,1,2,1.285714286,1.281340597,1.300929712,43.4581869153318,4.37453968605214,36.4979376125589
1462,image_0197_brightness_L3.jpg,0,0,1,3,1,1,1,1,1,1.285714286,1.249544452,1.331113697,43.4581819815665,4.70057141993054,20.4591642734012
1463,image_0197_brightness_L4.jpg,0,0,1,4,1,2,1,2,1,1.714285714,1.721450916,1.777156068,34.39725605628,4.79443015729823,27.2365280648918
1464,image_0199_brightness_L3.jpg,1,0,1,3,1,1,1,4,1,1.714285714,1.778477817,1.773649054,14.4507306451113,2.52511181459692,21.8147532581993
1465,image_0200_brightness_L1.jpg,0,1,1,1,1,1,1,1,1,1,1,1,25.225793029448,2.81697184857705,13.0106960906179
1466,image_0206_brightness_L3.jpg,0,0,1,3,1,1,1,1,1,1.285714286,1.249544452,1.331113697,20.0512088133352,2.91664544417516,23.9881160069336
1467,image_0211_brightness_L2.jpg,0,0,1,2,1,1,1,1,1,1.142857143,1.124772226,1.165556848,23.6185888329778,2.76777268482788,20.1250690549988
1468,image_0213_brightness_L2.jpg,0,0,1,2,1,1,1,1,1,1.142857143,1.124772226,1.165556848,43.4564055285374,3.33944994650207,33.4194385798655
1469,image_0213_brightness_L3.jpg,0,0,1,3,1,1,1,1,1,1.285714286,1.249544452,1.331113697,43.4593108573928,3.85944350030659,31.4808975255737
1470,image_0214_brightness_L4.jpg,0,0,1,3,1,2,1,2,1,1.571428571,1.59667869,1.61159922,43.4608232265801,6.25604785203448,38.7900760827155
1471,image_0215_brightness_L4.jpg,0,0,1,3,1,2,2,4,1,2,2.123504796,2.099976374,47.1768333336675,3.60178276323172,32.7161098521904
1472,image_0221_brightness_L1.jpg,0,1,1,2,1,1,1,1,1,1.142857143,1.124772226,1.165556848,19.5034026703133,2.99810987931339,22.5682652100692
1473,image_0221_brightness_L3.jpg,0,0,1,3,1,1,1,1,1,1.285714286,1.249544452,1.331113697,23.0523362130793,2.85153049746282,24.8106620104005
1474,image_0222_brightness_L2.jpg,0,0,1,2,1,1,1,1,2,1.285714286,1.281340597,1.300929712,43.4581909137805,3.56027112212011,27.6567280496448
1475,image_0226_brightness_L3.jpg,0,0,1,3,1,1,1,1,1,1.285714286,1.249544452,1.331113697,43.4547310601183,4.0717434285068,16.5739524161485
1476,image_0228_brightness_L1.jpg,0,1,1,2,1,1,1,1,1,1.142857143,1.124772226,1.165556848,18.257418178762,3.74172599435884,17.2286559054619
1477,image_0228_brightness_L3.jpg,0,0,1,3,1,1,1,1,1,1.285714286,1.249544452,1.331113697,18.9346814626165,3.51802364286951,19.5184199313417
1478,image_0230_brightness_L3.jpg,1,0,1,3,1,1,1,1,1,1.285714286,1.249544452,1.331113697,23.2894019232394,3.95563892159495,29.5649909937433
1479,image_0231_brightness_L3.jpg,1,0,1,3,1,1,1,1,1,1.285714286,1.249544452,1.331113697,20.6956084175816,4.27784687283082,27.906312763733
1480,image_0232_brightness_L1.jpg,1,1,1,1,1,1,1,1,1,1,1,1,43.4581819815664,6.09300535833939,21.7498178093161
1481,image_0232_brightness_L4.jpg,1,0,1,4,1,2,1,3,1,1.857142857,1.897762038,1.924667854,38.4249872850792,4.40215161600765,41.5281220598389
1482,image_0236_brightness_L3.jpg,0,0,1,3,1,1,1,1,1,1.285714286,1.249544452,1.331113697,28.9654757755063,4.29167114771119,29.5009325015272
1483,image_0240_brightness_L2.jpg,0,0,1,2,1,1,1,1,1,1.142857143,1.124772226,1.165556848,43.4581819815664,5.43899171730289,28.1545780896755
1484,image_0243_brightness_L3.jpg,0,0,1,3,1,1,1,1,1,1.285714286,1.249544452,1.331113697,43.2679218242746,4.54817546264427,25.2847644566695
1485,image_0245_brightness_L1.jpg,0,1,1,1,1,1,1,1,1,1,1,1,43.4581819815664,6.28223214622378,23.3409062993588
1486,image_0246_brightness_L3.jpg,0,0,1,3,1,1,1,1,1,1.285714286,1.249544452,1.331113697,43.4581820414974,5.1077228172444,30.1803348754053
1487,image_0247_brightness_L3.jpg,0,0,1,3,1,1,1,1,1,1.285714286,1.249544452,1.331113697,43.4593180736184,4.7286878983527,40.2182414159992
1488,image_0248_brightness_L4.jpg,1,0,1,4,1,2,1,2,1,1.714285714,1.721450916,1.777156068,36.6688183933467,4.75419505420335,47.9998976623087
1489,image_0250_brightness_L1.jpg,0,0,1,1,1,1,1,1,1,1,1,1,43.4581819815664,6.2355608796705,25.9462792863743
1490,image_0250_brightness_L3.jpg,0,0,1,3,1,1,1,1,1,1.285714286,1.249544452,1.331113697,43.4581819815664,5.11436139759636,36.7173541721133
1491,image_0251_brightness_L1.jpg,0,0,1,1,1,1,1,1,1,1,1,1,43.4581819815664,5.91213876100615,25.3886277869028
1492,image_0252_brightness_L4.jpg,1,0,1,4,1,3,2,4,1,2.285714286,2.419100139,2.398506959,36.6719041234451,3.70910133540279,54.367018417299
1493,image_0253_brightness_L3.jpg,0,0,1,3,1,1,1,1,1,1.285714286,1.249544452,1.331113697,39.7570784509075,4.20932308102311,30.1953385753805
1494,image_0257_brightness_L2.jpg,1,0,1,2,1,1,1,1,1,1.142857143,1.124772226,1.165556848,43.458181981567,4.35678284606724,26.4126240788677
1495,image_0258_brightness_L3.jpg,0,0,1,3,1,1,1,1,1,1.285714286,1.249544452,1.331113697,40.1098241938406,4.23890634223106,36.5262538629853
1496,image_0261_brightness_L2.jpg,1,0,1,2,1,1,1,1,1,1.142857143,1.124772226,1.165556848,41.5646768816818,3.92449011137217,16.0607093134825
1497,image_0262_brightness_L3.jpg,0,0,1,3,1,1,1,1,1,1.285714286,1.249544452,1.331113697,43.458182098465,4.66959196948851,34.6411030998513
1498,image_0263_brightness_L2.jpg,0,0,1,1,1,1,1,1,1,1,1,1,25.9888335710785,4.14058761541031,20.196825087045
1499,image_0265_brightness_L1.jpg,0,0,1,1,1,1,1,1,1,1,1,1,38.4102186659041,3.81890575944884,17.8181603815334
1500,image_0266_brightness_L2.jpg,1,0,1,2,1,1,1,1,1,1.142857143,1.124772226,1.165556848,43.4581820380166,4.7778896225711,23.7675293183637
1501,image_0269_brightness_L4.jpg,0,0,1,4,1,2,1,3,1,1.857142857,1.897762038,1.924667854,34.5651743601107,4.66648378421785,52.5192175466956
1502,image_0272_brightness_L4.jpg,0,0,1,4,1,3,2,4,1,2.285714286,2.419100139,2.398506959,37.1314291420931,4.42315475901842,53.0464828990782
1503,image_0276_brightness_L1.jpg,0,1,1,1,1,1,1,1,1,1,1,1,43.4581819840385,4.78923599308107,20.4489861436663
1504,image_0280_brightness_L3.jpg,0,0,1,3,1,1,1,1,1,1.285714286,1.249544452,1.331113697,29.7397892949875,4.35225916368811,32.3733308909842
1505,image_0280_brightness_L4.jpg,0,0,1,4,1,3,2,4,1,2.285714286,2.419100139,2.398506959,40.1150113908002,4.70533141705136,47.2597660184096
1506,image_0283_brightness_L1.jpg,0,1,1,1,1,1,1,1,1,1,1,1,43.4581819823523,5.59328448547584,23.0727394105856
1507,image_0284_brightness_L1.jpg,0,1,1,1,1,1,1,1,1,1,1,1,43.4581820692074,5.23082696550619,23.6877381913622
1508,image_0285_brightness_L1.jpg,0,0,1,1,1,1,1,1,1,1,1,1,43.4581835200021,4.20152979919961,21.4434115990708
1509,image_0285_brightness_L4.jpg,0,0,1,4,1,3,1,4,1,2.142857143,2.244896277,2.205153377,38.4680920288135,4.36391576004249,39.4608707821297
1510,image_0286_brightness_L3.jpg,0,0,1,3,1,1,1,1,1,1.285714286,1.249544452,1.331113697,34.648334595454,4.69627376146746,23.7768987954448
1511,image_0286_brightness_L4.jpg,0,0,1,4,1,3,1,3,1,2,2.068585155,2.057641591,31.2533725352546,4.6599210167282,42.5639641240308
1512,image_0290_brightness_L2.jpg,1,0,1,2,1,1,1,2,1,1.285714286,1.301083348,1.313068634,41.3442729662542,3.70218411162834,21.0692401764312
1513,image_0290_brightness_L3.jpg,1,0,1,3,1,1,1,3,1,1.571428571,1.602166695,1.626137268,32.7328815787768,3.88722333115561,36.2750796486327
1514,image_0291_brightness_L3.jpg,1,0,1,3,1,1,1,1,1,1.285714286,1.249544452,1.331113697,42.7127007156864,3.82783757577743,37.0646609104427
1515,image_0294_brightness_L2.jpg,0,0,1,1,1,1,1,1,1,1,1,1,42.5226790810099,3.86897807570706,21.9245197651871
1516,image_0297_brightness_L3.jpg,0,0,1,3,1,1,1,1,1,1.285714286,1.249544452,1.331113697,35.340610214271,3.65696925932568,35.2166112930496
1517,image_0298_brightness_L3.jpg,0,0,1,4,1,1,1,1,1,1.428571429,1.374316678,1.496670545,31.1463993594612,4.34597082758311,38.2436856753253
1518,image_0299_brightness_L2.jpg,0,0,1,1,1,1,1,1,1,1,1,1,43.4581819815664,4.41749619285177,24.9445027677782
1519,image_0303_brightness_L3.jpg,1,0,1,3,1,1,1,1,1,1.285714286,1.249544452,1.331113697,30.0434281552559,4.36652289065544,37.463761888227
1520,image_0304_brightness_L1.jpg,1,1,1,1,1,1,1,1,1,1,1,1,43.4581819815664,5.03709590700593,26.7192411240683
1521,image_0306_brightness_L3.jpg,0,0,1,3,1,1,1,2,1,1.428571429,1.425855574,1.478625482,34.5152768422007,4.27636449236577,38.0709126076794
1522,image_0308_brightness_L2.jpg,1,0,1,2,1,1,1,2,2,1.428571429,1.457651719,1.448441498,40.1564804340787,3.71354566579796,39.7532832652928
1523,image_0319_brightness_L1.jpg,0,1,1,1,1,1,1,1,1,1,1,1,41.5164672331568,3.81926088081572,14.4941969813423
1524,image_0321_brightness_L4.jpg,1,0,1,4,1,3,3,4,1,2.428571429,2.593304001,2.591860542,32.4298808098601,2.50672663213769,44.3660379608979
1525,image_0322_brightness_L3.jpg,0,0,1,3,1,1,1,1,1,1.285714286,1.249544452,1.331113697,37.1134890408602,3.93859883600356,33.4289324156117
1526,image_0325_brightness_L1.jpg,0,1,1,1,1,1,1,1,1,1,1,1,21.4541908161267,3.49228214432951,15.4529428289312
1527,image_0325_brightness_L4.jpg,0,0,1,4,1,3,2,4,1,2.285714286,2.419100139,2.398506959,29.3072704230369,3.64680911026357,40.4983887623998
1528,image_0330_brightness_L1.jpg,0,1,1,1,1,1,1,1,1,1,1,1,21.568355919189,3.38297635348898,18.9102407943682
1529,image_0331_brightness_L2.jpg,0,0,1,2,1,1,1,1,1,1.142857143,1.124772226,1.165556848,36.272499043995,3.08660942096488,33.1743825508782
1530,image_0334_brightness_L2.jpg,1,0,1,2,1,1,1,1,1,1.142857143,1.124772226,1.165556848,43.4581819815664,5.67393940028522,32.3753075706673
1531,image_0334_brightness_L3.jpg,1,0,1,3,1,1,1,1,1,1.285714286,1.249544452,1.331113697,43.4581831362062,5.00367023074314,38.5263549065163
1532,image_0336_brightness_L3.jpg,1,0,1,3,1,1,1,1,1,1.285714286,1.249544452,1.331113697,41.3672498877059,3.94886353929234,38.1533501595327
1533,image_0338_brightness_L2.jpg,1,0,1,2,1,1,2,4,2,1.857142857,1.984477824,1.936818652,36.1240680230642,3.34577642463149,31.0117439682869
1534,image_0339_brightness_L1.jpg,0,1,1,1,1,1,1,1,1,1,1,1,43.2963749816151,3.28944269071353,24.9779541794884
1535,image_0343_brightness_L3.jpg,0,0,1,3,1,1,1,1,1,1.285714286,1.249544452,1.331113697,26.937833271687,3.93955651046737,31.7439083472705
1536,image_0350_brightness_L4.jpg,0,0,1,4,1,2,1,4,1,2,2.07407316,2.072179639,42.8907671481356,5.41617943377663,51.2104305240861
1537,image_0352_brightness_L2.jpg,0,0,1,1,1,1,1,1,1,1,1,1,43.4581982649946,4.00612179779793,25.6397358370573
1538,image_0352_brightness_L4.jpg,0,0,1,4,1,3,1,4,1,2.142857143,2.244896277,2.205153377,35.0192094762967,4.94073258723829,50.6659505755768
1539,image_0353_brightness_L1.jpg,0,1,1,1,1,1,1,1,1,1,1,1,43.4581777153577,4.68323428833155,21.4853386645572
1540,image_0353_brightness_L3.jpg,0,0,1,3,1,1,1,1,1,1.285714286,1.249544452,1.331113697,24.2841665255044,3.86694257856192,36.1764655361971
1541,image_0354_brightness_L1.jpg,0,1,1,1,1,1,1,1,1,1,1,1,43.4581819816275,5.15789043787512,22.7520879735707
1542,image_0361_brightness_L2.jpg,0,0,1,2,1,1,1,3,1,1.428571429,1.477394469,1.46058042,31.2083808783119,2.85811050007628,20.2038886694576
1543,image_0363_brightness_L4.jpg,0,0,1,4,1,3,1,4,1,2.142857143,2.244896277,2.205153377,34.8362318046465,4.55021114655872,45.7130501298741
1544,image_0365_brightness_L3.jpg,0,0,1,3,1,1,1,1,1,1.285714286,1.249544452,1.331113697,43.4573481139522,4.77092867647175,33.8563031570379
1545,image_0369_brightness_L1.jpg,1,0,1,1,1,1,1,1,1,1,1,1,38.5061903424037,4.64411714473284,17.7068083405316
1546,image_0369_brightness_L4.jpg,1,0,1,4,1,2,2,4,1,2.142857143,2.248277022,2.265533222,33.132786934871,3.856343006335,55.203255721714
1547,image_0372_brightness_L3.jpg,1,0,1,3,1,1,1,1,1,1.285714286,1.249544452,1.331113697,43.4581897846723,4.67741138353476,31.7550977221404
1548,image_0373_brightness_L3.jpg,1,0,1,3,1,2,1,1,1,1.428571429,1.420367569,1.464087434,43.4582083370668,4.87825057221183,30.8780451208272
1549,image_0374_brightness_L3.jpg,0,0,1,3,1,1,1,1,1,1.285714286,1.249544452,1.331113697,14.8111637752031,3.72533588375322,36.906443311989
1550,image_0375_brightness_L3.jpg,0,0,1,3,1,1,1,2,1,1.428571429,1.425855574,1.478625482,31.8872486083532,3.71663798718665,33.3243578364897
1551,image_0386_brightness_L4.jpg,0,0,1,4,1,3,1,4,1,2.142857143,2.244896277,2.205153377,40.4557273364279,3.92951078198625,37.6259441229984
1552,image_0389_brightness_L2.jpg,1,0,1,2,1,1,1,2,2,1.428571429,1.457651719,1.448441498,25.4720601944455,3.7381138235304,22.5268342610255
1553,image_0390_brightness_L1.jpg,1,1,1,1,1,1,1,1,1,1,1,1,42.521818105748,3.29873077282437,18.2814552347454
1554,image_0390_brightness_L4.jpg,1,0,1,4,1,3,2,4,1,2.285714286,2.419100139,2.398506959,36.6076047781221,3.38238862194651,40.4208473332344
1555,image_0392_brightness_L1.jpg,0,0,1,1,1,1,1,4,1,1.428571429,1.528933365,1.442535357,16.8876930352064,4.60558818778593,11.3464188029848
1556,image_0401_brightness_L1.jpg,0,1,1,2,1,1,1,2,1,1.285714286,1.301083348,1.313068634,40.2199452131396,2.67105883517639,16.1448302670518
1557,image_0404_brightness_L2.jpg,0,0,1,2,1,1,1,1,1,1.142857143,1.124772226,1.165556848,38.9400091087254,3.09862143989896,19.5695042131995
1558,image_0409_brightness_L1.jpg,0,0,1,1,1,1,1,1,1,1,1,1,41.6150551536167,4.84631361950971,23.2518878446059
1559,image_0410_brightness_L1.jpg,0,0,1,1,1,1,1,1,1,1,1,1,42.7456569930687,3.26543030522997,18.8372043986788
1560,image_0410_brightness_L2.jpg,0,0,1,2,1,1,1,1,1,1.142857143,1.124772226,1.165556848,41.9203689255247,3.02354084538132,19.858384580551
1561,image_0413_brightness_L1.jpg,0,0,1,1,1,1,1,3,1,1.285714286,1.352622243,1.295023571,11.5025492400504,2.52938734356921,16.8173028501933
1562,image_0415_brightness_L4.jpg,1,0,1,4,1,3,3,4,1,2.428571429,2.593304001,2.591860542,36.3451230761083,3.22970824197,43.252952956534
1563,image_0416_brightness_L4.jpg,0,0,1,4,1,2,2,4,1,2.142857143,2.248277022,2.265533222,33.3930014856488,3.90348370379044,39.2655142264224
1564,image_0423_brightness_L1.jpg,0,0,1,2,1,1,1,2,1,1.285714286,1.301083348,1.313068634,22.7306593091279,5.16350386051796,21.818272085416
1565,image_0423_brightness_L2.jpg,0,0,1,2,1,1,1,3,2,1.571428571,1.633962841,1.595953284,10.7836360132975,4.23093259529814,23.1572935686674
1566,image_0426_brightness_L2.jpg,0,0,1,2,1,1,1,3,1,1.428571429,1.477394469,1.46058042,17.0340271949681,4.00793679713662,24.6507523164565
1567,image_0427_brightness_L3.jpg,0,0,1,3,1,1,1,2,1,1.428571429,1.425855574,1.478625482,43.9104858729864,3.75918158867173,39.2852148169335
1568,image_0428_brightness_L3.jpg,1,0,1,3,1,1,1,3,1,1.571428571,1.602166695,1.626137268,42.0368450572399,3.71506039793747,36.6621258070337
1569,image_0430_brightness_L1.jpg,1,0,1,1,1,1,1,1,1,1,1,1,21.2879906692993,5.25807945375918,19.0229688912363
1570,image_0441_brightness_L2.jpg,0,0,1,2,1,1,1,1,2,1.285714286,1.281340597,1.300929712,35.1138811808675,3.9516980758192,25.7703222921672
1571,image_0441_brightness_L3.jpg,0,0,1,3,1,1,1,1,1,1.285714286,1.249544452,1.331113697,31.1237828623497,4.38201732531068,28.3584562670334
1572,image_0442_brightness_L4.jpg,0,0,1,4,1,3,1,4,1,2.142857143,2.244896277,2.205153377,33.4568237699622,4.38533668093625,41.3841790770558
1573,image_0443_brightness_L4.jpg,0,0,1,4,1,3,3,4,1,2.428571429,2.593304001,2.591860542,44.4973121059295,2.94735971405833,46.9365854342073
1574,image_0447_brightness_L3.jpg,0,0,1,3,1,1,1,2,1,1.428571429,1.425855574,1.478625482,42.6402381684142,4.6363020493984,40.7604672434786
1575,image_0448_brightness_L2.jpg,0,0,1,2,1,1,1,1,1,1.142857143,1.124772226,1.165556848,42.9666730100667,3.06927515727364,32.9525251224623
1576,image_0448_brightness_L3.jpg,0,0,1,3,1,1,1,1,1,1.285714286,1.249544452,1.331113697,39.6757648157021,3.06240121585062,37.7708984636715
1577,image_0456_brightness_L1.jpg,0,1,1,1,1,1,1,1,1,1,1,1,43.4528816698866,3.29636682368211,18.8684033773314
1578,image_0456_brightness_L3.jpg,0,0,1,3,1,1,1,1,1,1.285714286,1.249544452,1.331113697,10.8835039357628,2.5688309830809,31.5474533575483
1579,image_0459_brightness_L1.jpg,0,1,1,1,1,1,1,1,1,1,1,1,43.4581889435283,3.4768785571092,21.7545223097615
1580,image_0463_brightness_L1.jpg,0,1,1,1,1,1,1,1,1,1,1,1,43.4581795637691,3.63141292752001,20.1651821684145
1581,image_0464_brightness_L1.jpg,0,1,1,1,1,1,1,1,1,1,1,1,43.4581819816057,4.9258551599852,30.2268998038123
1582,image_0466_brightness_L3.jpg,0,0,1,3,1,1,1,1,1,1.285714286,1.249544452,1.331113697,33.0047347316867,3.02385806213525,29.3576628041646
1583,image_0466_brightness_L4.jpg,0,0,1,4,1,2,1,3,1,1.857142857,1.897762038,1.924667854,29.9004280141896,3.17693748811271,42.3365544775616
1584,image_0468_brightness_L3.jpg,0,0,1,3,1,1,1,1,1,1.285714286,1.249544452,1.331113697,43.4590557851733,5.13433973720085,42.1043493672059
1585,image_0471_brightness_L2.jpg,0,0,1,2,1,1,1,1,1,1.142857143,1.124772226,1.165556848,43.4581819815664,4.01150056581449,30.1601488962005
1586,image_0473_brightness_L3.jpg,0,0,1,3,1,1,1,1,1,1.285714286,1.249544452,1.331113697,30.574125600553,2.67682948669852,31.8401238903456
1587,image_0475_brightness_L1.jpg,0,1,1,1,2,1,1,1,1,1.142857143,1.064502456,1.1641089,43.4581819815679,5.62977875132459,36.4321092177678
1588,image_0477_brightness_L1.jpg,0,1,1,1,2,1,1,1,1,1.142857143,1.064502456,1.1641089,43.4581819815664,5.80382116282183,34.9649921428605
1589,image_0482_brightness_L3.jpg,1,0,1,3,1,1,1,1,1,1.285714286,1.249544452,1.331113697,4.30490776749527,2.71239343157165,32.1071814026657
1590,image_0491_brightness_L4.jpg,1,0,1,4,1,3,2,4,1,2.285714286,2.419100139,2.398506959,35.1172944327744,3.23369723674493,43.9578313186537
1591,image_0493_brightness_L1.jpg,0,0,1,1,1,1,1,1,1,1,1,1,40.5784153852927,4.65709873053164,24.4923901985317
1592,image_0497_brightness_L2.jpg,0,0,1,2,1,1,1,2,2,1.428571429,1.457651719,1.448441498,34.678827301085,4.07644324296951,25.1541262317006
1593,image_0500_brightness_L1.jpg,1,0,1,1,1,1,1,1,1,1,1,1,42.1943867223026,4.51973806825641,26.4530350085779
1594,image_0503_brightness_L1.jpg,0,1,1,1,1,1,1,3,1,1.285714286,1.352622243,1.295023571,22.0809532345655,2.54809792508914,12.4256884865873
1595,image_0504_brightness_L2.jpg,0,0,1,2,1,1,1,1,1,1.142857143,1.124772226,1.165556848,19.3764270576282,2.48211239975633,29.1575359223538
1596,image_0504_brightness_L3.jpg,0,0,1,3,1,1,1,1,1,1.285714286,1.249544452,1.331113697,21.4662329715674,2.6760212693663,31.2647841541309
1597,image_0505_brightness_L2.jpg,0,0,1,2,1,1,1,1,1,1.142857143,1.124772226,1.165556848,39.667172699079,2.56413149818604,34.3511473773534
1598,image_0507_brightness_L3.jpg,0,0,1,3,1,1,1,4,1,1.714285714,1.778477817,1.773649054,5.43515482397995,2.74562864026203,19.6141364053291
1599,image_0508_brightness_L1.jpg,0,0,1,1,1,1,1,1,1,1,1,1,21.1062297647563,2.54939446975824,31.5322126074374
1600,image_0511_brightness_L2.jpg,0,0,1,2,1,1,1,1,1,1.142857143,1.124772226,1.165556848,43.3862915800732,2.85737678275292,32.7540409344362
1601,image_0513_brightness_L1.jpg,1,1,1,1,1,1,1,2,1,1.142857143,1.176311122,1.147511786,31.9874736645794,5.85573679993845,31.8102232182843
1602,image_0520_brightness_L1.jpg,0,0,1,2,1,1,1,4,2,1.714285714,1.810273962,1.74346507,33.5858540260124,3.81595835683677,20.5900439826801
1603,image_0522_brightness_L1.jpg,0,1,1,1,1,1,1,4,1,1.428571429,1.528933365,1.442535357,15.6016381711827,2.82298861940271,13.6105904970122
1604,image_0531_brightness_L3.jpg,1,0,1,3,1,1,2,4,1,1.857142857,1.952681679,1.967002636,18.6477694095492,2.25915775634835,24.2300309133459
1605,image_0532_brightness_L2.jpg,1,0,1,2,1,1,1,4,1,1.571428571,1.653705591,1.608092205,29.1905844605501,2.92292126597426,12.797820296544
1606,image_0535_brightness_L4.jpg,0,0,1,4,1,1,4,4,1,2.285714286,2.425861629,2.51926665,41.623587237664,3.4592575815076,30.6259716681904
1607,image_0536_brightness_L2.jpg,0,0,1,2,1,1,2,4,3,2,2.141046196,2.072191517,28.7273570832966,4.36789569871177,18.8408616717307
1608,image_0537_brightness_L2.jpg,0,0,1,2,1,2,2,4,3,2.142857143,2.311869313,2.205165254,35.0568988765411,8.34929040081237,25.0410329215988
1609,image_0537_brightness_L4.jpg,0,0,1,3,1,1,3,4,1,2,2.126885541,2.160356219,39.3272642627816,6.95343878233472,29.3803731012007
1610,image_0539_brightness_L3.jpg,0,0,1,3,1,1,2,4,1,1.857142857,1.952681679,1.967002636,31.8806483794169,3.41060190212296,24.6130879621576
1611,image_0543_brightness_L4.jpg,0,0,1,4,1,1,3,4,1,2.142857143,2.251657767,2.325913068,38.6863984212449,2.76201693050198,43.2906624836269
1612,image_0544_brightness_L3.jpg,0,0,1,3,1,1,2,4,1,1.857142857,1.952681679,1.967002636,45.937501291213,3.71933752429538,43.9848860216765
1613,image_0546_brightness_L2.jpg,0,0,1,2,1,1,1,3,2,1.571428571,1.633962841,1.595953284,37.9822413858311,3.27429339376148,12.6155083430159
1614,image_0546_brightness_L4.jpg,0,0,1,4,1,2,3,4,1,2.285714286,2.422480884,2.458886805,32.6881754594341,2.4120215902409,37.4462018163709
1615,image_0547_brightness_L2.jpg,0,0,1,2,1,1,1,4,2,1.714285714,1.810273962,1.74346507,38.5661934870325,3.33997530311269,12.9457181611247
1616,image_0547_brightness_L4.jpg,0,0,1,4,1,2,3,4,1,2.285714286,2.422480884,2.458886805,43.1066875762648,2.81841198831457,39.0108194626464
1617,image_0557_brightness_L4.jpg,1,0,1,4,1,2,4,4,1,2.428571429,2.596684746,2.652240388,46.6253239218658,2.78661933886511,40.0555695630266
1618,image_0558_brightness_L1.jpg,0,0,1,2,2,1,1,1,1,1.285714286,1.189274682,1.329665748,43.4607169476741,5.74611526238977,50.6651874895162
1619,image_0560_brightness_L2.jpg,0,0,1,2,1,2,1,3,1,1.571428571,1.648217586,1.593554157,27.5323084591073,2.94541062930554,12.0638112105766
1620,image_0561_brightness_L1.jpg,0,0,1,1,2,1,1,1,1,1.142857143,1.064502456,1.1641089,43.4582127635152,5.49012071657547,43.1914586982504
1621,image_0565_brightness_L2.jpg,0,0,1,2,1,2,1,3,2,1.714285714,1.804785958,1.728927021,15.8996647729057,4.21579990044796,40.4775684958854
1622,image_0565_brightness_L4.jpg,0,0,1,3,1,2,1,3,1,1.714285714,1.772989812,1.759111005,43.4730986593355,6.15906433256176,41.1431831173517
1623,image_0566_brightness_L4.jpg,1,0,1,4,1,3,3,4,1,2.428571429,2.593304001,2.591860542,30.9198284394456,2.53262642901322,28.6957803366655
1624,image_0571_brightness_L2.jpg,0,0,1,2,1,1,2,4,3,2,2.141046196,2.072191517,25.4084036994381,2.02180957156223,12.934743942017
1625,image_0572_brightness_L4.jpg,0,0,1,4,1,3,3,4,1,2.428571429,2.593304001,2.591860542,33.1416322783142,2.65289132085903,20.1604167052826
1626,image_0574_brightness_L1.jpg,0,1,1,2,1,1,1,3,1,1.428571429,1.477394469,1.46058042,27.5405302716582,2.79407490074979,21.3006069277161
1627,image_0576_brightness_L4.jpg,0,0,1,4,1,3,2,4,1,2.285714286,2.419100139,2.398506959,39.1305021440841,3.23543045577805,42.133437862912
1628,image_0579_brightness_L4.jpg,0,0,1,4,1,3,2,4,1,2.285714286,2.419100139,2.398506959,39.6741684178665,3.24306536361335,44.8291239072583
1629,image_0580_brightness_L2.jpg,0,0,1,2,1,2,1,1,1,1.285714286,1.295595343,1.298530586,42.2788943108325,3.16120709511988,29.9765505665185
1630,image_0583_brightness_L1.jpg,0,1,1,2,1,1,1,1,2,1.285714286,1.281340597,1.300929712,43.4583841427327,3.61617154285408,35.1920349879688
1631,image_0595_brightness_L2.jpg,1,0,1,2,1,1,1,4,1,1.571428571,1.653705591,1.608092205,11.656232760384,2.07776483996446,11.5837060997916
1632,image_0595_brightness_L3.jpg,1,0,1,3,1,1,1,4,1,1.714285714,1.778477817,1.773649054,3.4323745565899,2.22675097977848,16.5750538041665
1633,image_0597_brightness_L3.jpg,0,0,1,3,1,1,1,1,1,1.285714286,1.249544452,1.331113697,37.4153501617411,3.62642860916173,27.3642325106358
1634,image_0597_brightness_L4.jpg,0,0,1,4,1,3,1,4,1,2.142857143,2.244896277,2.205153377,43.4995296518687,3.90738946468747,41.2375323480156
1635,image_0599_brightness_L3.jpg,0,0,1,3,1,1,1,1,1,1.285714286,1.249544452,1.331113697,40.5910355918518,4.90292353180679,35.8112072592956
1636,image_0601_brightness_L1.jpg,1,1,1,1,1,1,1,1,1,1,1,1,43.4581827941196,5.17398640519799,30.6544211550585
1637,image_0602_brightness_L1.jpg,0,1,1,1,1,1,1,1,1,1,1,1,43.4581819815664,5.63562558749806,26.8964884158473
1638,image_0602_brightness_L2.jpg,0,0,1,2,1,1,1,1,1,1.142857143,1.124772226,1.165556848,43.4581819872386,4.10921956512187,27.3826106063279
1639,image_0603_brightness_L4.jpg,0,0,1,4,1,2,2,4,1,2.142857143,2.248277022,2.265533222,44.9033191365964,3.97122657210552,37.5267310389985
1640,image_0604_brightness_L2.jpg,0,0,1,2,1,1,1,1,1,1.142857143,1.124772226,1.165556848,43.4581819797173,4.03537339335486,23.6988520908539
1641,image_0609_brightness_L1.jpg,0,1,1,1,1,1,1,1,1,1,1,1,43.4581819815645,4.79790948411703,22.7751824903411
1642,image_0611_brightness_L3.jpg,0,0,1,3,1,1,1,1,1,1.285714286,1.249544452,1.331113697,29.2576872858522,3.51272831981504,37.5675922179633
1643,image_0613_brightness_L1.jpg,0,1,1,1,1,1,1,1,1,1,1,1,43.4581819815664,6.48018556816487,33.9834952651174
1644,image_0623_brightness_L2.jpg,0,0,1,2,1,1,1,1,1,1.142857143,1.124772226,1.165556848,43.0262822873067,2.73444722868487,21.672151262567
1645,image_0626_brightness_L4.jpg,0,0,1,4,1,2,1,4,1,2,2.07407316,2.072179639,39.7453988514108,4.88529353042774,45.7623634736991
1646,image_0628_brightness_L1.jpg,0,1,1,1,1,1,1,1,1,1,1,1,43.433757629788,3.869931722635,21.110168857123
1647,image_0633_brightness_L4.jpg,0,0,1,4,1,3,1,4,1,2.142857143,2.244896277,2.205153377,37.0014066799654,3.94364302091647,41.919721115618
1648,image_0645_brightness_L3.jpg,0,0,1,3,1,1,1,1,1,1.285714286,1.249544452,1.331113697,31.8728053549283,3.7682783434903,38.4474747156313
1649,image_0646_brightness_L4.jpg,1,0,1,4,1,3,3,4,1,2.428571429,2.593304001,2.591860542,44.8074614697235,3.986377335644,58.7026608514594
1650,image_0650_brightness_L3.jpg,1,0,1,3,1,1,1,1,1,1.285714286,1.249544452,1.331113697,8.15266467323942,3.98131823652389,35.7729445522744
1651,image_0652_brightness_L2.jpg,0,0,1,2,1,2,1,3,1,1.571428571,1.648217586,1.593554157,43.4529785790245,3.60892773462883,15.4379910492705
1652,image_0653_brightness_L2.jpg,0,0,1,1,1,1,1,1,1,1,1,1,24.9736904255179,4.17129641429278,23.897710926864
1653,image_0653_brightness_L4.jpg,0,0,1,4,1,3,3,4,1,2.428571429,2.593304001,2.591860542,50.0952485823206,4.50113678855942,52.8126598124639
1654,image_0657_brightness_L1.jpg,0,1,1,1,1,1,1,1,1,1,1,1,43.4581843155226,5.45755956302765,30.8747132538675
1655,image_0663_brightness_L3.jpg,0,0,1,3,1,1,1,2,1,1.428571429,1.425855574,1.478625482,28.4373630599481,3.39743274801878,32.5582749321495
1656,image_0666_brightness_L4.jpg,0,0,1,4,1,2,3,4,1,2.285714286,2.422480884,2.458886805,36.9201918336124,4.46281835295307,60.8993131106455
1657,image_0676_brightness_L2.jpg,0,0,1,2,1,1,1,1,1,1.142857143,1.124772226,1.165556848,43.4581819815664,5.16128408819908,26.3902063479291
1658,image_0677_brightness_L1.jpg,0,1,1,1,1,1,1,1,1,1,1,1,43.4384673935756,4.07212693931059,21.1683994279998
1659,image_0682_brightness_L4.jpg,1,0,1,4,1,2,4,4,1,2.428571429,2.596684746,2.652240388,48.2913112938952,3.99393859443892,53.0156046369041
1660,image_0683_brightness_L1.jpg,0,1,1,1,1,1,1,1,1,1,1,1,43.4581819815664,5.61320834264213,17.6131186458872
1661,image_0688_brightness_L3.jpg,0,0,1,3,1,1,1,1,1,1.285714286,1.249544452,1.331113697,43.4581820159958,3.82837213996497,30.6607247956509
1662,image_0692_brightness_L4.jpg,0,0,1,4,1,3,3,4,1,2.428571429,2.593304001,2.591860542,43.649978443164,3.98454331148191,59.9870408460942
1663,image_0694_brightness_L1.jpg,0,1,1,1,1,1,1,1,1,1,1,1,43.4581819815664,5.09029889132165,23.6649594978154
1664,image_0697_brightness_L2.jpg,0,0,1,2,1,1,1,4,1,1.571428571,1.653705591,1.608092205,33.4200754604701,4.97215108221612,16.8589611293493
1665,image_0700_brightness_L1.jpg,0,1,1,1,1,1,1,1,1,1,1,1,43.4581849586586,4.48900702744003,29.0679438591703
1666,image_0704_brightness_L1.jpg,0,1,1,1,1,1,1,1,1,1,1,1,32.9785993301431,3.60689922497319,16.7370148718656
1667,image_0705_brightness_L4.jpg,0,0,1,4,1,2,3,4,1,2.285714286,2.422480884,2.458886805,45.8490659598134,4.10631179045878,61.1798842606247
1668,image_0710_brightness_L4.jpg,0,0,1,4,1,2,1,3,1,1.857142857,1.897762038,1.924667854,32.46485452686,5.1962860633089,37.7215914642718
1669,image_0713_brightness_L2.jpg,0,0,1,2,1,1,1,2,1,1.285714286,1.301083348,1.313068634,43.458179976762,4.97573327382176,29.6384336597642
1670,image_0713_brightness_L4.jpg,0,0,1,4,1,3,2,4,1,2.285714286,2.419100139,2.398506959,44.8502193518764,5.28476698301161,49.5881539929051
1671,image_0714_brightness_L2.jpg,1,0,1,1,1,1,1,1,1,1,1,1,42.1461732127312,4.63893916333467,25.3887456108686
1672,image_0715_brightness_L4.jpg,1,0,1,4,1,2,4,4,1,2.428571429,2.596684746,2.652240388,48.8489432623179,3.59788961664881,58.4253993849196
1673,image_0716_brightness_L3.jpg,0,0,1,3,1,1,1,1,1,1.285714286,1.249544452,1.331113697,43.4581448506997,4.75193607125096,30.1059264032613
1674,image_0717_brightness_L3.jpg,0,0,1,3,1,1,1,2,1,1.428571429,1.425855574,1.478625482,43.3841957314333,3.91425717997064,18.6684821002549
1675,image_0719_brightness_L3.jpg,1,0,1,3,1,1,1,1,1,1.285714286,1.249544452,1.331113697,12.946064567686,3.51466442111196,36.5587674287268
1676,image_0721_brightness_L3.jpg,0,0,1,3,1,1,1,1,1,1.285714286,1.249544452,1.331113697,43.4581819815664,5.41889470151802,32.883154276869
1677,image_0733_brightness_L3.jpg,0,0,1,3,1,1,1,1,1,1.285714286,1.249544452,1.331113697,43.4581821221836,4.64494786403776,26.8743120767786
1678,image_0735_brightness_L4.jpg,0,0,1,4,1,2,1,4,1,2,2.07407316,2.072179639,38.9944128073439,3.74468997754819,41.7294673016424
1679,image_0736_brightness_L1.jpg,0,1,1,1,1,1,1,1,1,1,1,1,43.4581819815664,3.88088800602306,19.2199085575368
1680,image_0736_brightness_L4.jpg,0,0,1,4,1,3,2,4,1,2.285714286,2.419100139,2.398506959,37.0509131614176,3.87613341666222,48.1290499486067
1681,image_0737_brightness_L4.jpg,0,0,1,4,1,2,1,3,1,1.857142857,1.897762038,1.924667854,32.4057417744063,4.38185312640307,43.7744720159508
1682,image_0738_brightness_L1.jpg,0,1,1,1,1,1,1,1,1,1,1,1,43.4581819815664,4.47232423085951,24.2731778715429
1683,image_0738_brightness_L3.jpg,0,0,1,3,1,1,1,1,1,1.285714286,1.249544452,1.331113697,40.8959281422934,4.03417129050049,34.6243109918487
1684,image_0739_brightness_L3.jpg,0,0,1,3,1,1,1,1,1,1.285714286,1.249544452,1.331113697,38.8704746292847,3.11354831385798,28.1706965513835
1685,image_0741_brightness_L1.jpg,0,1,1,1,1,1,1,4,1,1.428571429,1.528933365,1.442535357,38.3715235380294,3.23658791312567,16.4816341494416
1686,image_0741_brightness_L2.jpg,0,0,1,2,1,1,1,4,1,1.571428571,1.653705591,1.608092205,39.589310843973,3.38569018834824,17.0017977086072
1687,image_0743_brightness_L3.jpg,0,0,1,3,1,1,2,4,1,1.857142857,1.952681679,1.967002636,18.2826526107719,2.63081246695227,29.098789388576
1688,image_0744_brightness_L4.jpg,0,0,1,4,1,2,4,4,1,2.428571429,2.596684746,2.652240388,47.7481597522775,4.42558277424306,53.135362049951
1689,image_0751_brightness_L4.jpg,0,0,1,4,1,2,1,3,1,1.857142857,1.897762038,1.924667854,37.8907626839277,5.20092620391535,49.7958104628497
1690,image_0752_brightness_L3.jpg,0,0,1,3,1,1,1,4,1,1.714285714,1.778477817,1.773649054,23.0628790395843,2.91551822658336,31.3942460430618
1691,image_0759_brightness_L4.jpg,0,0,1,4,1,2,1,2,1,1.714285714,1.721450916,1.777156068,24.977636321431,4.76273733455774,42.3740112999773
1692,image_0760_brightness_L2.jpg,0,0,1,2,1,1,1,1,1,1.142857143,1.124772226,1.165556848,43.4451545721897,3.11277105960979,24.8643699071338
1693,image_0762_brightness_L1.jpg,0,1,1,1,1,1,1,1,1,1,1,1,43.4581819815664,4.97033519734406,22.7661659594118
1694,image_0763_brightness_L1.jpg,0,1,1,1,1,1,1,1,1,1,1,1,43.4581819815664,4.88686016126606,20.6850883656497
1695,image_0763_brightness_L3.jpg,0,0,1,3,1,1,1,1,1,1.285714286,1.249544452,1.331113697,43.4581821020236,4.18551264019518,26.3201497210267
1696,image_0763_brightness_L4.jpg,0,0,1,4,1,2,1,3,1,1.857142857,1.897762038,1.924667854,29.8002497573395,4.43505640041144,39.7853184800658
1697,image_0767_brightness_L1.jpg,0,1,1,1,1,1,1,1,1,1,1,1,43.4581819815664,4.25178796895801,21.1390577734396
1698,image_0770_brightness_L2.jpg,0,0,1,2,1,1,1,1,1,1.142857143,1.124772226,1.165556848,43.4581819827037,4.04282312293902,27.055551424435
1699,image_0773_brightness_L1.jpg,0,1,1,1,1,1,1,1,1,1,1,1,43.4581819815664,4.54941923529468,22.3881057770276
1700,image_0774_brightness_L3.jpg,0,0,1,3,1,1,1,1,1,1.285714286,1.249544452,1.331113697,38.822583084919,3.90599246409796,37.0352844941758
1701,image_0776_brightness_L1.jpg,0,1,1,1,1,1,1,1,1,1,1,1,43.4582024892908,4.09899633558706,20.9036946601851
1702,image_0776_brightness_L2.jpg,0,0,1,2,1,1,1,1,1,1.142857143,1.124772226,1.165556848,43.4524185345869,3.57308839840783,22.3595975144538
1703,image_0778_brightness_L1.jpg,0,1,1,1,1,1,1,1,1,1,1,1,43.4581819813906,4.17272681809724,18.0905097290643
1704,image_0779_brightness_L2.jpg,0,0,1,2,1,1,1,1,1,1.142857143,1.124772226,1.165556848,40.6608212030706,2.95674718908665,24.7252967019283
1705,image_0781_brightness_L1.jpg,0,1,1,1,1,1,1,1,1,1,1,1,43.4581780836666,4.08339466344047,19.3271256565791
1706,image_0781_brightness_L3.jpg,0,0,1,3,1,1,1,1,1,1.285714286,1.249544452,1.331113697,29.5588182789462,3.31239806484338,31.2082529356694
1707,image_0781_brightness_L4.jpg,0,0,1,4,1,3,2,4,1,2.285714286,2.419100139,2.398506959,42.9708403678984,4.1724466220581,50.0131760013227
1708,image_0783_brightness_L3.jpg,0,0,1,3,1,1,1,2,1,1.428571429,1.425855574,1.478625482,14.6067566695071,2.88711369649765,27.6260509394992
1709,image_0786_brightness_L3.jpg,0,0,1,3,1,1,1,1,1,1.285714286,1.249544452,1.331113697,33.3827460127829,3.66906639395632,33.7599873799203
1710,image_0787_brightness_L4.jpg,0,0,1,4,1,3,1,4,1,2.142857143,2.244896277,2.205153377,34.8670394172125,3.71769928343118,39.837843981327
1711,image_0788_brightness_L1.jpg,0,1,1,1,1,1,1,1,1,1,1,1,42.6067632309695,4.18101812394006,22.8186342838683
1712,image_0789_brightness_L1.jpg,0,1,1,1,1,1,1,1,1,1,1,1,43.4581819815664,5.06520312731088,24.2787368597338
1713,image_0790_brightness_L4.jpg,0,0,1,4,1,2,1,2,1,1.714285714,1.721450916,1.777156068,32.8570579198382,4.72515566223645,44.1289958305763
1714,image_0791_brightness_L4.jpg,0,0,1,4,1,2,1,2,1,1.714285714,1.721450916,1.777156068,21.5652594145252,4.91482924267264,41.4214760710619
1715,image_0792_brightness_L4.jpg,0,0,1,4,1,2,1,2,1,1.714285714,1.721450916,1.777156068,21.3797838240185,4.92122991053724,43.3651671773797
1716,image_0794_brightness_L2.jpg,0,0,1,2,1,1,1,1,1,1.142857143,1.124772226,1.165556848,43.457760928871,3.16873320069028,24.2863936536485
1717,image_0798_brightness_L2.jpg,0,0,1,2,1,1,1,1,1,1.142857143,1.124772226,1.165556848,34.9696566526351,3.9825651818694,17.1629473545684
1718,image_0802_brightness_L1.jpg,0,1,1,1,1,1,1,1,1,1,1,1,43.4581819815664,5.57871322954546,18.1995856275248
1719,image_0802_brightness_L2.jpg,0,0,1,2,1,1,1,1,2,1.285714286,1.281340597,1.300929712,43.4581743439824,3.71037960909028,22.1776575399554
1720,image_0808_brightness_L3.jpg,0,0,1,3,1,1,1,2,1,1.428571429,1.425855574,1.478625482,10.2729033737661,2.6748389145618,27.1274799065131
1721,image_0809_brightness_L2.jpg,0,0,1,2,1,1,1,3,1,1.428571429,1.477394469,1.46058042,40.7918458313639,3.58154298090724,15.0623210618598
1722,image_0811_brightness_L1.jpg,0,1,1,1,1,1,1,2,1,1.142857143,1.176311122,1.147511786,25.7835284298082,3.13759295696775,16.6185224885144
1723,image_0812_brightness_L3.jpg,0,0,1,3,1,1,1,1,1,1.285714286,1.249544452,1.331113697,19.7819609093551,3.31799139878649,26.8656990672339
1724,image_0813_brightness_L2.jpg,0,0,1,2,1,1,1,1,1,1.142857143,1.124772226,1.165556848,22.6489994523945,3.34464786415458,23.2858920853517
1725,image_0816_brightness_L4.jpg,0,0,1,4,1,3,1,4,1,2.142857143,2.244896277,2.205153377,27.8244251405619,3.78647499154283,41.7133914455685
1726,image_0818_brightness_L1.jpg,0,1,1,1,1,1,1,1,1,1,1,1,43.4581819815664,5.43647633025387,25.7017583718123
1727,image_0829_brightness_L4.jpg,0,0,1,4,1,2,1,3,1,1.857142857,1.897762038,1.924667854,41.1866406719772,4.03709862214003,39.0952874873714
1728,image_0833_brightness_L2.jpg,0,0,1,2,1,1,1,1,1,1.142857143,1.124772226,1.165556848,40.4764962717521,3.22739554810014,30.2060377060068
1729,image_0833_brightness_L3.jpg,0,0,1,3,1,1,1,1,1,1.285714286,1.249544452,1.331113697,43.4581820050679,4.50356610285322,25.7584847859959
1730,image_0833_brightness_L4.jpg,0,0,1,4,1,2,1,2,1,1.714285714,1.721450916,1.777156068,32.2309538995159,4.48989453424969,32.8697399761711
1731,image_0834_brightness_L1.jpg,0,1,1,2,1,1,1,1,1,1.142857143,1.124772226,1.165556848,43.4581819815664,4.52428508307901,22.6752534876026
1732,image_0835_brightness_L2.jpg,0,0,1,2,1,1,1,2,1,1.285714286,1.301083348,1.313068634,17.1509531223523,2.97391211453257,28.1196471454226
1733,image_0837_brightness_L1.jpg,0,1,1,1,1,1,1,1,1,1,1,1,43.4581822447929,4.60501493220985,24.3981592286865
1734,image_0839_brightness_L1.jpg,0,1,1,1,1,1,1,1,1,1,1,1,36.6630749870311,4.02911560084396,18.4967929737382
1735,image_0844_brightness_L1.jpg,0,1,1,1,1,1,1,1,1,1,1,1,25.3999545048113,3.79883261803595,18.6489863508943
1736,image_0848_brightness_L3.jpg,0,0,1,3,1,1,1,1,1,1.285714286,1.249544452,1.331113697,43.4576417212241,4.10311404721106,23.2804685551654
1737,image_0852_brightness_L4.jpg,0,0,1,4,1,2,1,1,1,1.571428571,1.545139795,1.629644282,36.5656013053946,5.29225384700199,39.5116444250401
1738,image_0856_brightness_L3.jpg,0,0,1,3,1,1,1,1,1,1.285714286,1.249544452,1.331113697,43.2968270419864,4.07069661620545,29.4239055746129
1739,image_0859_brightness_L1.jpg,0,1,1,2,1,1,1,1,1,1.142857143,1.124772226,1.165556848,43.4581819815664,5.45900104943306,24.5217759703433
1740,image_0860_brightness_L2.jpg,0,0,1,2,1,1,1,1,1,1.142857143,1.124772226,1.165556848,43.3932741283909,3.75214056267345,28.0797555889405
1741,image_0864_brightness_L2.jpg,0,0,1,2,1,1,1,1,1,1.142857143,1.124772226,1.165556848,43.4581819815664,4.54786431330141,31.778528267349
1742,image_0865_brightness_L2.jpg,0,0,1,2,1,1,1,1,1,1.142857143,1.124772226,1.165556848,38.0626909143902,3.20465259110099,24.0251282402215
1743,image_0870_brightness_L1.jpg,0,1,1,2,1,1,1,1,1,1.142857143,1.124772226,1.165556848,43.4581819815664,4.40830579251365,20.3220497636428
1744,image_0878_brightness_L2.jpg,0,0,1,2,1,1,1,1,1,1.142857143,1.124772226,1.165556848,43.4581819821272,4.11664160691995,29.1213325079731
1745,image_0878_brightness_L3.jpg,0,0,1,3,1,1,1,1,1,1.285714286,1.249544452,1.331113697,43.4581819892608,5.35715095250378,31.4853400918955
1746,image_0880_brightness_L2.jpg,0,0,1,2,1,1,1,1,1,1.142857143,1.124772226,1.165556848,34.6637171239151,3.54504504261075,25.8866735264208
1747,image_0880_brightness_L4.jpg,0,0,1,4,1,3,1,4,1,2.142857143,2.244896277,2.205153377,32.5907586745142,3.81818261654365,47.2696672017268
1748,image_0881_brightness_L4.jpg,0,0,1,4,1,3,1,4,1,2.142857143,2.244896277,2.205153377,32.5914429926809,3.73787800081152,47.0744741361839
1749,image_0883_brightness_L2.jpg,0,0,1,2,1,1,1,2,1,1.285714286,1.301083348,1.313068634,18.9645272497526,3.49111952227107,21.4850963048994
1750,image_0889_brightness_L2.jpg,0,0,1,2,1,1,1,4,1,1.571428571,1.653705591,1.608092205,27.8164405355764,4.00370435129199,11.8473574937427
1751,image_0894_brightness_L2.jpg,0,0,1,2,1,1,1,1,1,1.142857143,1.124772226,1.165556848,26.2353236540155,2.88199989449113,23.3604727107942
1752,image_0895_brightness_L3.jpg,0,0,1,3,1,1,1,2,1,1.428571429,1.425855574,1.478625482,26.6926333534341,2.99919558636,32.6310633781249
1753,image_0899_brightness_L2.jpg,0,0,1,2,1,1,1,1,1,1.142857143,1.124772226,1.165556848,28.4063340958196,2.77486530416168,24.3641670409801
1754,image_0902_brightness_L4.jpg,0,0,1,4,1,2,1,3,1,1.857142857,1.897762038,1.924667854,36.0470697001183,5.22571243727621,50.9824112152026
1755,image_0903_brightness_L2.jpg,0,0,1,2,1,1,1,1,1,1.142857143,1.124772226,1.165556848,43.458181981566,3.62722191819609,27.5718101474707
1756,image_0903_brightness_L3.jpg,0,0,1,3,1,1,1,1,1,1.285714286,1.249544452,1.331113697,43.4525803664561,3.90408972370721,32.5663101638538
1757,image_0903_brightness_L4.jpg,0,0,1,4,1,3,1,4,1,2.142857143,2.244896277,2.205153377,27.1521383303445,4.42071942101258,52.5384777002023
1758,image_0905_brightness_L1.jpg,0,1,1,1,1,1,1,1,1,1,1,1,43.4581819815664,5.8612151062133,29.0913006389785
1759,image_0905_brightness_L3.jpg,0,0,1,3,1,1,1,1,1,1.285714286,1.249544452,1.331113697,43.4581820609981,4.93806192858916,33.8504702907556
1760,image_0905_brightness_L4.jpg,0,0,1,4,1,2,1,2,1,1.714285714,1.721450916,1.777156068,25.7982555013681,4.8432098362838,44.8188386667675
1761,image_0906_brightness_L1.jpg,0,1,1,1,1,1,1,1,1,1,1,1,43.4581819815664,5.80433329990856,31.5891999888591
1762,image_0911_brightness_L3.jpg,1,0,1,3,1,1,1,1,1,1.285714286,1.249544452,1.331113697,43.4581825435404,5.45637177962474,43.0593007060451
1763,image_0911_brightness_L4.jpg,1,0,1,4,1,3,1,2,1,1.857142857,1.892274033,1.910129805,20.7558904250386,5.65872757782002,50.3631016526273
1764,image_0915_brightness_L4.jpg,1,0,1,4,1,3,1,4,1,2.142857143,2.244896277,2.205153377,32.2993942066644,3.42995996233465,41.006383830499
1765,image_0916_brightness_L1.jpg,0,1,1,1,2,1,1,1,1,1.142857143,1.064502456,1.1641089,43.4581819854476,7.28742226495609,36.97706558926
1766,image_0917_brightness_L4.jpg,0,0,1,4,1,2,1,2,1,1.714285714,1.721450916,1.777156068,25.7361439573462,5.43906830615113,52.2713428124085
1767,image_0918_brightness_L1.jpg,0,0,1,1,1,1,1,1,1,1,1,1,43.4581819815665,6.42019835996845,28.354725918808
1768,image_0922_brightness_L3.jpg,0,0,1,3,1,1,1,1,1,1.285714286,1.249544452,1.331113697,33.4846691110683,5.17285317868178,27.9203250098122
1769,image_0923_brightness_L1.jpg,1,1,1,1,1,1,1,1,1,1,1,1,43.4578823406085,4.92489235272166,21.9256442018153
1770,image_0924_brightness_L2.jpg,1,0,1,2,1,1,1,1,1,1.142857143,1.124772226,1.165556848,36.4590258576034,3.60630401959523,20.3212465450665
1771,image_0927_brightness_L2.jpg,1,0,1,2,1,1,1,4,1,1.571428571,1.653705591,1.608092205,38.5539085630658,3.63516202423998,16.3683177736705
1772,image_0927_brightness_L4.jpg,1,0,1,4,1,2,4,4,1,2.428571429,2.596684746,2.652240388,48.3420041586443,3.48124383405179,43.1058148173962
1773,image_0928_brightness_L2.jpg,1,0,1,2,1,1,1,2,1,1.285714286,1.301083348,1.313068634,31.1065562167901,3.75009430910703,21.2683906408808
1774,image_0928_brightness_L4.jpg,1,0,1,4,1,2,3,4,1,2.285714286,2.422480884,2.458886805,32.1570524509849,4.24806357318201,40.4885120208617
1775,image_0929_brightness_L1.jpg,0,1,1,1,1,1,1,1,1,1,1,1,28.2162439068597,3.54474039518456,19.070392103225
1776,image_0931_brightness_L4.jpg,0,0,1,4,1,2,3,4,1,2.285714286,2.422480884,2.458886805,31.6751664638154,2.74084526775125,36.1171147985973
1777,image_0932_brightness_L4.jpg,0,0,1,4,1,3,1,4,1,2.142857143,2.244896277,2.205153377,31.8512194557314,3.26269483761163,40.6984089928413
1778,image_0934_brightness_L2.jpg,0,0,1,2,1,1,1,1,1,1.142857143,1.124772226,1.165556848,33.4670275097663,2.83148720068013,19.8887086211878
1779,image_0940_brightness_L3.jpg,1,0,1,3,1,1,1,2,1,1.428571429,1.425855574,1.478625482,34.5607155347574,2.75986735862058,20.8773172734523
1780,image_0941_brightness_L4.jpg,0,0,1,4,1,3,1,4,1,2.142857143,2.244896277,2.205153377,35.5309020473711,4.66425133604994,39.1601976496308
1781,image_0949_brightness_L3.jpg,0,0,1,3,1,1,1,2,1,1.428571429,1.425855574,1.478625482,10.5255297569483,2.8534181989327,23.6993472672288
1782,image_0953_brightness_L1.jpg,0,1,1,1,1,1,1,1,1,1,1,1,37.1046722313143,3.04286935709518,16.2748033939915
1783,image_0956_brightness_L3.jpg,0,0,1,3,1,1,1,1,1,1.285714286,1.249544452,1.331113697,43.4581797107748,4.12784049334911,23.3046231689526
1784,image_0962_brightness_L2.jpg,0,0,1,2,1,1,1,1,1,1.142857143,1.124772226,1.165556848,43.4581819815664,4.57819019438402,24.8051496375507
1785,image_0963_brightness_L1.jpg,0,1,1,1,1,1,1,1,1,1,1,1,43.4581819815664,6.05284963708932,22.9027653605994
1786,image_0965_brightness_L1.jpg,1,0,1,1,1,1,1,1,1,1,1,1,39.4484056773035,4.40985805716206,24.6806672841211
1787,image_0971_brightness_L4.jpg,0,0,1,4,1,2,1,2,1,1.714285714,1.721450916,1.777156068,19.7435897726158,4.60870041160318,48.5334783251959
1788,image_0973_brightness_L4.jpg,1,0,1,4,1,2,1,2,1,1.714285714,1.721450916,1.777156068,26.4584941646913,2.91365901286726,41.5475538286254
1789,image_0975_brightness_L2.jpg,0,0,1,2,1,1,1,1,2,1.285714286,1.281340597,1.300929712,22.4274482672482,2.91871773255572,26.6987623667128
1790,image_0978_brightness_L1.jpg,0,1,1,1,1,1,1,1,1,1,1,1,43.4581819815675,4.85711809795115,32.9444761850223
1791,image_0978_brightness_L3.jpg,0,0,1,3,1,1,1,1,1,1.285714286,1.249544452,1.331113697,43.4582797093862,4.392861036004,39.3938920510815
1792,image_0992_brightness_L2.jpg,1,0,1,2,1,1,1,1,3,1.428571429,1.437908969,1.436302577,19.6137586554138,2.66441995236539,28.7488503576163
1793,image_0004_compression_L1.jpg,1,1,1,1,1,1,1,1,1,1,1,1,43.4371824206938,4.63525278389197,13.554160928231
1794,image_0014_compression_L1.jpg,1,1,1,1,1,1,1,1,1,1,1,1,37.1710508129736,3.4218359223552,23.2542937483886
1795,image_0014_compression_L2.jpg,1,0,1,1,1,1,2,1,1,1.142857143,1.174203862,1.193353583,51.749654457913,4.25961554802401,29.9792072320042
1796,image_0014_compression_L4.jpg,1,0,1,1,1,1,4,1,1,1.428571429,1.522611586,1.580060748,55.3240915910081,8.03221667791058,69.4934745246716
1797,image_0020_compression_L4.jpg,0,0,1,1,1,1,4,1,1,1.428571429,1.522611586,1.580060748,56.834502147342,7.79486019045584,66.101097128587
1798,image_0021_compression_L1.jpg,0,1,1,1,1,1,1,1,1,1,1,1,29.8971245704949,3.40238214050549,24.3586021434489
1799,image_0023_compression_L1.jpg,0,1,1,1,1,1,1,1,1,1,1,1,40.381827262647,3.52969897259294,22.7963146046446
1800,image_0029_compression_L3.jpg,1,0,1,1,1,1,3,2,1,1.428571429,1.524718846,1.534218951,59.6264901397146,5.59232406223148,43.608235119909
1801,image_0032_compression_L1.jpg,0,0,1,3,1,1,2,1,1,1.428571429,1.423748314,1.524467279,38.8226787085231,3.4019197870068,16.5104187698062
1802,image_0035_compression_L2.jpg,0,0,1,1,1,1,2,1,1,1.142857143,1.174203862,1.193353583,47.3883783647952,4.50109143539638,23.2382791590016
1803,image_0037_compression_L2.jpg,1,0,1,1,1,1,1,1,1,1,1,1,43.3997211591052,4.26315823618198,25.6839710968162
1804,image_0038_compression_L3.jpg,0,0,1,1,1,1,3,1,1,1.285714286,1.348407724,1.386707166,61.2931583493328,5.62009028125377,55.3068371628687
1805,image_0042_compression_L3.jpg,0,0,1,1,1,1,2,1,1,1.142857143,1.174203862,1.193353583,41.7170841233701,5.33176202943013,33.7827931405374
1806,image_0043_compression_L4.jpg,0,0,1,1,1,1,4,1,1,1.428571429,1.522611586,1.580060748,62.2269285460973,7.90514216164992,76.8648943915156
1807,image_0052_compression_L2.jpg,1,0,1,3,1,1,2,1,1,1.428571429,1.423748314,1.524467279,46.1727739323485,4.03570668344553,27.3163992860802
1808,image_0052_compression_L3.jpg,1,0,1,3,1,1,3,1,1,1.571428571,1.597952176,1.717820862,54.6584542710221,5.67155569332813,43.0907918926507
1809,image_0054_compression_L2.jpg,0,0,1,1,1,1,2,1,1,1.142857143,1.174203862,1.193353583,30.8878877057995,4.06934967408894,23.7827504547233
1810,image_0054_compression_L4.jpg,0,0,1,1,1,1,4,1,1,1.428571429,1.522611586,1.580060748,62.0361530041188,7.82899708619187,71.8375577052886
1811,image_0055_compression_L1.jpg,0,1,1,1,1,1,1,1,1,1,1,1,35.1011465678894,3.66673993994559,19.5458010859401
1812,image_0055_compression_L4.jpg,0,0,1,1,1,1,4,1,1,1.428571429,1.522611586,1.580060748,63.1775992310446,7.46329267256158,69.7573521026638
1813,image_0060_compression_L4.jpg,0,0,1,1,1,1,4,1,1,1.428571429,1.522611586,1.580060748,67.1989776345681,8.04965070997272,70.4984609344213
1814,image_0061_compression_L2.jpg,0,0,1,1,1,1,1,1,1,1,1,1,43.3776139211974,4.21244632322629,22.5343493946553
1815,image_0065_compression_L3.jpg,0,0,1,1,1,1,3,1,1,1.285714286,1.348407724,1.386707166,58.7861512485881,5.81914042287591,41.2800478719639
1816,image_0066_compression_L1.jpg,0,1,1,1,1,1,1,1,1,1,1,1,38.16655029964,3.93957050774575,19.913008581809
1817,image_0069_compression_L2.jpg,0,0,1,1,1,1,2,1,1,1.142857143,1.174203862,1.193353583,42.1942511764658,4.47706195893312,33.315056033774
1818,image_0070_compression_L1.jpg,0,1,1,1,1,1,1,1,1,1,1,1,43.4581819699279,4.44522607054954,19.6483157796089
1819,image_0081_compression_L3.jpg,0,0,1,1,1,1,2,1,1,1.142857143,1.174203862,1.193353583,54.5267654010602,5.25705499676171,36.8005805851652
1820,image_0082_compression_L2.jpg,0,0,1,1,1,1,1,1,1,1,1,1,43.3373045873373,3.86892308818234,25.1049240702532
1821,image_0082_compression_L3.jpg,0,0,1,1,1,1,2,1,1,1.142857143,1.174203862,1.193353583,53.4927585985547,4.89110623289305,33.1295348723274
1822,image_0085_compression_L2.jpg,0,0,1,1,1,1,2,1,1,1.142857143,1.174203862,1.193353583,52.2716529183595,4.17799686617716,25.3473847667696
1823,image_0085_compression_L3.jpg,0,0,1,1,1,1,3,1,1,1.285714286,1.348407724,1.386707166,55.7645986854233,5.29665638005063,36.3799976525877
1824,image_0091_compression_L4.jpg,0,0,1,1,1,1,4,1,1,1.428571429,1.522611586,1.580060748,62.9471674281995,7.55239304677129,70.3312965922668
1825,image_0093_compression_L4.jpg,0,0,1,1,1,1,4,1,1,1.428571429,1.522611586,1.580060748,62.6439858965579,7.62588941713767,71.1161109682953
1826,image_0094_compression_L2.jpg,0,0,1,1,1,1,2,1,1,1.142857143,1.174203862,1.193353583,55.5686716830253,4.03804818581603,28.4235305896756
1827,image_0097_compression_L1.jpg,0,1,1,1,1,1,1,1,1,1,1,1,36.6534775215362,3.42672258601455,22.1839964644634
1828,image_0103_compression_L1.jpg,0,0,1,1,1,1,2,1,1,1.142857143,1.174203862,1.193353583,43.4581818124599,4.32001753222981,29.7401191013113
1829,image_0104_compression_L3.jpg,0,0,1,1,1,1,2,1,1,1.142857143,1.174203862,1.193353583,42.8064688232038,5.78315428149167,34.2108087276853
1830,image_0113_compression_L1.jpg,0,1,1,1,1,1,1,1,1,1,1,1,50.6625608127615,3.04372810185443,20.2356447524854
1831,image_0113_compression_L4.jpg,0,0,1,1,1,1,4,1,1,1.428571429,1.522611586,1.580060748,61.8771357866208,7.79124116008409,72.4072439200287
1832,image_0119_compression_L2.jpg,1,0,1,1,1,1,1,1,1,1,1,1,30.6051101561549,3.75853126216663,24.7103708418552
1833,image_0123_compression_L1.jpg,1,1,1,1,1,1,1,1,1,1,1,1,43.4581819815664,4.83314793095009,20.3865085830748
1834,image_0123_compression_L3.jpg,1,0,1,1,1,1,2,1,1,1.142857143,1.174203862,1.193353583,43.3092968334523,5.79327607298999,33.7186442913167
1835,image_0123_compression_L4.jpg,1,0,1,1,1,1,3,1,1,1.285714286,1.348407724,1.386707166,56.7339319682933,8.60461700908455,69.0655972942543
1836,image_0126_compression_L2.jpg,0,0,1,1,1,1,1,1,1,1,1,1,43.4581819815664,5.02455116465913,22.6133914382303
1837,image_0126_compression_L3.jpg,0,0,1,1,1,1,2,1,1,1.142857143,1.174203862,1.193353583,43.4562673242094,5.91493209859727,29.5987399879027
1838,image_0133_compression_L3.jpg,0,0,1,1,1,1,2,1,1,1.142857143,1.174203862,1.193353583,43.3653812694111,6.41382772102036,25.1804542499955
1839,image_0137_compression_L4.jpg,0,0,1,1,1,1,4,1,1,1.428571429,1.522611586,1.580060748,54.6327749068724,8.79543056137162,73.5506284706487
1840,image_0147_compression_L4.jpg,0,0,1,1,1,1,3,1,1,1.285714286,1.348407724,1.386707166,60.8749186565735,8.76216195522429,69.6489382382744
1841,image_0150_compression_L2.jpg,0,0,1,1,1,1,2,1,1,1.142857143,1.174203862,1.193353583,49.2678782130264,4.00288848028757,22.6722901584253
1842,image_0151_compression_L4.jpg,0,0,1,1,1,1,4,1,1,1.428571429,1.522611586,1.580060748,61.0322753225115,7.99204935217475,74.3975861775938
1843,image_0152_compression_L2.jpg,0,0,1,1,2,1,1,1,1,1.142857143,1.064502456,1.1641089,43.3988890051687,4.67160905563297,25.7115238887656
1844,image_0153_compression_L4.jpg,0,0,1,1,1,1,4,1,1,1.428571429,1.522611586,1.580060748,62.6869546544993,8.16850584823241,74.1545102124567
1845,image_0155_compression_L1.jpg,0,1,1,1,1,1,1,1,1,1,1,1,43.4581819815664,6.12791531600562,27.4158693693592
1846,image_0157_compression_L2.jpg,0,0,1,1,1,1,2,1,1,1.142857143,1.174203862,1.193353583,32.0239458334319,4.14069088883661,22.3143791167716
1847,image_0158_compression_L2.jpg,0,0,1,1,1,1,1,1,1,1,1,1,43.2077542357443,4.67623136948772,25.6835707709443
1848,image_0159_compression_L2.jpg,0,0,1,1,1,1,2,1,1,1.142857143,1.174203862,1.193353583,56.885475131927,3.70265658213904,21.9577990702532
1849,image_0159_compression_L4.jpg,0,0,1,1,1,1,4,2,1,1.571428571,1.698922708,1.727572534,59.0373884597647,7.94102442511316,73.3918865545174
1850,image_0168_compression_L4.jpg,1,0,1,1,1,1,4,2,1,1.571428571,1.698922708,1.727572534,57.8641160961318,8.02364211036599,74.6920615285621
1851,image_0170_compression_L1.jpg,1,1,1,1,1,1,1,1,1,1,1,1,43.4320918091981,3.83162235876805,22.9884292778809
1852,image_0175_compression_L1.jpg,1,0,1,1,1,1,1,1,1,1,1,1,23.3022545681602,3.50630295034528,20.3335816854603
1853,image_0177_compression_L2.jpg,0,0,1,1,1,1,2,1,1,1.142857143,1.174203862,1.193353583,43.4172576226506,4.3800695017515,34.176910428615
1854,image_0178_compression_L3.jpg,1,0,1,1,1,1,2,1,1,1.142857143,1.174203862,1.193353583,57.5014875909064,5.31439591115661,40.203830444803
1855,image_0178_compression_L4.jpg,1,0,1,1,1,1,3,1,1,1.285714286,1.348407724,1.386707166,63.2474140454624,7.55838894658439,66.8816179300321
1856,image_0179_compression_L1.jpg,0,1,1,1,1,1,1,1,1,1,1,1,43.4581818238769,3.75140235559951,21.1593103366768
1857,image_0180_compression_L4.jpg,1,0,1,1,1,1,4,2,1,1.571428571,1.698922708,1.727572534,62.6361582913268,7.68138207313078,76.2605772460335
1858,image_0181_compression_L2.jpg,0,0,1,1,1,1,2,1,1,1.142857143,1.174203862,1.193353583,25.7913814984315,3.97408037341248,26.3471217767875
1859,image_0183_compression_L3.jpg,1,0,1,1,1,1,3,1,1,1.285714286,1.348407724,1.386707166,60.368619216618,5.47236675301368,50.8090709961523
1860,image_0184_compression_L3.jpg,1,0,1,1,1,1,2,1,1,1.142857143,1.174203862,1.193353583,57.9736120346174,5.20530445627775,39.414860883336
1861,image_0186_compression_L2.jpg,1,0,1,1,1,1,2,1,1,1.142857143,1.174203862,1.193353583,38.2237694260628,4.3041309116174,25.9069529406272
1862,image_0188_compression_L1.jpg,1,1,1,1,1,1,1,1,1,1,1,1,43.4061429278409,4.35343153002327,14.3587432729788
1863,image_0190_compression_L1.jpg,1,1,1,1,1,1,2,1,1,1.142857143,1.174203862,1.193353583,39.77946471192,3.82357253714488,21.4360878151207
1864,image_0193_compression_L1.jpg,0,1,1,1,2,1,1,1,1,1.142857143,1.064502456,1.1641089,43.4564295104233,4.39933424175041,22.5116491411044
1865,image_0219_compression_L1.jpg,0,1,1,1,1,1,1,1,1,1,1,1,28.1139133476437,3.43705445170123,15.3466017036105
1866,image_0222_compression_L1.jpg,0,1,1,1,1,1,1,1,1,1,1,1,42.5837823748929,4.60839307701581,14.1077331886529
1867,image_0225_compression_L1.jpg,0,1,1,1,1,1,2,1,1,1.142857143,1.174203862,1.193353583,40.3274294697722,3.77043176807002,23.9342452080948
1868,image_0226_compression_L1.jpg,0,0,1,1,1,1,1,1,1,1,1,1,43.355041041965,4.35983446978834,20.2316346023813
1869,image_0229_compression_L3.jpg,0,0,1,1,1,1,3,1,1,1.285714286,1.348407724,1.386707166,54.1151691975932,5.09680583496935,40.305503661293
1870,image_0231_compression_L1.jpg,1,1,1,1,1,1,1,1,1,1,1,1,18.4275729881232,3.57284473515326,21.0861959716961
1871,image_0232_compression_L2.jpg,1,0,1,1,1,1,2,1,1,1.142857143,1.174203862,1.193353583,42.6914702953941,4.76437022177401,20.1265700925385
1872,image_0233_compression_L2.jpg,1,0,1,1,1,1,2,1,1,1.142857143,1.174203862,1.193353583,27.4396558090616,4.17574918639354,17.9789947110486
1873,image_0235_compression_L2.jpg,1,0,1,1,1,1,2,1,1,1.142857143,1.174203862,1.193353583,43.4320749382969,4.49933044618599,33.1642029811072
1874,image_0237_compression_L2.jpg,1,0,1,1,1,1,2,1,1,1.142857143,1.174203862,1.193353583,43.4567268257584,4.78313690704124,26.7124329317991
1875,image_0243_compression_L1.jpg,0,1,1,1,1,1,1,1,1,1,1,1,33.1588140354814,4.52221467542666,17.7813572685957
1876,image_0243_compression_L3.jpg,0,0,1,1,1,1,2,1,1,1.142857143,1.174203862,1.193353583,42.1085067502523,5.67225966377251,35.9457668908521
1877,image_0244_compression_L1.jpg,0,1,1,1,1,1,1,1,1,1,1,1,43.4581819815663,5.40876379913263,16.3491730933411
1878,image_0247_compression_L4.jpg,0,0,1,1,1,1,4,1,1,1.428571429,1.522611586,1.580060748,60.3651300872582,8.51012231018341,75.2647201665812
1879,image_0248_compression_L1.jpg,1,1,1,1,1,1,1,1,1,1,1,1,43.4581819309206,5.35344555280641,19.3788949965537
1880,image_0250_compression_L1.jpg,0,0,1,1,1,1,1,1,1,1,1,1,43.4581819815664,5.24943598660937,19.0059812020074
1881,image_0251_compression_L4.jpg,0,0,1,1,1,1,4,1,1,1.428571429,1.522611586,1.580060748,63.3977809264152,9.05653280478698,73.2091958115419
1882,image_0253_compression_L2.jpg,0,0,1,1,1,1,2,1,1,1.142857143,1.174203862,1.193353583,39.8777138636151,4.86289155857308,23.6256077993095
1883,image_0254_compression_L4.jpg,0,0,1,1,1,1,4,1,1,1.428571429,1.522611586,1.580060748,62.3851991830344,8.84427537518383,73.8541930605138
1884,image_0256_compression_L2.jpg,0,0,1,1,1,1,2,1,1,1.142857143,1.174203862,1.193353583,38.226340785301,4.63580765738336,21.9128331282289
1885,image_0262_compression_L3.jpg,0,0,1,1,1,1,2,1,1,1.142857143,1.174203862,1.193353583,41.8099177749075,5.88308278767688,37.332417239081
1886,image_0264_compression_L2.jpg,0,0,1,1,1,1,2,1,1,1.142857143,1.174203862,1.193353583,53.0779972505931,3.96683929492532,30.8197557272153
1887,image_0266_compression_L3.jpg,1,0,1,1,1,1,3,1,1,1.285714286,1.348407724,1.386707166,41.3331137460545,5.4086388402297,40.4044377152202
1888,image_0278_compression_L2.jpg,0,0,1,1,1,1,2,1,1,1.142857143,1.174203862,1.193353583,50.9937020216568,4.43794091573269,34.8261312564585
1889,image_0278_compression_L4.jpg,0,0,1,1,1,1,4,1,1,1.428571429,1.522611586,1.580060748,63.2439672574849,7.65565545125382,74.6492226480538
1890,image_0279_compression_L1.jpg,0,1,1,1,1,1,1,1,1,1,1,1,43.4580320170323,4.75551635954029,16.7739406671023
1891,image_0283_compression_L4.jpg,0,0,1,3,1,1,4,2,1,1.857142857,1.94846716,2.058686231,58.7099861889499,8.86709874216007,77.1839631734406
1892,image_0284_compression_L2.jpg,0,0,1,1,1,1,2,1,1,1.142857143,1.174203862,1.193353583,32.7494240281636,4.35425448106722,22.9365896203877
1893,image_0284_compression_L4.jpg,0,0,1,1,1,1,4,2,1,1.571428571,1.698922708,1.727572534,59.691092607816,8.58301705125174,76.5910587802016
1894,image_0285_compression_L1.jpg,0,0,1,1,1,1,1,1,1,1,1,1,18.2893489482936,3.26204146304088,21.215719968349
1895,image_0290_compression_L1.jpg,1,0,1,1,1,1,2,1,1,1.142857143,1.174203862,1.193353583,31.1552525869003,3.83310978992491,27.953750040051
1896,image_0292_compression_L1.jpg,1,0,1,1,1,1,1,1,1,1,1,1,28.7126009484466,3.58771661529772,30.8058930583481
1897,image_0300_compression_L3.jpg,0,0,1,3,1,1,3,1,1,1.571428571,1.597952176,1.717820862,56.9034013019019,5.3826579921899,44.0942435522616
1898,image_0301_compression_L1.jpg,1,1,1,1,1,1,2,1,1,1.142857143,1.174203862,1.193353583,46.1332265864136,3.5736560289386,29.0684279288751
1899,image_0301_compression_L2.jpg,1,0,1,1,1,1,2,1,1,1.142857143,1.174203862,1.193353583,49.2394568000622,4.11695747435312,32.2200236165777
1900,image_0302_compression_L4.jpg,0,0,1,1,1,1,4,1,1,1.428571429,1.522611586,1.580060748,49.556951604687,7.83458391518472,67.9888407279805
1901,image_0305_compression_L4.jpg,0,0,1,1,1,1,4,2,1,1.571428571,1.698922708,1.727572534,61.6883743587123,8.22553666593426,72.6416411327095
1902,image_0306_compression_L4.jpg,0,0,1,1,1,1,4,2,1,1.571428571,1.698922708,1.727572534,61.9164173373413,8.13595370894973,72.391443297394
1903,image_0307_compression_L3.jpg,0,0,1,1,1,1,3,1,1,1.285714286,1.348407724,1.386707166,63.169928235986,5.80048539729644,52.630213237418
1904,image_0316_compression_L2.jpg,0,0,1,1,1,1,2,1,1,1.142857143,1.174203862,1.193353583,38.9326046363022,4.34575712637026,37.3996558724362
1905,image_0319_compression_L4.jpg,0,0,1,1,1,1,4,1,1,1.428571429,1.522611586,1.580060748,62.4185365844658,8.21331252725695,75.016371109132
1906,image_0320_compression_L3.jpg,1,0,1,1,1,1,4,2,1,1.571428571,1.698922708,1.727572534,55.8876899987522,5.70326869544641,47.1330507217313
1907,image_0325_compression_L3.jpg,0,0,1,1,1,1,3,1,1,1.285714286,1.348407724,1.386707166,56.0798236223108,5.29450462490421,40.6388657310681
1908,image_0326_compression_L4.jpg,0,0,1,1,1,1,4,1,1,1.428571429,1.522611586,1.580060748,62.5846419626634,7.61382312610767,70.3885120532868
1909,image_0327_compression_L1.jpg,0,1,1,1,1,1,2,1,1,1.142857143,1.174203862,1.193353583,43.09176716208,3.59689474580986,17.1503179390083
1910,image_0328_compression_L3.jpg,0,0,1,1,1,1,4,3,1,1.714285714,1.875233829,1.87508432,61.4468620482956,5.54272089372545,54.8012837829521
1911,image_0329_compression_L3.jpg,0,0,1,1,1,1,3,1,1,1.285714286,1.348407724,1.386707166,50.0921828090359,5.1993531759979,45.8210874677601
1912,image_0331_compression_L4.jpg,0,0,1,1,1,1,4,4,1,1.857142857,2.051544951,2.022596106,54.0506649438606,7.96132387107783,76.2302772293827
1913,image_0332_compression_L1.jpg,0,1,1,1,1,1,1,1,1,1,1,1,35.7429923432792,4.53809091003741,14.6443894219626
1914,image_0332_compression_L4.jpg,0,0,1,1,1,1,4,4,1,1.857142857,2.051544951,2.022596106,60.4685960883138,8.41111911897683,77.666396826468
1915,image_0333_compression_L1.jpg,0,1,1,1,1,1,2,1,1,1.142857143,1.174203862,1.193353583,37.3273523176718,4.2584770090495,16.4948047001214
1916,image_0335_compression_L3.jpg,1,0,1,1,1,1,3,1,1,1.285714286,1.348407724,1.386707166,60.2532946724403,5.54725141382945,48.9895192889651
1917,image_0339_compression_L3.jpg,0,0,1,1,1,1,3,1,1,1.285714286,1.348407724,1.386707166,57.5589193410315,5.3771169892539,46.862310790207
1918,image_0339_compression_L4.jpg,0,0,1,1,1,1,4,2,1,1.571428571,1.698922708,1.727572534,61.1095652074718,8.03690125347926,74.7181523769747
1919,image_0340_compression_L2.jpg,0,0,1,1,1,1,2,1,1,1.142857143,1.174203862,1.193353583,52.2020824512224,4.26131380300456,34.4245834496384
1920,image_0341_compression_L4.jpg,0,0,1,1,1,1,4,2,1,1.571428571,1.698922708,1.727572534,61.0732269878255,7.95658791303463,74.6989377907144
1921,image_0343_compression_L4.jpg,0,0,1,1,1,1,4,1,1,1.428571429,1.522611586,1.580060748,61.7587312274845,7.38659839532253,73.5440423446539
1922,image_0344_compression_L3.jpg,0,0,1,1,1,1,3,1,1,1.285714286,1.348407724,1.386707166,61.1456952444105,5.56452061444056,52.5181840938832
1923,image_0345_compression_L3.jpg,0,0,1,1,1,1,3,1,1,1.285714286,1.348407724,1.386707166,62.3684750143781,5.70120309304295,53.7291547323729
1924,image_0348_compression_L2.jpg,0,0,1,1,1,1,3,1,1,1.285714286,1.348407724,1.386707166,47.4727745465664,4.14990706097749,34.1941851049771
1925,image_0352_compression_L1.jpg,0,1,1,1,1,1,1,1,1,1,1,1,24.9114525699455,3.36854601486565,18.9458421866201
1926,image_0357_compression_L1.jpg,0,1,1,1,1,1,1,1,1,1,1,1,44.591436824617,3.055758873877,28.8909686013521
1927,image_0357_compression_L3.jpg,0,0,1,1,1,1,3,1,1,1.285714286,1.348407724,1.386707166,54.3070011607115,5.41963724568177,44.6770223362203
1928,image_0360_compression_L1.jpg,1,1,1,1,1,1,2,2,1,1.285714286,1.350514984,1.340865369,24.6549810470513,2.9930915374335,29.3723817730789
1929,image_0363_compression_L3.jpg,0,0,1,1,1,1,3,1,1,1.285714286,1.348407724,1.386707166,37.9361784312565,6.12215415245596,41.9552566733477
1930,image_0364_compression_L1.jpg,1,1,1,1,1,1,1,1,1,1,1,1,48.2264599444453,4.27557574945628,18.2100188973233
1931,image_0365_compression_L2.jpg,0,0,1,1,1,1,2,1,1,1.142857143,1.174203862,1.193353583,38.8869965332025,4.64073035755857,21.0612876991793
1932,image_0365_compression_L3.jpg,0,0,1,1,1,1,3,1,1,1.285714286,1.348407724,1.386707166,38.5004590242105,6.16580037727932,37.3700839647593
1933,image_0368_compression_L3.jpg,1,0,1,1,1,1,3,1,1,1.285714286,1.348407724,1.386707166,59.7893646282783,6.0644925807638,36.0713118111
1934,image_0375_compression_L4.jpg,0,0,1,1,1,1,4,2,1,1.571428571,1.698922708,1.727572534,59.8572757681336,7.91041599529379,71.1183899818821
1935,image_0379_compression_L1.jpg,0,1,1,1,1,1,1,1,1,1,1,1,38.3886149906797,4.65895674871488,20.7670351378577
1936,image_0380_compression_L2.jpg,0,0,1,1,1,1,1,1,1,1,1,1,36.8386370989391,4.45512604766633,18.1704673679542
1937,image_0380_compression_L3.jpg,0,0,1,1,1,1,3,1,1,1.285714286,1.348407724,1.386707166,39.8740273157057,5.91323523404702,32.6565059457331
1938,image_0380_compression_L4.jpg,0,0,1,1,1,1,4,1,1,1.428571429,1.522611586,1.580060748,66.1276129053545,8.71199461652084,73.4687058003226
1939,image_0383_compression_L4.jpg,0,0,1,1,1,1,4,4,1,1.857142857,2.051544951,2.022596106,56.7898461518167,8.67680771865223,76.9735731852356
1940,image_0385_compression_L1.jpg,1,1,1,1,1,1,2,1,1,1.142857143,1.174203862,1.193353583,41.2573967739931,3.99643139980311,19.2478363605694
1941,image_0389_compression_L2.jpg,1,0,1,1,1,1,2,1,1,1.142857143,1.174203862,1.193353583,48.3494620565514,4.22135787212074,31.1650992729437
1942,image_0393_compression_L4.jpg,0,0,1,1,1,1,4,4,1,1.857142857,2.051544951,2.022596106,61.9483971287053,8.74519214045151,80.1267199369114
1943,image_0394_compression_L3.jpg,1,0,1,1,1,1,3,2,1,1.428571429,1.524718846,1.534218951,62.50418856924,5.63705985629566,53.7163425116454
1944,image_0400_compression_L2.jpg,0,0,1,1,1,1,2,1,1,1.142857143,1.174203862,1.193353583,52.3431985980836,4.05307951331063,30.83974444258
1945,image_0401_compression_L4.jpg,0,0,1,1,1,1,4,4,1,1.857142857,2.051544951,2.022596106,57.9131930832388,8.22884437384985,78.695290112851
1946,image_0404_compression_L2.jpg,0,0,1,1,1,1,2,1,1,1.142857143,1.174203862,1.193353583,54.2309235968776,3.99375970921978,32.0144950061278
1947,image_0405_compression_L2.jpg,0,0,1,1,1,1,2,1,1,1.142857143,1.174203862,1.193353583,55.761363528798,3.93583443741837,30.9102383684339
1948,image_0405_compression_L3.jpg,0,0,1,1,1,1,3,1,1,1.285714286,1.348407724,1.386707166,58.4724726190088,5.50665392381284,49.9648089639003
1949,image_0410_compression_L2.jpg,0,0,1,1,1,1,2,1,1,1.142857143,1.174203862,1.193353583,51.655911627512,4.13567860149011,28.4077566241979
1950,image_0411_compression_L1.jpg,0,0,1,1,1,1,2,2,1,1.285714286,1.350514984,1.340865369,25.7929649754022,3.11656789864644,31.2614375025721
1951,image_0413_compression_L1.jpg,0,0,1,1,1,1,2,3,1,1.428571429,1.526826105,1.488377154,31.0258609533537,3.13699807048434,34.8432188846663
1952,image_0413_compression_L2.jpg,0,0,1,1,1,1,3,3,1,1.571428571,1.701029967,1.681730737,43.858847514639,3.98654745020728,45.0947860653823
1953,image_0413_compression_L3.jpg,0,0,1,1,1,1,4,3,1,1.714285714,1.875233829,1.87508432,61.9906495414919,5.63273164256075,62.72569857832
1954,image_0414_compression_L3.jpg,0,0,1,1,1,1,4,3,1,1.714285714,1.875233829,1.87508432,64.168054404055,5.6008145339983,60.6440990932515
1955,image_0418_compression_L3.jpg,0,0,1,1,1,1,4,3,1,1.714285714,1.875233829,1.87508432,63.7831548866013,5.70180985983207,58.3670358123528
1956,image_0421_compression_L3.jpg,0,0,1,1,1,1,3,1,1,1.285714286,1.348407724,1.386707166,61.9241947877454,5.62850883280552,50.4186168621815
1957,image_0424_compression_L1.jpg,0,0,1,1,1,1,2,2,1,1.285714286,1.350514984,1.340865369,28.8038774976383,3.11367915130297,33.0744527954487
1958,image_0425_compression_L4.jpg,0,0,1,1,1,1,4,4,1,1.857142857,2.051544951,2.022596106,59.9490248510686,9.30942760372899,81.2555506591338
1959,image_0434_compression_L1.jpg,0,0,1,1,1,1,2,2,1,1.285714286,1.350514984,1.340865369,25.9012910618072,2.96396756631114,31.0587399659115
1960,image_0438_compression_L4.jpg,1,0,1,1,1,1,4,1,1,1.428571429,1.522611586,1.580060748,64.2621714207631,8.45545357092867,77.8197848729087
1961,image_0439_compression_L1.jpg,1,1,1,1,1,1,2,1,1,1.142857143,1.174203862,1.193353583,51.8316406066566,3.05088449974512,24.6146065879653
1962,image_0447_compression_L4.jpg,0,0,1,1,1,1,4,2,1,1.571428571,1.698922708,1.727572534,62.820504285798,8.43164071712708,78.7943294785909
1963,image_0448_compression_L3.jpg,0,0,1,1,1,1,3,1,1,1.285714286,1.348407724,1.386707166,56.3679999870636,5.34441171006286,43.1784627241421
1964,image_0452_compression_L3.jpg,0,0,1,1,1,1,3,2,1,1.428571429,1.524718846,1.534218951,57.1467720583461,5.32982555483237,50.418140416822
1965,image_0454_compression_L4.jpg,0,0,1,1,1,1,4,1,1,1.428571429,1.522611586,1.580060748,63.7505891451246,7.59514896955741,65.3358147948781
1966,image_0457_compression_L2.jpg,0,0,1,1,1,1,2,1,1,1.142857143,1.174203862,1.193353583,58.9737712562464,4.18238109526106,21.8880641709978
1967,image_0459_compression_L3.jpg,0,0,1,1,1,1,3,1,1,1.285714286,1.348407724,1.386707166,53.8151880871732,5.35158165196057,32.7234952286391
1968,image_0459_compression_L4.jpg,0,0,1,1,1,1,4,1,1,1.428571429,1.522611586,1.580060748,64.266091614938,7.54363167509927,65.4979034600167
1969,image_0461_compression_L2.jpg,0,0,1,1,1,1,1,1,1,1,1,1,35.7638387153846,4.32268388175,20.1775524741339
1970,image_0462_compression_L3.jpg,0,0,1,1,1,1,2,1,1,1.142857143,1.174203862,1.193353583,59.1119552937483,5.45901810361905,31.9371287316937
1971,image_0467_compression_L3.jpg,0,0,1,1,1,1,2,1,1,1.142857143,1.174203862,1.193353583,42.2886381072469,5.69652435900594,30.2441464293758
1972,image_0469_compression_L1.jpg,0,1,1,1,1,1,1,1,1,1,1,1,35.7565401125433,3.55256590026763,22.0474025251375
1973,image_0470_compression_L2.jpg,0,0,1,1,1,1,2,1,1,1.142857143,1.174203862,1.193353583,40.9414513713479,4.41638440900203,30.6596594828988
1974,image_0481_compression_L2.jpg,0,0,1,1,1,1,1,1,1,1,1,1,39.0840826829464,4.24908237627342,21.5045212667203
1975,image_0483_compression_L1.jpg,0,1,1,1,1,1,1,1,1,1,1,1,43.3653282662602,4.08095662217607,21.2087516253628
1976,image_0486_compression_L4.jpg,0,0,1,1,1,1,3,1,1,1.285714286,1.348407724,1.386707166,59.9150928053808,8.27833322688265,66.9943371861627
1977,image_0489_compression_L2.jpg,1,0,1,1,1,1,2,1,1,1.142857143,1.174203862,1.193353583,51.5654404095412,3.77718082863839,34.9946690575457
1978,image_0492_compression_L1.jpg,1,1,1,1,1,1,2,2,1,1.285714286,1.350514984,1.340865369,21.0511608060652,2.79302269529071,29.7720486566067
1979,image_0495_compression_L2.jpg,0,0,1,1,1,1,2,1,1,1.142857143,1.174203862,1.193353583,38.3196953747004,3.89493218931479,26.4041999162159
1980,image_0497_compression_L3.jpg,0,0,1,1,1,1,3,1,1,1.285714286,1.348407724,1.386707166,59.9833910178197,5.44513119116443,46.3264597805641
1981,image_0498_compression_L1.jpg,0,0,1,1,1,1,1,1,1,1,1,1,28.793718117997,3.59539679643199,22.4277846529165
1982,image_0503_compression_L2.jpg,0,0,1,1,1,1,3,3,1,1.571428571,1.701029967,1.681730737,42.1228451964834,4.2152720319113,40.8375540858025
1983,image_0510_compression_L3.jpg,0,0,1,1,1,1,3,1,1,1.285714286,1.348407724,1.386707166,48.6461706854507,5.5193139223757,44.0409688397674
1984,image_0512_compression_L1.jpg,0,0,1,1,1,1,2,2,1,1.285714286,1.350514984,1.340865369,40.7433979717329,3.35211669851668,29.7359981256923
1985,image_0518_compression_L4.jpg,1,0,1,2,1,1,4,4,2,2.142857143,2.332885548,2.323525818,53.8206962420174,7.82945302641112,78.2783209891443
1986,image_0519_compression_L3.jpg,1,0,1,1,1,1,4,4,1,1.857142857,2.051544951,2.022596106,45.3283247200875,5.78461000257036,62.7582591033048
1987,image_0521_compression_L2.jpg,0,0,1,1,1,1,3,4,1,1.714285714,1.877341089,1.829242523,53.5329593140855,4.15673315424157,39.2647934421956
1988,image_0521_compression_L3.jpg,0,0,1,1,1,1,4,4,1,1.857142857,2.051544951,2.022596106,50.9324718991473,5.88068698729638,58.4220254870287
1989,image_0522_compression_L2.jpg,0,0,1,1,1,1,3,4,1,1.714285714,1.877341089,1.829242523,54.9812649338697,4.02134951430957,38.6512061460068
1990,image_0522_compression_L4.jpg,0,0,1,1,1,1,4,4,1,1.857142857,2.051544951,2.022596106,59.3510038608589,9.24114614796583,80.5911641531327
1991,image_0524_compression_L2.jpg,0,0,1,1,1,1,3,2,1,1.428571429,1.524718846,1.534218951,42.6899719204843,3.90593523705546,34.9159622860323
1992,image_0529_compression_L4.jpg,0,0,1,1,1,1,4,3,1,1.714285714,1.875233829,1.87508432,61.6627991248264,8.14937707270306,77.0328075164695
1993,image_0532_compression_L4.jpg,1,0,1,1,1,1,4,4,1,1.857142857,2.051544951,2.022596106,61.7195853248156,9.83673910831734,82.282279743637
1994,image_0534_compression_L3.jpg,1,0,1,1,1,1,4,4,1,1.857142857,2.051544951,2.022596106,56.6628507032288,6.067284826997,65.1750826234915
1995,image_0539_compression_L4.jpg,0,0,1,1,1,1,4,4,1,1.857142857,2.051544951,2.022596106,58.4907013703744,10.5610820306044,83.0168298676767
1996,image_0540_compression_L4.jpg,0,0,1,1,1,1,4,4,1,1.857142857,2.051544951,2.022596106,52.9507088859785,10.7465296759676,83.3705565228249
1997,image_0550_compression_L2.jpg,0,0,1,1,1,1,3,3,1,1.571428571,1.701029967,1.681730737,51.2684968326412,4.25631130001784,32.0824287395693
1998,image_0553_compression_L2.jpg,1,0,1,1,1,2,4,4,1,2,2.222368068,2.155569843,51.747703501454,4.98665657777223,57.3813268073002
1999,image_0557_compression_L1.jpg,1,0,1,2,1,1,4,4,1,2,2.176317177,2.188152954,41.1598977799848,4.39784136953008,67.0067476681787
2000,image_0561_compression_L1.jpg,0,0,1,1,2,1,1,1,1,1.142857143,1.064502456,1.1641089,43.4628444726206,5.0946393145225,26.9535235187919
2001,image_0562_compression_L3.jpg,0,0,1,1,1,1,2,1,1,1.142857143,1.174203862,1.193353583,47.2893091286052,7.63281993434989,24.4696351322589
2002,image_0567_compression_L3.jpg,1,0,1,1,1,1,4,4,1,1.857142857,2.051544951,2.022596106,61.5769773976238,6.25647518620319,66.6621289773669
2003,image_0567_compression_L4.jpg,1,0,1,1,1,1,4,4,1,1.857142857,2.051544951,2.022596106,61.0134262359747,9.78093519596826,83.2561151365097
2004,image_0572_compression_L3.jpg,0,0,1,1,1,1,4,4,1,1.857142857,2.051544951,2.022596106,54.5021619473799,6.39760733827253,72.2179923467967
2005,image_0574_compression_L1.jpg,0,1,1,1,1,1,3,4,1,1.714285714,1.877341089,1.829242523,25.9368344155371,3.00055077897393,25.4041326794203
2006,image_0578_compression_L1.jpg,0,1,1,1,1,1,2,3,1,1.428571429,1.526826105,1.488377154,16.2294825236267,2.9587887302603,24.6249021009162
2007,image_0582_compression_L1.jpg,1,0,1,2,1,1,2,3,1,1.571428571,1.651598331,1.653934002,38.1126814452123,2.74007958900713,32.4120551856475
2008,image_0583_compression_L2.jpg,0,0,1,1,1,1,1,1,1,1,1,1,19.6496880640136,3.88403351756869,22.4748670888933
2009,image_0586_compression_L3.jpg,0,0,1,1,1,1,4,3,1,1.714285714,1.875233829,1.87508432,63.9433593139378,6.49283844931847,61.5068039699635
2010,image_0587_compression_L4.jpg,0,0,1,1,1,1,4,4,1,1.857142857,2.051544951,2.022596106,57.061521291808,9.45637909548832,80.514761744011
2011,image_0589_compression_L4.jpg,0,0,1,1,1,1,4,2,1,1.571428571,1.698922708,1.727572534,57.3618698767051,8.78649520257166,73.1691613691861
2012,image_0590_compression_L4.jpg,1,0,1,2,1,2,4,4,1,2.142857143,2.347140294,2.321126691,58.6484812168642,9.82330045977561,81.438951071362
2013,image_0592_compression_L3.jpg,1,0,1,1,1,1,4,3,1,1.714285714,1.875233829,1.87508432,56.7011325092072,5.87008410339793,58.07087324553
2014,image_0593_compression_L4.jpg,0,0,1,1,1,1,4,4,1,1.857142857,2.051544951,2.022596106,57.0182170127522,9.20734481423667,80.1595577373908
2015,image_0596_compression_L2.jpg,0,0,1,1,1,1,2,1,1,1.142857143,1.174203862,1.193353583,40.2208437075453,3.92089419332589,30.0842174952622
2016,image_0596_compression_L3.jpg,0,0,1,1,1,1,3,1,1,1.285714286,1.348407724,1.386707166,48.7691071941799,5.63344998809535,42.4101444139137
2017,image_0597_compression_L1.jpg,0,0,1,1,1,1,1,1,1,1,1,1,38.8922024838706,4.05884773171361,19.9596793138975
2018,image_0598_compression_L4.jpg,1,0,1,1,1,1,4,1,1,1.428571429,1.522611586,1.580060748,62.4908033425847,7.87380430480794,71.098326428282
2019,image_0599_compression_L3.jpg,0,0,1,1,1,1,2,1,1,1.142857143,1.174203862,1.193353583,38.9773474503471,5.66661180993048,37.2089428715511
2020,image_0599_compression_L4.jpg,0,0,1,1,1,1,4,1,1,1.428571429,1.522611586,1.580060748,58.8725097509702,8.27885379108972,69.3843923343582
2021,image_0600_compression_L2.jpg,0,0,1,1,1,1,1,1,1,1,1,1,43.437208034488,4.39414753719963,22.0110627231372
2022,image_0603_compression_L1.jpg,0,1,1,1,1,1,2,1,1,1.142857143,1.174203862,1.193353583,41.5587363016609,4.13942258248436,27.0388329810273
2023,image_0604_compression_L4.jpg,0,0,1,1,1,1,4,1,1,1.428571429,1.522611586,1.580060748,65.0655957309944,8.11056913179542,71.3448777552447
2024,image_0607_compression_L2.jpg,0,0,1,1,1,1,2,1,1,1.142857143,1.174203862,1.193353583,42.1431825952027,4.23372488808615,23.4146677505201
2025,image_0611_compression_L3.jpg,0,0,1,1,1,1,3,1,1,1.285714286,1.348407724,1.386707166,50.1088999444862,5.37434902711588,46.3805476126583
2026,image_0613_compression_L1.jpg,0,1,1,1,1,1,2,1,1,1.142857143,1.174203862,1.193353583,43.4581819815664,6.13502000272104,29.1165083375076
2027,image_0613_compression_L3.jpg,0,0,1,1,1,1,3,1,1,1.285714286,1.348407724,1.386707166,43.409638693694,6.62039592640015,44.0816121777601
2028,image_0613_compression_L4.jpg,0,0,1,1,1,1,4,1,1,1.428571429,1.522611586,1.580060748,65.7097344021088,8.39292616740565,74.9907836980396
2029,image_0616_compression_L3.jpg,0,0,1,1,1,1,2,1,1,1.142857143,1.174203862,1.193353583,39.8182252916576,5.7820930521999,35.4196483646144
2030,image_0620_compression_L3.jpg,1,0,1,1,1,1,3,1,1,1.285714286,1.348407724,1.386707166,54.3982017608378,5.5571412476631,41.5453459670007
2031,image_0621_compression_L3.jpg,0,0,1,1,1,1,2,1,1,1.142857143,1.174203862,1.193353583,38.6828612527931,5.72767205349576,38.3836981913915
2032,image_0622_compression_L2.jpg,0,0,1,1,1,1,2,1,1,1.142857143,1.174203862,1.193353583,41.6002208900915,4.1669600202543,26.0776833397282
2033,image_0625_compression_L1.jpg,0,1,1,1,1,1,1,1,1,1,1,1,43.4581230892067,4.00892821615122,19.4604122952719
2034,image_0629_compression_L3.jpg,0,0,1,1,1,1,4,2,1,1.571428571,1.698922708,1.727572534,60.3040310080833,5.93281781049143,61.4929138211786
2035,image_0634_compression_L1.jpg,1,1,1,1,1,1,1,1,1,1,1,1,38.5013639064536,3.28756015824491,20.4628462165526
2036,image_0640_compression_L1.jpg,0,1,1,1,1,1,1,1,1,1,1,1,48.9813366302417,3.21146318124164,16.9617246882771
2037,image_0644_compression_L1.jpg,1,1,1,1,1,1,2,1,1,1.142857143,1.174203862,1.193353583,42.3831816663633,3.21350169485256,18.4459945336485
2038,image_0645_compression_L1.jpg,0,1,1,1,1,1,1,1,1,1,1,1,43.3764619902185,3.4842705487801,19.9708847594963
2039,image_0648_compression_L1.jpg,1,1,1,1,1,1,2,2,1,1.285714286,1.350514984,1.340865369,45.4439630306275,3.40619688040981,19.8350235420258
2040,image_0650_compression_L1.jpg,1,1,1,1,1,1,1,1,1,1,1,1,44.375577708542,2.73598483528156,23.4488049502646
2041,image_0654_compression_L2.jpg,1,0,1,1,1,1,3,1,1,1.285714286,1.348407724,1.386707166,47.660611363987,3.91176951470172,32.3256756810896
2042,image_0655_compression_L2.jpg,0,0,1,1,1,1,2,1,1,1.142857143,1.174203862,1.193353583,42.9457736684763,4.40818898413421,27.9410426572204
2043,image_0656_compression_L1.jpg,0,1,1,1,1,1,1,1,1,1,1,1,43.3090994873673,3.82753052332911,20.0576251626045
2044,image_0659_compression_L2.jpg,0,0,1,1,1,1,2,1,1,1.142857143,1.174203862,1.193353583,43.0009287448458,4.67206613317726,28.8165360888182
2045,image_0661_compression_L4.jpg,0,0,1,3,1,1,4,3,1,2,2.124778281,2.206198016,60.4513134557824,8.07472956200138,75.2538355256016
2046,image_0662_compression_L3.jpg,0,0,1,3,1,1,3,1,1,1.571428571,1.597952176,1.717820862,58.0283329914667,5.47106468895539,52.7961406603169
2047,image_0662_compression_L4.jpg,0,0,1,3,1,1,4,3,1,2,2.124778281,2.206198016,57.9837038032203,8.10295658706077,74.7351674962581
2048,image_0665_compression_L2.jpg,0,0,1,3,1,1,3,2,1,1.714285714,1.774263298,1.865332648,52.303774683811,4.44788255793848,40.2863900842138
2049,image_0666_compression_L2.jpg,0,0,1,1,1,1,2,1,1,1.142857143,1.174203862,1.193353583,50.4855144263933,4.07111735891488,20.5002029001081
2050,image_0667_compression_L1.jpg,0,1,1,1,1,1,1,1,1,1,1,1,39.027054177506,3.54920543456244,16.6339246303343
2051,image_0672_compression_L2.jpg,0,0,1,1,1,1,2,1,1,1.142857143,1.174203862,1.193353583,41.7530051633134,6.222322590276,23.5736561686185
2052,image_0674_compression_L2.jpg,0,0,1,1,1,1,2,1,1,1.142857143,1.174203862,1.193353583,43.3375639833968,4.63402705576758,21.7298764069889
2053,image_0675_compression_L1.jpg,0,1,1,1,1,1,1,1,1,1,1,1,43.458181981566,4.55765263445018,23.1096793206514
2054,image_0679_compression_L1.jpg,1,0,1,3,1,1,2,1,1,1.428571429,1.423748314,1.524467279,37.2274070513852,2.79614181046576,22.1528217165285
2055,image_0679_compression_L2.jpg,1,0,1,3,1,1,3,1,1,1.571428571,1.597952176,1.717820862,48.4003360805678,3.69667087498756,37.4663639396707
2056,image_0680_compression_L1.jpg,0,1,1,1,1,1,1,1,1,1,1,1,53.1630475954219,2.8042606543117,21.8385142743397
2057,image_0685_compression_L4.jpg,0,0,1,1,1,1,3,1,1,1.285714286,1.348407724,1.386707166,67.5605635657947,8.2995730576886,68.9564836883736
2058,image_0686_compression_L1.jpg,0,1,1,1,1,1,1,1,1,1,1,1,43.458130422667,3.82004426833695,15.9798354934728
2059,image_0687_compression_L2.jpg,0,0,1,1,1,1,2,1,1,1.142857143,1.174203862,1.193353583,33.663041755876,4.15786537692003,34.4484238260419
2060,image_0688_compression_L4.jpg,0,0,1,1,1,1,4,1,1,1.428571429,1.522611586,1.580060748,62.357285591091,7.93487529886738,69.2086102822527
2061,image_0690_compression_L2.jpg,1,0,1,1,1,1,3,3,1,1.571428571,1.701029967,1.681730737,54.1941702777183,4.10811564458262,32.6191879799651
2062,image_0696_compression_L3.jpg,0,0,1,1,1,1,2,1,1,1.142857143,1.174203862,1.193353583,41.8077592878679,5.9178687746392,36.9243730114638
2063,image_0699_compression_L2.jpg,0,0,1,1,1,1,1,1,1,1,1,1,25.5825191175301,4.17875262829299,17.7458955065034
2064,image_0700_compression_L3.jpg,0,0,1,1,1,1,3,1,1,1.285714286,1.348407724,1.386707166,42.9475929022673,5.56687131567795,32.5416606962416
2065,image_0701_compression_L2.jpg,0,0,1,1,1,1,2,1,1,1.142857143,1.174203862,1.193353583,43.4171281199937,4.56124562200492,21.326181320628
2066,image_0704_compression_L3.jpg,0,0,1,1,1,1,3,1,1,1.285714286,1.348407724,1.386707166,59.2221454483231,5.67765377810232,46.5829449338558
2067,image_0710_compression_L2.jpg,0,0,1,1,1,1,2,1,1,1.142857143,1.174203862,1.193353583,43.4581816610209,5.20797454021317,22.7779093952389
2068,image_0711_compression_L1.jpg,0,1,1,1,1,1,1,1,1,1,1,1,43.4581819815611,4.80482698186638,14.3490397614503
2069,image_0712_compression_L4.jpg,0,0,1,1,1,1,3,1,1,1.285714286,1.348407724,1.386707166,67.0848929389549,8.21026755378556,67.9979211111488
2070,image_0713_compression_L2.jpg,0,0,1,1,1,1,2,1,1,1.142857143,1.174203862,1.193353583,43.4581423149897,6.09489005856674,48.8078628762308
2071,image_0722_compression_L2.jpg,0,0,1,1,1,1,2,1,1,1.142857143,1.174203862,1.193353583,43.4442245215331,5.15375214155292,24.8204401641983
2072,image_0730_compression_L2.jpg,0,0,1,1,1,1,1,1,1,1,1,1,42.7027446911488,4.00936115957506,19.4980984521008
2073,image_0731_compression_L4.jpg,0,0,1,1,1,1,4,1,1,1.428571429,1.522611586,1.580060748,62.3115870096241,8.43973135166966,68.6320367969525
2074,image_0732_compression_L2.jpg,0,0,1,1,1,1,2,1,1,1.142857143,1.174203862,1.193353583,43.023025101069,4.23314007764065,25.2462058296477
2075,image_0732_compression_L4.jpg,0,0,1,1,1,1,4,1,1,1.428571429,1.522611586,1.580060748,65.3916700144581,8.11942562350485,76.0116560791555
2076,image_0735_compression_L3.jpg,0,0,1,1,1,1,3,1,1,1.285714286,1.348407724,1.386707166,39.2633762710931,5.67749449892644,53.5262271175518
2077,image_0737_compression_L4.jpg,0,0,1,1,1,1,4,1,1,1.428571429,1.522611586,1.580060748,67.2611071529167,8.37603129761696,74.348023601995
2078,image_0741_compression_L4.jpg,0,0,1,1,1,1,4,4,1,1.857142857,2.051544951,2.022596106,58.3343830952234,9.07639786967371,79.075455565189
2079,image_0742_compression_L2.jpg,0,0,1,1,1,1,3,4,1,1.714285714,1.877341089,1.829242523,54.7567920290674,4.24970548073881,34.9996861141243
2080,image_0745_compression_L1.jpg,0,1,1,1,1,1,2,1,1,1.142857143,1.174203862,1.193353583,37.4139533244872,3.39699073953833,19.6409563118915
2081,image_0745_compression_L2.jpg,0,0,1,1,1,1,2,1,1,1.142857143,1.174203862,1.193353583,49.4158143844993,4.13491275069297,27.5009109861865
2082,image_0747_compression_L4.jpg,0,0,1,1,1,1,4,2,1,1.571428571,1.698922708,1.727572534,61.2122188426204,8.40177629763823,74.3540024921274
2083,image_0748_compression_L3.jpg,0,0,1,1,1,1,3,1,1,1.285714286,1.348407724,1.386707166,51.1658879396431,5.54607097166153,34.9055283913952
2084,image_0749_compression_L3.jpg,0,0,1,1,1,1,3,1,1,1.285714286,1.348407724,1.386707166,62.7934040114263,5.43324751117112,39.4736341899606
2085,image_0750_compression_L1.jpg,0,1,1,1,1,1,1,1,1,1,1,1,37.3540550905597,3.45475028339505,20.4489544430623
2086,image_0751_compression_L3.jpg,0,0,1,1,1,1,2,1,1,1.142857143,1.174203862,1.193353583,39.590004157767,5.68096754034071,36.9470304814346
2087,image_0755_compression_L4.jpg,0,0,1,1,1,1,4,2,1,1.571428571,1.698922708,1.727572534,54.3112105670731,7.5609090167121,71.3845325610022
2088,image_0757_compression_L3.jpg,0,0,1,1,1,1,2,1,1,1.142857143,1.174203862,1.193353583,47.7370583580637,5.41391580095839,38.2842382617546
2089,image_0759_compression_L1.jpg,0,1,1,1,1,1,1,1,1,1,1,1,43.4581818503199,4.47492785007776,15.1395167445972
2090,image_0760_compression_L3.jpg,0,0,1,1,1,1,3,1,1,1.285714286,1.348407724,1.386707166,41.8507378051193,5.18512155580556,40.4095779505586
2091,image_0761_compression_L4.jpg,0,0,1,1,1,1,4,3,1,1.714285714,1.875233829,1.87508432,60.2443345072912,8.00138740047034,76.8989628554467
2092,image_0763_compression_L1.jpg,0,1,1,1,1,1,1,1,1,1,1,1,43.4581378502472,4.71873936196023,14.2128766870173
2093,image_0770_compression_L2.jpg,0,0,1,1,1,1,1,1,1,1,1,1,43.455068093866,4.49665179622144,22.158280537815
2094,image_0771_compression_L3.jpg,0,0,1,1,1,1,3,1,1,1.285714286,1.348407724,1.386707166,61.7513234364058,5.6827510420933,44.1310774333628
2095,image_0772_compression_L2.jpg,0,0,1,1,1,1,2,1,1,1.142857143,1.174203862,1.193353583,39.4568283720917,4.00099682097183,27.9324446039297
2096,image_0772_compression_L4.jpg,0,0,1,1,1,1,4,1,1,1.428571429,1.522611586,1.580060748,59.5380343165652,8.08258864988736,73.1733936287803
2097,image_0775_compression_L1.jpg,0,1,1,1,1,1,1,1,1,1,1,1,36.0187839584482,3.31255390999413,19.8784412834456
2098,image_0778_compression_L4.jpg,0,0,1,1,1,1,4,1,1,1.428571429,1.522611586,1.580060748,60.4975426697928,8.16313392456574,74.8419513464749
2099,image_0781_compression_L1.jpg,0,1,1,1,1,1,1,1,1,1,1,1,39.4366200434179,3.58948439749601,19.5230938280872
2100,image_0782_compression_L2.jpg,1,0,1,1,1,1,3,1,1,1.285714286,1.348407724,1.386707166,43.4255175142905,4.27616959882184,32.0875345769056
2101,image_0784_compression_L3.jpg,1,0,1,1,1,1,4,2,1,1.571428571,1.698922708,1.727572534,53.5964853306063,5.90891441272391,51.4539970131204
2102,image_0785_compression_L2.jpg,0,0,1,1,1,1,2,1,1,1.142857143,1.174203862,1.193353583,41.5155582445822,4.28637858406742,29.0080418497116
2103,image_0788_compression_L1.jpg,0,1,1,1,1,1,1,1,1,1,1,1,39.2716719071238,3.77282691661504,19.7713966848295
2104,image_0789_compression_L1.jpg,0,1,1,1,1,1,1,1,1,1,1,1,43.455458498975,4.13124540920162,22.4729136554389
2105,image_0789_compression_L3.jpg,0,0,1,1,1,1,3,1,1,1.285714286,1.348407724,1.386707166,45.726979906297,5.65356803511873,40.6494808384144
2106,image_0792_compression_L2.jpg,0,0,1,1,1,1,1,1,1,1,1,1,43.4581746924993,4.67578640973707,20.732456898907
2107,image_0793_compression_L2.jpg,0,0,1,1,1,1,2,1,1,1.142857143,1.174203862,1.193353583,41.9308752220552,4.50451538976019,17.5840841489797
2108,image_0793_compression_L3.jpg,0,0,1,1,1,1,3,1,1,1.285714286,1.348407724,1.386707166,39.3606820427667,5.65292859670583,34.8283657520598
2109,image_0794_compression_L4.jpg,0,0,1,1,1,1,4,1,1,1.428571429,1.522611586,1.580060748,62.4801781959945,8.75662457424922,76.2453882484845
2110,image_0796_compression_L3.jpg,0,0,1,1,1,1,3,1,1,1.285714286,1.348407724,1.386707166,56.2075951040853,5.73652705165062,42.6863296212279
2111,image_0796_compression_L4.jpg,0,0,1,1,1,1,4,4,1,1.857142857,2.051544951,2.022596106,61.6822152140695,9.2278055877547,79.0314659648155
2112,image_0799_compression_L3.jpg,0,0,1,1,1,1,4,2,1,1.571428571,1.698922708,1.727572534,54.9523603268475,5.74876804761143,45.371441278346
2113,image_0803_compression_L4.jpg,0,0,1,1,1,1,4,1,1,1.428571429,1.522611586,1.580060748,60.2296147444148,8.73480760775926,73.1796889419048
2114,image_0811_compression_L4.jpg,0,0,1,1,1,1,4,4,1,1.857142857,2.051544951,2.022596106,58.7784927972679,9.06797477798036,80.8423635867045
2115,image_0812_compression_L1.jpg,0,1,1,1,1,1,1,1,1,1,1,1,37.4233554744696,3.83398341156385,21.8677043291174
2116,image_0820_compression_L3.jpg,0,0,1,1,1,1,3,1,1,1.285714286,1.348407724,1.386707166,49.4991628377695,5.3459654072711,41.2076770282565
2117,image_0821_compression_L3.jpg,0,0,1,1,1,1,3,1,1,1.285714286,1.348407724,1.386707166,60.5609136386663,5.62959797783937,44.3962011930544
2118,image_0822_compression_L3.jpg,0,0,1,1,1,1,3,1,1,1.285714286,1.348407724,1.386707166,59.1280042410776,5.41295064178251,37.7233127218682
2119,image_0822_compression_L4.jpg,0,0,1,1,1,1,4,1,1,1.428571429,1.522611586,1.580060748,59.5948745948385,8.40729308022442,73.2635289017042
2120,image_0824_compression_L1.jpg,0,1,1,1,1,1,1,1,1,1,1,1,43.4581819800666,4.26983024684468,30.2856613242003
2121,image_0825_compression_L2.jpg,0,0,1,1,1,1,1,1,1,1,1,1,43.4394556073675,4.568924622999,19.5159773349373
2122,image_0826_compression_L4.jpg,0,0,1,1,1,1,4,1,1,1.428571429,1.522611586,1.580060748,65.1259012923578,8.75438181519209,74.0178506377116
2123,image_0830_compression_L1.jpg,0,1,1,1,1,1,1,1,1,1,1,1,43.4223935586482,3.85857400928777,19.1899980230636
2124,image_0831_compression_L3.jpg,0,0,1,1,1,1,2,1,1,1.142857143,1.174203862,1.193353583,38.2506238081002,5.49892853746243,37.6170273707808
2125,image_0832_compression_L3.jpg,0,0,1,1,1,1,2,1,1,1.142857143,1.174203862,1.193353583,39.0840326272383,5.61990365857422,38.1787039944036
2126,image_0832_compression_L4.jpg,0,0,1,1,1,1,4,1,1,1.428571429,1.522611586,1.580060748,66.2290582404276,8.30288274705477,71.0147457596998
2127,image_0833_compression_L2.jpg,0,0,1,1,1,1,2,1,1,1.142857143,1.174203862,1.193353583,40.9579361486741,4.27830781447761,27.8630625469227
2128,image_0834_compression_L4.jpg,0,0,1,1,1,1,4,1,1,1.428571429,1.522611586,1.580060748,59.9997626430416,8.2551922317214,73.8339946618174
2129,image_0840_compression_L1.jpg,0,1,1,1,1,1,1,1,1,1,1,1,43.4579536024374,4.23994890041676,16.7847113474188
2130,image_0840_compression_L2.jpg,0,0,1,1,1,1,1,1,1,1,1,1,43.3332667412399,4.3086660045688,19.9660562384202
2131,image_0842_compression_L1.jpg,0,1,1,1,1,1,1,1,1,1,1,1,30.4358524252765,3.67183935733753,16.5479625562671
2132,image_0843_compression_L2.jpg,0,0,1,1,1,1,3,1,1,1.285714286,1.348407724,1.386707166,53.2064243214418,4.28959441495486,24.2931985139203
2133,image_0849_compression_L1.jpg,0,1,1,1,1,1,1,1,1,1,1,1,43.458158739985,5.27091233849318,12.05939698284
2134,image_0856_compression_L1.jpg,0,1,1,1,1,1,1,1,1,1,1,1,43.458102278701,3.64046372973464,21.3541243816448
2135,image_0856_compression_L4.jpg,0,0,1,1,1,1,4,1,1,1.428571429,1.522611586,1.580060748,63.9260636132009,7.94968550101364,73.3900608784108
2136,image_0859_compression_L2.jpg,0,0,1,1,1,1,1,1,1,1,1,1,42.7099268641519,4.5584058012585,21.7963939403513
2137,image_0859_compression_L3.jpg,0,0,1,1,1,1,3,1,1,1.285714286,1.348407724,1.386707166,40.4517762881633,5.65929040841418,36.8201178124962
2138,image_0859_compression_L4.jpg,0,0,1,1,1,1,4,1,1,1.428571429,1.522611586,1.580060748,58.7953233476538,8.31376220519962,71.6310952047539
2139,image_0864_compression_L3.jpg,0,0,1,1,1,1,2,1,1,1.142857143,1.174203862,1.193353583,42.2029016098838,5.49690270936948,31.9792981429748
2140,image_0865_compression_L4.jpg,0,0,1,1,1,1,4,1,1,1.428571429,1.522611586,1.580060748,59.1470293417664,7.93897884849936,74.0889240664266
2141,image_0866_compression_L2.jpg,0,0,1,1,1,1,2,1,1,1.142857143,1.174203862,1.193353583,43.9219612825425,3.86380751788805,21.7562757316638
2142,image_0867_compression_L2.jpg,0,0,1,1,1,1,2,1,1,1.142857143,1.174203862,1.193353583,35.0880529953072,3.67975531228985,27.0749641035793
2143,image_0870_compression_L3.jpg,0,0,1,1,1,1,3,1,1,1.285714286,1.348407724,1.386707166,38.3687472502579,5.53101302682994,39.1597792535317
2144,image_0870_compression_L4.jpg,0,0,1,1,1,1,4,1,1,1.428571429,1.522611586,1.580060748,62.3679411635244,8.17609085451947,76.1723104441766
2145,image_0874_compression_L4.jpg,0,0,1,1,1,1,4,1,1,1.428571429,1.522611586,1.580060748,58.8651651464565,8.30121725000179,73.4415629109563
2146,image_0876_compression_L3.jpg,0,0,1,1,1,1,3,1,1,1.285714286,1.348407724,1.386707166,45.3599888193531,5.83272602819146,62.0023210415863
2147,image_0882_compression_L3.jpg,0,0,1,1,1,1,3,1,1,1.285714286,1.348407724,1.386707166,56.3754825855818,5.34078615661613,40.0451783085272
2148,image_0883_compression_L1.jpg,0,0,1,1,1,1,2,1,1,1.142857143,1.174203862,1.193353583,34.491631399904,3.43815275822779,31.3533520527211
2149,image_0883_compression_L2.jpg,0,0,1,1,1,1,3,1,1,1.285714286,1.348407724,1.386707166,34.1194236795178,3.99949325709849,39.8624866955664
2150,image_0890_compression_L3.jpg,0,0,1,1,1,1,4,3,1,1.714285714,1.875233829,1.87508432,48.3382540636243,6.10757593065233,73.0519651975615
2151,image_0897_compression_L2.jpg,0,0,1,1,1,1,1,1,1,1,1,1,43.3578774069783,4.27942611692694,21.0843295791681
2152,image_0898_compression_L2.jpg,0,0,1,1,1,1,2,1,1,1.142857143,1.174203862,1.193353583,39.235709723657,4.14313426774185,28.1416425490546
2153,image_0903_compression_L1.jpg,0,1,1,1,1,1,1,1,1,1,1,1,43.4581819716158,4.15261448875616,23.7897896792746
2154,image_0904_compression_L1.jpg,0,0,1,1,1,1,3,4,1,1.714285714,1.877341089,1.829242523,45.7518251618368,4.68123091799694,44.789824762559
2155,image_0911_compression_L3.jpg,1,0,1,1,1,1,2,1,1,1.142857143,1.174203862,1.193353583,59.354625851327,5.431902802356,35.805918026272
2156,image_0913_compression_L1.jpg,0,1,1,1,1,1,1,1,1,1,1,1,24.971771646397,3.50503658581208,21.6603888382451
2157,image_0920_compression_L1.jpg,1,1,1,1,1,1,1,1,1,1,1,1,30.7233504478123,3.32926719215265,21.3922383748019
2158,image_0921_compression_L1.jpg,1,1,1,1,1,1,1,1,1,1,1,1,18.6517470986758,3.41291447345208,22.2900702700005
2159,image_0924_compression_L2.jpg,1,0,1,1,1,1,2,1,1,1.142857143,1.174203862,1.193353583,60.9246318723752,3.98824736831813,29.7739658888966
2160,image_0924_compression_L3.jpg,1,0,1,1,1,1,3,1,1,1.285714286,1.348407724,1.386707166,60.0578155028807,5.52198780240289,43.6968585852818
2161,image_0925_compression_L2.jpg,1,0,1,1,1,1,3,2,1,1.428571429,1.524718846,1.534218951,48.147409271856,4.25545450575369,30.594118455656
2162,image_0926_compression_L2.jpg,0,0,1,1,1,1,2,1,1,1.142857143,1.174203862,1.193353583,42.5600117400651,4.70352744002033,22.2474063655645
2163,image_0926_compression_L3.jpg,0,0,1,1,1,1,3,1,1,1.285714286,1.348407724,1.386707166,47.6895162845317,6.14830866215438,35.6456357045397
2164,image_0927_compression_L4.jpg,1,0,1,1,1,1,4,4,1,1.857142857,2.051544951,2.022596106,54.9390134354451,10.6679272557597,81.7305109637295
2165,image_0932_compression_L2.jpg,0,0,1,1,1,1,2,1,1,1.142857143,1.174203862,1.193353583,45.2942344977315,3.97571057465887,27.5705049086335
2166,image_0937_compression_L4.jpg,0,0,1,1,1,1,4,2,1,1.571428571,1.698922708,1.727572534,59.1538833496998,8.24757664569351,72.2356638071126
2167,image_0940_compression_L3.jpg,1,0,1,1,1,1,3,2,1,1.428571429,1.524718846,1.534218951,55.7040383689276,5.89032328037283,49.492377941247
2168,image_0943_compression_L4.jpg,0,0,1,1,1,1,4,3,1,1.714285714,1.875233829,1.87508432,61.2534815946761,8.37701950536784,75.2165701599
2169,image_0945_compression_L4.jpg,0,0,1,1,1,1,4,3,1,1.714285714,1.875233829,1.87508432,59.1613653563475,8.25484981003304,75.1631227047244
2170,image_0948_compression_L4.jpg,0,0,1,1,1,1,4,1,1,1.428571429,1.522611586,1.580060748,59.2174555987326,7.50431863754927,67.966956963412
2171,image_0949_compression_L3.jpg,0,0,1,1,1,1,3,1,1,1.285714286,1.348407724,1.386707166,56.9242262849403,5.44372498475434,45.7337639150005
2172,image_0951_compression_L4.jpg,0,0,1,1,1,1,4,2,1,1.571428571,1.698922708,1.727572534,57.6979707719882,7.81084939744979,71.6149416949097
2173,image_0955_compression_L1.jpg,0,1,1,1,1,1,2,1,1,1.142857143,1.174203862,1.193353583,54.363567776662,3.1698231382023,22.712931650111
2174,image_0955_compression_L3.jpg,0,0,1,1,1,1,3,1,1,1.285714286,1.348407724,1.386707166,57.9473742358076,5.38086465952763,43.7015464531438
2175,image_0955_compression_L4.jpg,0,0,1,1,1,1,4,3,1,1.714285714,1.875233829,1.87508432,50.9716837325144,7.57979048563903,72.3360012842851
2176,image_0956_compression_L4.jpg,0,0,1,1,1,1,4,2,1,1.571428571,1.698922708,1.727572534,59.0806890634698,8.58890986065601,76.9143903652164
2177,image_0957_compression_L2.jpg,0,0,1,1,1,1,2,1,1,1.142857143,1.174203862,1.193353583,43.457679601731,4.97779145886702,25.1073995622278
2178,image_0957_compression_L3.jpg,0,0,1,1,1,1,3,1,1,1.285714286,1.348407724,1.386707166,38.7498597253781,6.03123890368511,46.5820175192243
2179,image_0959_compression_L1.jpg,0,1,1,1,1,1,1,1,1,1,1,1,43.4581819813229,4.52182574994901,16.1548370695375
2180,image_0959_compression_L4.jpg,0,0,1,1,1,1,4,1,1,1.428571429,1.522611586,1.580060748,63.3791420056683,8.89805886936815,74.2922554254335
2181,image_0962_compression_L4.jpg,0,0,1,1,1,1,4,1,1,1.428571429,1.522611586,1.580060748,59.6975212345166,8.89199130056208,75.9258462544594
2182,image_0963_compression_L1.jpg,0,1,1,1,1,1,1,1,1,1,1,1,43.4581819814647,4.45449556526539,17.4073022027168
2183,image_0965_compression_L2.jpg,1,0,1,1,1,1,2,1,1,1.142857143,1.174203862,1.193353583,34.6643116289347,3.81738587747495,21.7428054696432
2184,image_0965_compression_L4.jpg,1,0,1,1,1,1,4,2,1,1.571428571,1.698922708,1.727572534,58.8199148278574,7.66930708566807,73.7585542346981
2185,image_0966_compression_L3.jpg,0,0,1,1,1,1,3,1,1,1.285714286,1.348407724,1.386707166,54.340541850908,5.23934389416633,42.0418997608744
2186,image_0973_compression_L1.jpg,1,1,1,1,1,1,1,1,1,1,1,1,39.5493933916,3.51175910392187,25.5325938958609
2187,image_0976_compression_L4.jpg,0,0,1,1,1,1,4,1,1,1.428571429,1.522611586,1.580060748,61.6828337111166,7.58588551812147,68.9264147080388
2188,image_0979_compression_L3.jpg,0,0,1,1,1,1,2,1,1,1.142857143,1.174203862,1.193353583,38.823995373067,4.9594194695355,36.2948855263402
2189,image_0983_compression_L4.jpg,0,0,1,1,1,1,4,1,1,1.428571429,1.522611586,1.580060748,63.1528202407084,7.54340541738294,69.8182971123173
2190,image_0984_compression_L3.jpg,1,0,1,1,1,1,3,2,1,1.428571429,1.524718846,1.534218951,60.8324406569747,5.78578875953673,48.1792632122238
2191,image_0990_compression_L1.jpg,1,0,1,1,1,1,1,1,1,1,1,1,30.1557899197091,3.76410696248965,23.4853302528019
2192,image_0990_compression_L2.jpg,1,0,1,1,1,1,2,1,1,1.142857143,1.174203862,1.193353583,39.7971468591909,4.47308844193163,31.5442834277509
2193,image_0002_contrast_L1.jpg,1,1,1,1,1,1,1,1,1,1,1,1,43.4581819815664,6.20309962974184,19.5584540924048
2194,image_0007_contrast_L2.jpg,1,0,1,1,1,2,1,1,1,1.142857143,1.170823117,1.132973737,43.4581820896959,5.20058842034393,17.9014654116534
2195,image_0008_contrast_L1.jpg,1,1,1,1,1,1,1,1,1,1,1,1,43.3072991125718,3.49514100484734,18.1344721422832
2196,image_0013_contrast_L1.jpg,0,1,1,1,1,1,1,1,1,1,1,1,43.4569991625887,5.20790890586087,17.8589527014486
2197,image_0013_contrast_L4.jpg,0,0,1,1,1,4,2,4,1,2,2.215606578,2.034810152,31.4835506886166,3.94250508440017,22.7431301844877
2198,image_0020_contrast_L1.jpg,0,1,1,1,1,1,1,1,1,1,1,1,42.8824220458938,3.33937167542371,17.4772470288088
2199,image_0024_contrast_L2.jpg,0,0,1,1,1,2,1,2,1,1.285714286,1.347134239,1.280485523,43.4581826782401,4.25832465331959,20.3230746948019
2200,image_0026_contrast_L3.jpg,1,0,1,1,1,3,2,4,1,1.857142857,2.044783461,1.901836415,21.7130511624264,3.39436704052749,12.5908624576922
2201,image_0029_contrast_L3.jpg,1,0,1,1,1,3,2,4,1,1.857142857,2.044783461,1.901836415,23.483361839727,3.45272231206373,14.6194204852932
2202,image_0030_contrast_L3.jpg,0,0,1,1,1,3,1,3,1,1.571428571,1.694268477,1.560971046,43.4581819816076,4.18944454261786,17.8435148622461
2203,image_0031_contrast_L1.jpg,0,0,1,1,1,1,1,1,1,1,1,1,43.4581819815664,4.50659406285579,18.4311066865764
2204,image_0035_contrast_L2.jpg,0,0,1,1,1,2,1,2,1,1.285714286,1.347134239,1.280485523,43.4581819815664,4.37643902909275,20.5697394568611
2205,image_0036_contrast_L3.jpg,0,0,1,1,1,3,1,4,1,1.714285714,1.870579599,1.708482832,43.458181988511,3.77147789708918,18.7208006771134
2206,image_0037_contrast_L1.jpg,1,1,1,1,1,1,1,1,1,1,1,1,43.4581819815664,6.08053454742055,21.7452813591122
2207,image_0038_contrast_L3.jpg,0,0,1,1,1,3,2,4,1,1.857142857,2.044783461,1.901836415,39.556594030476,3.55081364407067,18.7304643149891
2208,image_0039_contrast_L1.jpg,1,1,1,1,1,1,1,1,1,1,1,1,43.4581819815702,4.66281548828878,19.3568701757338
2209,image_0039_contrast_L2.jpg,1,0,1,1,1,2,1,1,1,1.142857143,1.170823117,1.132973737,43.4581819816,4.6386527366315,18.1419219512754
2210,image_0040_contrast_L3.jpg,1,0,1,1,1,3,1,4,1,1.714285714,1.870579599,1.708482832,30.2744275339088,3.79924927110523,18.2875149780315
2211,image_0041_contrast_L2.jpg,0,0,1,1,1,2,1,1,1,1.142857143,1.170823117,1.132973737,43.4581819815664,4.69308342384816,22.9042501334929
2212,image_0041_contrast_L3.jpg,0,0,1,1,1,3,1,3,1,1.571428571,1.694268477,1.560971046,43.458181981564,4.5101412045688,22.3801079683991
2213,image_0042_contrast_L4.jpg,0,0,1,1,1,4,2,4,1,2,2.215606578,2.034810152,43.4341305432541,4.24870316092966,22.4447940583601
2214,image_0044_contrast_L1.jpg,0,1,1,1,1,1,1,3,1,1.285714286,1.352622243,1.295023571,43.4581819756539,4.98015643394209,41.905671819774
2215,image_0045_contrast_L3.jpg,0,0,1,1,1,3,1,4,1,1.714285714,1.870579599,1.708482832,43.4581430456585,3.88012652802773,18.9637263127521
2216,image_0050_contrast_L4.jpg,0,0,1,1,1,4,2,4,1,2,2.215606578,2.034810152,43.4581819815664,6.49524128979966,19.9463747060408
2217,image_0051_contrast_L4.jpg,0,0,1,1,1,4,2,4,1,2,2.215606578,2.034810152,29.3023932078561,3.92540517030077,16.0688757957545
2218,image_0056_contrast_L4.jpg,1,0,1,1,1,4,3,4,1,2.142857143,2.38981044,2.228163735,18.2478041854299,3.86099856398976,15.1187241758293
2219,image_0057_contrast_L2.jpg,0,0,1,1,1,2,1,4,1,1.571428571,1.699756482,1.575509094,35.0287490975314,3.30353976117408,12.7531016252601
2220,image_0066_contrast_L2.jpg,0,0,1,1,1,2,1,2,1,1.285714286,1.347134239,1.280485523,43.4352704942722,4.58188395597913,16.1925712282729
2221,image_0066_contrast_L3.jpg,0,0,1,1,1,3,1,4,1,1.714285714,1.870579599,1.708482832,36.0331604566031,4.48265158962516,15.7276023923471
2222,image_0066_contrast_L4.jpg,0,0,1,1,1,4,2,4,1,2,2.215606578,2.034810152,19.8737079290088,4.39214738766696,16.9911621966045
2223,image_0067_contrast_L1.jpg,0,1,1,1,1,1,1,1,1,1,1,1,43.4581934340887,3.64125173132159,19.0645898454231
2224,image_0067_contrast_L2.jpg,0,0,1,1,1,2,1,1,1,1.142857143,1.170823117,1.132973737,43.455811233957,3.88557615746276,16.8816094678673
2225,image_0073_contrast_L4.jpg,0,0,1,1,1,4,2,4,1,2,2.215606578,2.034810152,22.7206358715253,3.7122114720424,18.4769044445223
2226,image_0075_contrast_L3.jpg,0,0,1,1,1,3,1,3,1,1.571428571,1.694268477,1.560971046,43.4581819815664,5.67375207626898,23.3968885067889
2227,image_0079_contrast_L1.jpg,1,1,1,1,1,1,1,1,1,1,1,1,43.4581819815664,7.5302384032703,22.7771661008059
2228,image_0088_contrast_L3.jpg,0,0,1,1,1,3,1,4,1,1.714285714,1.870579599,1.708482832,34.7871994608972,3.80785041115059,17.7685168713666
2229,image_0089_contrast_L4.jpg,0,0,1,1,1,4,1,4,1,1.857142857,2.041402716,1.841456569,43.4581819870975,5.11734057265323,16.2211165199705
2230,image_0091_contrast_L2.jpg,0,0,1,1,1,2,1,2,1,1.285714286,1.347134239,1.280485523,36.7424349647123,3.66434926402487,16.187815622082
2231,image_0091_contrast_L3.jpg,0,0,1,1,1,3,1,4,1,1.714285714,1.870579599,1.708482832,35.9466065637235,3.82178040131955,15.3744422178246
2232,image_0093_contrast_L4.jpg,0,0,1,1,1,4,2,4,1,2,2.215606578,2.034810152,22.9713724350551,3.77979812739181,14.7882562701359
2233,image_0095_contrast_L2.jpg,0,0,1,1,1,2,1,2,1,1.285714286,1.347134239,1.280485523,40.9584214918469,3.5101726115454,17.3831115303738
2234,image_0096_contrast_L3.jpg,0,0,1,1,1,3,1,4,1,1.714285714,1.870579599,1.708482832,32.5114267939831,3.73679064386017,18.0856215638687
2235,image_0098_contrast_L4.jpg,0,0,1,1,1,4,2,4,1,2,2.215606578,2.034810152,31.8044542883126,3.94904140417171,15.0882571345851
2236,image_0101_contrast_L4.jpg,0,0,1,1,1,4,3,4,1,2.142857143,2.38981044,2.228163735,35.0706605891952,4.36286482136243,22.9429448755531
2237,image_0104_contrast_L2.jpg,0,0,1,1,1,2,1,1,1,1.142857143,1.170823117,1.132973737,43.4581819815664,6.79175773032609,23.460074194441
2238,image_0105_contrast_L1.jpg,0,1,1,1,1,1,1,1,1,1,1,1,43.4581951673035,4.18327696081139,26.643691878498
2239,image_0107_contrast_L4.jpg,0,0,1,1,1,4,3,4,1,2.142857143,2.38981044,2.228163735,28.0338067871956,3.79319853149879,16.4926472308881
2240,image_0109_contrast_L4.jpg,0,0,1,1,1,4,3,4,1,2.142857143,2.38981044,2.228163735,29.9662303668976,3.49372247493061,15.0808619724138
2241,image_0113_contrast_L3.jpg,0,0,1,1,1,3,1,4,1,1.714285714,1.870579599,1.708482832,21.1328382834931,3.21058005696714,14.1004254676154
2242,image_0113_contrast_L4.jpg,0,0,1,1,1,4,3,4,1,2.142857143,2.38981044,2.228163735,24.5273643922669,3.44126611236059,14.7844265948018
2243,image_0115_contrast_L2.jpg,0,0,1,1,1,2,1,1,1,1.142857143,1.170823117,1.132973737,43.458181981627,5.86596306891284,31.7054384168685
2244,image_0118_contrast_L1.jpg,0,1,1,1,1,1,1,1,1,1,1,1,43.4581819815664,5.72639094614886,17.9060811281449
2245,image_0119_contrast_L3.jpg,1,0,1,1,1,3,1,3,1,1.571428571,1.694268477,1.560971046,43.4581846125338,3.92749121757668,27.237849003224
2246,image_0125_contrast_L3.jpg,1,0,1,1,1,3,2,4,1,1.857142857,2.044783461,1.901836415,31.4678587349824,3.8453598218907,15.0087268512228
2247,image_0131_contrast_L4.jpg,0,0,1,1,1,4,2,4,1,2,2.215606578,2.034810152,43.4581818141067,4.42378605526779,17.0873226506303
2248,image_0134_contrast_L2.jpg,1,0,1,1,1,2,1,4,1,1.571428571,1.699756482,1.575509094,31.7322914265973,3.64625436505992,14.1322749124368
2249,image_0134_contrast_L3.jpg,1,0,1,1,1,3,2,4,1,1.857142857,2.044783461,1.901836415,28.6607850127016,3.80037930461719,13.3705753878302
2250,image_0136_contrast_L2.jpg,0,0,1,1,1,3,1,3,1,1.571428571,1.694268477,1.560971046,43.4581819815664,6.24013383267792,13.1157084311847
2251,image_0138_contrast_L3.jpg,0,0,1,1,1,3,1,4,1,1.714285714,1.870579599,1.708482832,43.4581819815664,6.87080241422059,17.9626964689143
2252,image_0144_contrast_L4.jpg,1,0,1,1,1,4,2,4,1,2,2.215606578,2.034810152,43.458181981649,4.96727721776412,18.584072376184
2253,image_0146_contrast_L1.jpg,0,1,1,1,1,2,1,2,1,1.285714286,1.347134239,1.280485523,43.4578236854492,4.87707546529806,16.8024929670577
2254,image_0146_contrast_L3.jpg,0,0,1,1,1,3,2,4,1,1.857142857,2.044783461,1.901836415,37.431015886511,4.24701741826369,17.8081161945551
2255,image_0151_contrast_L3.jpg,0,0,1,1,1,3,1,4,1,1.714285714,1.870579599,1.708482832,43.4581994406502,3.84108458223014,25.6402281503082
2256,image_0154_contrast_L2.jpg,0,0,1,1,1,2,1,1,1,1.142857143,1.170823117,1.132973737,43.4581819815664,6.78788978226486,24.023072209568
2257,image_0155_contrast_L4.jpg,0,0,1,1,1,4,2,4,1,2,2.215606578,2.034810152,43.4581819113242,5.48845618744592,26.9631495841186
2258,image_0156_contrast_L2.jpg,0,0,1,1,1,2,1,1,1,1.142857143,1.170823117,1.132973737,43.4581819815664,5.53805817094789,19.7348387116071
2259,image_0161_contrast_L2.jpg,1,0,1,1,1,2,1,2,1,1.285714286,1.347134239,1.280485523,43.4581819815744,4.79728142446169,22.50318374051
2260,image_0163_contrast_L2.jpg,0,0,1,1,1,2,1,1,1,1.142857143,1.170823117,1.132973737,43.4581819815664,5.85551986661105,21.9068217081421
2261,image_0163_contrast_L4.jpg,0,0,1,1,1,4,2,4,1,2,2.215606578,2.034810152,43.4578229880668,5.08998798276317,22.4136576661687
2262,image_0165_contrast_L1.jpg,1,1,1,1,1,1,1,1,1,1,1,1,43.4581819815664,6.68587563286621,31.9424170529941
2263,image_0165_contrast_L4.jpg,1,0,1,1,1,4,2,4,1,2,2.215606578,2.034810152,42.6347398644486,3.89652946154035,21.6636247654825
2264,image_0166_contrast_L3.jpg,0,0,1,1,1,3,1,4,1,1.714285714,1.870579599,1.708482832,43.4581819815664,5.33232873275596,21.3513310533802
2265,image_0174_contrast_L1.jpg,1,1,1,1,1,1,1,2,1,1.142857143,1.176311122,1.147511786,27.8324544658819,4.12297484199626,21.8250914666043
2266,image_0174_contrast_L3.jpg,1,0,1,1,1,3,1,4,1,1.714285714,1.870579599,1.708482832,20.0650237461455,3.47304968653385,17.243220983592
2267,image_0175_contrast_L3.jpg,1,0,1,1,1,3,1,4,1,1.714285714,1.870579599,1.708482832,31.5162920516078,3.82613578176866,14.2334944693091
2268,image_0178_contrast_L3.jpg,1,0,1,1,1,3,1,4,1,1.714285714,1.870579599,1.708482832,43.4581830446753,4.00039335412173,21.8706336290601
2269,image_0180_contrast_L4.jpg,1,0,1,1,1,4,3,4,1,2.142857143,2.38981044,2.228163735,33.5242965425881,3.91913949030037,23.6399730184854
2270,image_0181_contrast_L1.jpg,0,1,1,1,1,1,1,1,1,1,1,1,43.4581827461813,6.16320125690884,28.520079581458
2271,image_0185_contrast_L4.jpg,0,0,1,1,1,4,2,4,1,2,2.215606578,2.034810152,31.3393223565303,4.10492197962567,27.5602529091988
2272,image_0190_contrast_L3.jpg,1,0,1,1,1,3,2,4,1,1.857142857,2.044783461,1.901836415,41.7673100019482,4.33588818698583,15.6894115639357
2273,image_0192_contrast_L2.jpg,1,0,1,1,1,2,1,2,1,1.285714286,1.347134239,1.280485523,43.4581327948332,4.69905760357865,13.8920245281866
2274,image_0192_contrast_L3.jpg,1,0,1,1,1,3,1,4,1,1.714285714,1.870579599,1.708482832,43.2861161135794,4.55639859318824,12.4466060387873
2275,image_0194_contrast_L3.jpg,0,0,1,1,1,3,1,3,1,1.571428571,1.694268477,1.560971046,43.4581821804443,4.64810232796223,20.2815293937566
2276,image_0196_contrast_L1.jpg,0,1,1,1,1,1,1,1,1,1,1,1,43.4581893809975,4.34418865847414,23.7611142019958
2277,image_0197_contrast_L3.jpg,0,0,1,1,1,3,1,4,1,1.714285714,1.870579599,1.708482832,43.4581819815664,4.60063434769287,16.6060730450571
2278,image_0198_contrast_L2.jpg,1,0,1,1,1,3,1,4,1,1.714285714,1.870579599,1.708482832,31.2156057514357,3.93487203984871,12.540353536974
2279,image_0204_contrast_L1.jpg,0,1,1,1,1,1,1,1,1,1,1,1,26.0734923128283,3.41181363070308,12.2557815698604
2280,image_0204_contrast_L2.jpg,0,0,1,1,1,2,1,3,1,1.428571429,1.52344536,1.427997309,16.2097065626872,3.20957412371021,11.2023148587183
2281,image_0206_contrast_L2.jpg,0,0,1,1,1,2,1,3,1,1.428571429,1.52344536,1.427997309,29.470343390973,3.32346784547459,13.5899981011801
2282,image_0206_contrast_L4.jpg,0,0,1,1,1,4,2,4,1,2,2.215606578,2.034810152,20.6688017826292,3.07819148114327,10.5580917296108
2283,image_0210_contrast_L2.jpg,0,0,1,1,1,3,1,4,1,1.714285714,1.870579599,1.708482832,28.5881305538535,4.84291530775752,6.62514722333734
2284,image_0213_contrast_L4.jpg,0,0,1,1,1,4,2,4,1,2,2.215606578,2.034810152,34.4826327138989,3.51736659550419,8.45616126412891
2285,image_0218_contrast_L1.jpg,0,0,1,1,1,2,1,2,1,1.285714286,1.347134239,1.280485523,26.7949805084033,3.64233407664444,11.23856032102
2286,image_0218_contrast_L4.jpg,0,0,1,1,1,4,3,4,1,2.142857143,2.38981044,2.228163735,20.8914891363559,3.37683484082555,10.4847569637491
2287,image_0219_contrast_L1.jpg,0,1,1,1,1,2,1,1,1,1.142857143,1.170823117,1.132973737,18.7562673408323,3.96512954536154,17.451138054537
2288,image_0220_contrast_L1.jpg,0,1,1,1,1,2,1,2,1,1.285714286,1.347134239,1.280485523,26.1639085525309,3.15168390822899,19.6929743932969
2289,image_0220_contrast_L4.jpg,0,0,1,1,1,4,3,4,1,2.142857143,2.38981044,2.228163735,24.5385056513153,2.88998952201852,18.8123479380657
2290,image_0223_contrast_L2.jpg,0,0,1,1,1,2,1,1,1,1.142857143,1.170823117,1.132973737,43.4591875302142,4.14967578162444,23.4871096938742
2291,image_0223_contrast_L4.jpg,0,0,1,1,1,4,2,4,1,2,2.215606578,2.034810152,40.2261190767439,3.75457130642858,8.54362109339248
2292,image_0224_contrast_L3.jpg,0,0,1,1,1,3,1,4,1,1.714285714,1.870579599,1.708482832,34.1318535816311,2.93532843086278,21.1435904885829
2293,image_0225_contrast_L1.jpg,0,1,1,1,1,1,1,2,1,1.142857143,1.176311122,1.147511786,27.9533023740357,3.8247305478098,13.0462337916812
2294,image_0229_contrast_L1.jpg,0,1,1,1,1,1,1,1,1,1,1,1,24.9431609047838,3.33391620970214,18.4710716177734
2295,image_0232_contrast_L1.jpg,1,1,1,1,1,1,1,1,1,1,1,1,43.458181981572,6.61577296547578,19.4766669874095
2296,image_0234_contrast_L1.jpg,1,0,1,1,1,1,1,1,1,1,1,1,43.4581819815664,6.96346761723212,22.6220751534273
2297,image_0241_contrast_L2.jpg,0,0,1,1,1,2,1,2,1,1.285714286,1.347134239,1.280485523,43.4581819815664,5.32863335344104,17.8581060958804
2298,image_0246_contrast_L3.jpg,0,0,1,1,1,3,1,4,1,1.714285714,1.870579599,1.708482832,43.4581819815664,5.46280671848081,19.0440867966226
2299,image_0249_contrast_L4.jpg,0,0,1,1,1,4,2,4,1,2,2.215606578,2.034810152,31.3896056462196,4.5000854476882,19.4986178621861
2300,image_0259_contrast_L3.jpg,1,0,1,1,1,3,2,4,1,1.857142857,2.044783461,1.901836415,22.7262457405584,3.0439528005684,20.4195784547629
2301,image_0262_contrast_L3.jpg,0,0,1,1,1,3,1,4,1,1.714285714,1.870579599,1.708482832,43.4581819815664,5.45354843671474,20.3660836894027
2302,image_0263_contrast_L2.jpg,0,0,1,1,1,2,1,3,1,1.428571429,1.52344536,1.427997309,37.0774749227972,3.45859500036578,15.973894987742
2303,image_0265_contrast_L2.jpg,0,0,1,1,1,2,1,2,1,1.285714286,1.347134239,1.280485523,39.5617627555815,3.95648841974346,17.9398503830252
2304,image_0271_contrast_L1.jpg,0,1,1,1,1,1,1,1,1,1,1,1,43.4581819815664,7.19348765472674,20.107869775079
2305,image_0272_contrast_L4.jpg,0,0,1,1,1,4,2,4,1,2,2.215606578,2.034810152,31.4289743941423,4.50494875493557,21.1295182741333
2306,image_0273_contrast_L3.jpg,0,0,1,1,1,3,1,4,1,1.714285714,1.870579599,1.708482832,34.3228364647278,3.43413769122634,18.6892088773189
2307,image_0275_contrast_L4.jpg,0,0,1,1,1,4,2,4,1,2,2.215606578,2.034810152,29.6022487223675,3.34583974007426,15.8870661006052
2308,image_0276_contrast_L1.jpg,0,1,1,1,1,1,1,1,1,1,1,1,43.4581819756418,5.44306236394146,19.4334111648182
2309,image_0280_contrast_L1.jpg,0,1,1,1,1,1,1,1,1,1,1,1,43.4581819815664,6.73285811789173,16.0450613850262
2310,image_0281_contrast_L3.jpg,0,0,1,1,1,3,1,4,1,1.714285714,1.870579599,1.708482832,43.4581819801822,6.4868008614056,15.2375571342814
2311,image_0284_contrast_L3.jpg,0,0,1,1,1,3,1,4,1,1.714285714,1.870579599,1.708482832,43.4305118384508,4.56059690539731,17.8406445699347
2312,image_0285_contrast_L3.jpg,0,0,1,1,1,3,1,4,1,1.714285714,1.870579599,1.708482832,33.4419515110697,3.79989266367244,18.0917444737713
2313,image_0287_contrast_L4.jpg,0,0,1,1,1,4,2,4,1,2,2.215606578,2.034810152,42.9149098885518,5.1084373998953,16.7833805127752
2314,image_0288_contrast_L1.jpg,1,0,1,1,1,1,1,1,1,1,1,1,43.4581819976208,5.10374452904131,24.8081461210376
2315,image_0288_contrast_L3.jpg,1,0,1,1,1,3,1,4,1,1.714285714,1.870579599,1.708482832,43.446247221598,4.54882668760257,24.0038909506342
2316,image_0291_contrast_L1.jpg,1,0,1,1,1,1,1,1,1,1,1,1,43.446635646349,4.1897639182542,27.642059329016
2317,image_0293_contrast_L1.jpg,0,0,1,1,1,1,1,1,1,1,1,1,43.0186924449503,4.24511307132249,20.5513043966707
2318,image_0294_contrast_L2.jpg,0,0,1,1,1,2,1,2,1,1.285714286,1.347134239,1.280485523,42.1008170026563,4.43801271429463,20.9894908863824
2319,image_0294_contrast_L3.jpg,0,0,1,1,1,3,1,4,1,1.714285714,1.870579599,1.708482832,38.3335039544415,4.41185465837248,21.934588634663
2320,image_0298_contrast_L2.jpg,0,0,1,1,1,2,1,2,1,1.285714286,1.347134239,1.280485523,42.5879678247832,4.51299703415796,17.0761186275022
2321,image_0298_contrast_L4.jpg,0,0,1,1,1,4,2,4,1,2,2.215606578,2.034810152,31.6456342975743,4.23978330084833,22.7331063451875
2322,image_0300_contrast_L3.jpg,0,0,1,1,1,3,1,4,1,1.714285714,1.870579599,1.708482832,30.7468425025658,3.08976648622756,19.6485163863881
2323,image_0301_contrast_L1.jpg,1,1,1,1,1,1,1,1,1,1,1,1,42.9689066388747,3.44217643894567,28.8891420854665
2324,image_0301_contrast_L2.jpg,1,0,1,1,1,2,1,2,1,1.285714286,1.347134239,1.280485523,38.6144470959826,3.45250230069586,28.5337799046321
2325,image_0302_contrast_L2.jpg,0,0,1,1,1,2,1,1,1,1.142857143,1.170823117,1.132973737,43.4581819815664,4.36213341399889,31.3950739059164
2326,image_0305_contrast_L4.jpg,0,0,1,1,1,4,3,4,1,2.142857143,2.38981044,2.228163735,35.7985766993373,4.15949467536691,28.785451074179
2327,image_0309_contrast_L4.jpg,1,0,1,1,1,4,3,4,1,2.142857143,2.38981044,2.228163735,36.1456190011398,4.07618704471637,33.5085922259975
2328,image_0317_contrast_L1.jpg,0,1,1,1,1,1,1,2,1,1.142857143,1.176311122,1.147511786,43.4581819815668,5.1105979749773,16.1792923581851
2329,image_0321_contrast_L2.jpg,1,0,1,1,1,2,2,4,1,1.714285714,1.873960344,1.768862677,20.223276463793,3.2169941349878,16.7570870715553
2330,image_0322_contrast_L2.jpg,0,0,1,1,1,2,1,2,1,1.285714286,1.347134239,1.280485523,43.4581819815664,5.54473568545059,20.2547218604909
2331,image_0328_contrast_L1.jpg,0,1,1,1,1,1,1,4,1,1.428571429,1.528933365,1.442535357,8.24947607654347,2.48854607031453,20.9036817950574
2332,image_0333_contrast_L2.jpg,0,0,1,1,1,2,1,4,1,1.571428571,1.699756482,1.575509094,43.4519242275237,5.61612637700163,13.5685099181916
2333,image_0333_contrast_L4.jpg,0,0,1,1,1,4,3,4,1,2.142857143,2.38981044,2.228163735,34.9920724841093,4.7072666439466,17.282675673986
2334,image_0336_contrast_L2.jpg,1,0,1,1,1,2,1,2,1,1.285714286,1.347134239,1.280485523,43.458182030331,3.80817121806197,28.1599708668311
2335,image_0338_contrast_L2.jpg,1,0,1,1,1,1,2,4,1,1.571428571,1.703137227,1.63588894,32.8419677994651,3.27018027611509,23.9196100657627
2336,image_0338_contrast_L4.jpg,1,0,1,1,1,4,3,4,1,2.142857143,2.38981044,2.228163735,35.9368255651228,3.63089932002804,29.4646679981515
2337,image_0340_contrast_L2.jpg,0,0,1,1,1,1,1,4,1,1.428571429,1.528933365,1.442535357,37.0184060237004,3.82251604047214,17.5552888963477
2338,image_0342_contrast_L2.jpg,0,0,1,1,1,2,1,2,1,1.285714286,1.347134239,1.280485523,43.4581795514746,4.20674297069577,20.3899635892073
2339,image_0347_contrast_L3.jpg,0,0,1,1,1,3,2,4,1,1.857142857,2.044783461,1.901836415,13.1035120783969,3.14136111990703,20.7689602079411
2340,image_0351_contrast_L3.jpg,0,0,1,1,1,3,1,4,1,1.714285714,1.870579599,1.708482832,42.2540437049048,4.3054798167827,18.8114022122826
2341,image_0356_contrast_L1.jpg,1,1,1,1,1,1,1,2,1,1.142857143,1.176311122,1.147511786,40.7224931055292,3.78932833927499,16.8580151079195
2342,image_0359_contrast_L1.jpg,0,1,1,1,1,1,1,3,1,1.285714286,1.352622243,1.295023571,36.7848943723886,3.92776470242708,16.6725624901748
2343,image_0362_contrast_L2.jpg,0,0,1,1,1,2,1,2,1,1.285714286,1.347134239,1.280485523,43.4581836824188,4.49820877829516,21.2087568386019
2344,image_0366_contrast_L2.jpg,0,0,1,1,1,2,1,2,1,1.285714286,1.347134239,1.280485523,43.4581819816569,5.73314352838294,25.6604440704305
2345,image_0367_contrast_L4.jpg,1,0,1,1,1,4,2,4,1,2,2.215606578,2.034810152,43.2600790813374,4.7534954117596,15.6174739386346
2346,image_0368_contrast_L4.jpg,1,0,1,1,1,4,2,4,1,2,2.215606578,2.034810152,36.6065766263338,4.20908267463787,15.6310806003362
2347,image_0372_contrast_L3.jpg,1,0,1,1,1,3,1,4,1,1.714285714,1.870579599,1.708482832,43.4581819815676,4.8450223517878,17.9583281447067
2348,image_0373_contrast_L2.jpg,1,0,1,1,1,3,1,2,1,1.428571429,1.517957355,1.41345926,43.4581819815664,5.3195322920722,17.2561524812627
2349,image_0380_contrast_L4.jpg,0,0,1,1,1,4,2,4,1,2,2.215606578,2.034810152,40.0292174090931,4.13808838775201,14.6949855495691
2350,image_0387_contrast_L3.jpg,1,0,1,1,1,3,1,4,1,1.714285714,1.870579599,1.708482832,43.2600311696493,4.75588252563656,14.7402057912811
2351,image_0388_contrast_L2.jpg,1,0,1,1,1,2,1,4,1,1.571428571,1.699756482,1.575509094,38.5016967774647,3.13259007916309,19.8723671134631
2352,image_0390_contrast_L2.jpg,1,0,1,1,1,2,1,4,1,1.571428571,1.699756482,1.575509094,39.0307359216176,3.37812773454386,17.3621257812433
2353,image_0397_contrast_L2.jpg,1,0,1,1,1,2,1,4,1,1.571428571,1.699756482,1.575509094,37.7241811041628,3.61579932729512,18.1255323510096
2354,image_0400_contrast_L3.jpg,0,0,1,1,1,3,2,4,1,1.857142857,2.044783461,1.901836415,35.0380851650867,3.10324697287767,19.7556837993244
2355,image_0410_contrast_L3.jpg,0,0,1,1,1,3,2,4,1,1.857142857,2.044783461,1.901836415,34.1031593604229,3.19307118145352,18.524021328828
2356,image_0411_contrast_L1.jpg,0,0,1,1,1,1,1,4,1,1.428571429,1.528933365,1.442535357,19.8864432148733,3.02138107433268,15.5506837208721
2357,image_0412_contrast_L4.jpg,0,0,1,1,1,4,3,4,1,2.142857143,2.38981044,2.228163735,26.7422140450829,3.53820545131879,26.1871091897529
2358,image_0413_contrast_L1.jpg,0,0,1,1,1,1,1,4,1,1.428571429,1.528933365,1.442535357,15.4718420810177,2.75531548591045,17.9117386569559
2359,image_0414_contrast_L1.jpg,0,0,1,1,1,1,1,4,1,1.428571429,1.528933365,1.442535357,13.4532993695917,4.54362803360855,13.3969419654723
2360,image_0414_contrast_L3.jpg,0,0,1,1,1,3,2,4,1,1.857142857,2.044783461,1.901836415,22.8034475598971,3.10234150506406,20.7174367310367
2361,image_0414_contrast_L4.jpg,0,0,1,1,1,4,3,4,1,2.142857143,2.38981044,2.228163735,29.2416724845994,3.63926603099337,27.7882179025697
2362,image_0415_contrast_L2.jpg,1,0,1,1,1,2,2,4,1,1.714285714,1.873960344,1.768862677,23.9024489676391,2.62932480354753,18.4310172557205
2363,image_0415_contrast_L4.jpg,1,0,1,1,1,4,3,4,1,2.142857143,2.38981044,2.228163735,22.8970582177445,3.09669173432783,27.1348084814488
2364,image_0417_contrast_L3.jpg,1,0,1,1,1,3,3,4,1,2,2.218987323,2.095189998,18.1519302092763,3.00434222706395,23.1126334864189
2365,image_0417_contrast_L4.jpg,1,0,2,1,1,4,3,4,1,2.285714286,2.522629286,2.289286017,31.9769869651725,3.66356504211059,29.293662685216
2366,image_0425_contrast_L2.jpg,0,0,1,1,1,3,2,4,1,1.857142857,2.044783461,1.901836415,11.6348175967869,3.03909289835254,13.0576634448234
2367,image_0430_contrast_L1.jpg,1,0,1,1,1,2,1,3,1,1.428571429,1.52344536,1.427997309,23.1934198835788,4.92227934893843,14.6312369030848
2368,image_0430_contrast_L2.jpg,1,0,1,1,1,3,1,4,1,1.714285714,1.870579599,1.708482832,16.5416273824229,3.49481296584177,12.3610937727531
2369,image_0430_contrast_L4.jpg,1,0,1,1,1,4,3,4,1,2.142857143,2.38981044,2.228163735,17.0628360103329,3.28012871447913,20.1504943683612
2370,image_0434_contrast_L1.jpg,0,0,1,1,1,2,1,4,1,1.571428571,1.699756482,1.575509094,16.5530095863907,3.06830156369944,17.1502788059382
2371,image_0440_contrast_L3.jpg,0,0,1,1,1,3,1,4,1,1.714285714,1.870579599,1.708482832,36.6568987773402,3.39722221385456,18.904047404028
2372,image_0444_contrast_L3.jpg,0,0,1,1,1,3,3,4,1,2,2.218987323,2.095189998,45.5582108120936,5.17871470079166,57.1664169634923
2373,image_0449_contrast_L1.jpg,1,1,1,1,1,1,1,1,1,1,1,1,43.4583285113835,4.01665056158861,29.3072125696681
2374,image_0449_contrast_L2.jpg,1,0,1,1,1,2,1,2,1,1.285714286,1.347134239,1.280485523,43.4561480452913,3.38850715462145,20.6031918690435
2375,image_0454_contrast_L4.jpg,0,0,1,1,1,4,2,4,1,2,2.215606578,2.034810152,25.8356501883253,4.11667715237351,14.6117266137754
2376,image_0458_contrast_L2.jpg,0,0,1,1,1,2,1,2,1,1.285714286,1.347134239,1.280485523,39.3866776027761,3.67364133482926,17.3978441670275
2377,image_0459_contrast_L2.jpg,0,0,1,1,1,2,1,1,1,1.142857143,1.170823117,1.132973737,42.1433630661725,3.80834716786425,18.0171959847187
2378,image_0462_contrast_L1.jpg,0,1,1,1,1,1,1,1,1,1,1,1,43.4581821129208,4.05555130744244,19.3176784167829
2379,image_0464_contrast_L4.jpg,0,0,1,1,1,4,2,4,1,2,2.215606578,2.034810152,42.2699705710257,4.11022280222274,15.9687022992661
2380,image_0468_contrast_L2.jpg,0,0,1,1,1,2,1,1,1,1.142857143,1.170823117,1.132973737,43.458181984688,5.10731188490167,29.1440747202299
2381,image_0474_contrast_L4.jpg,0,0,1,1,1,4,2,4,1,2,2.215606578,2.034810152,18.8760484909485,4.11689956616141,15.9119676324799
2382,image_0481_contrast_L1.jpg,0,1,1,1,1,1,1,1,1,1,1,1,43.4581820089045,4.5466556944998,25.3166028218653
2383,image_0483_contrast_L3.jpg,0,0,1,1,1,3,1,4,1,1.714285714,1.870579599,1.708482832,43.4581822027938,4.61292446519323,20.1356934148691
2384,image_0485_contrast_L1.jpg,0,1,1,1,1,1,1,1,1,1,1,1,43.4581819815664,8.67195828167673,28.2582299821158
2385,image_0487_contrast_L3.jpg,0,0,1,1,1,3,1,4,1,1.714285714,1.870579599,1.708482832,43.4581923130922,3.85905838751976,21.7560938167295
2386,image_0487_contrast_L4.jpg,0,0,1,1,1,4,2,4,1,2,2.215606578,2.034810152,33.7990876364996,3.50206505125587,17.3588450543189
2387,image_0488_contrast_L4.jpg,1,0,1,1,1,4,3,4,1,2.142857143,2.38981044,2.228163735,17.2139063724116,3.78512039166352,14.2677296937741
2388,image_0491_contrast_L2.jpg,1,0,1,1,1,2,1,4,1,1.571428571,1.699756482,1.575509094,37.6475901723934,2.86368100685164,21.0525414809424
2389,image_0497_contrast_L2.jpg,0,0,1,1,1,2,1,3,1,1.428571429,1.52344536,1.427997309,41.7516670131509,3.31437352895399,20.0241195086803
2390,image_0504_contrast_L4.jpg,0,0,1,1,1,4,2,4,1,2,2.215606578,2.034810152,4.08175702060404,3.20659572756112,14.0524015588423
2391,image_0506_contrast_L2.jpg,0,0,1,1,1,3,1,4,1,1.714285714,1.870579599,1.708482832,10.3335097365001,3.13503655542567,10.650294809794
2392,image_0510_contrast_L2.jpg,0,0,1,1,1,2,1,3,1,1.428571429,1.52344536,1.427997309,26.7158886380578,2.68838762066133,23.8945512102628
2393,image_0513_contrast_L3.jpg,1,0,1,1,1,3,2,4,1,1.857142857,2.044783461,1.901836415,12.013414339946,2.80450346446701,17.5287352974256
2394,image_0517_contrast_L2.jpg,1,0,1,1,1,1,2,4,1,1.571428571,1.703137227,1.63588894,35.4792530728695,3.40699992310857,21.056528332299
2395,image_0522_contrast_L4.jpg,0,0,1,1,1,4,3,4,1,2.142857143,2.38981044,2.228163735,24.341897792232,3.50400036783527,21.4086629348192
2396,image_0524_contrast_L3.jpg,0,0,1,1,1,3,2,4,1,1.857142857,2.044783461,1.901836415,20.0553556705389,3.04263319116993,15.2883960964321
2397,image_0526_contrast_L1.jpg,0,1,1,1,1,1,1,3,1,1.285714286,1.352622243,1.295023571,40.9266942935028,3.15503557353806,14.4720175586537
2398,image_0527_contrast_L4.jpg,0,0,1,1,1,4,3,4,1,2.142857143,2.38981044,2.228163735,32.8413108220659,3.38076338525623,20.6448367441275
2399,image_0529_contrast_L4.jpg,0,0,1,1,1,4,3,4,1,2.142857143,2.38981044,2.228163735,20.6520047108861,3.12457566367657,25.38430183432
2400,image_0532_contrast_L2.jpg,1,0,1,1,1,2,2,4,1,1.714285714,1.873960344,1.768862677,5.32706460165456,2.82232197666528,14.3150698392096
2401,image_0536_contrast_L1.jpg,0,0,1,1,1,1,2,4,1,1.571428571,1.703137227,1.63588894,9.20653663766091,3.72505377383518,14.5990142422451
2402,image_0538_contrast_L4.jpg,0,0,2,1,1,4,4,4,1,2.428571429,2.696833148,2.482639599,36.1650214958801,3.23671467673611,26.4234239932862
2403,image_0539_contrast_L3.jpg,0,0,1,1,1,3,3,4,1,2,2.218987323,2.095189998,21.5982236183176,2.88772418861461,21.495204252781
2404,image_0543_contrast_L2.jpg,0,0,1,1,1,1,2,4,1,1.571428571,1.703137227,1.63588894,45.3662222613309,4.31852621165267,42.0366352386018
2405,image_0543_contrast_L4.jpg,0,0,2,1,1,4,3,4,1,2.285714286,2.522629286,2.289286017,48.1898348457423,4.83802451241207,53.978911437412
2406,image_0544_contrast_L4.jpg,0,0,2,1,1,4,3,4,1,2.285714286,2.522629286,2.289286017,50.0108736713623,4.83369903033746,51.3117292090727
2407,image_0545_contrast_L3.jpg,0,0,1,1,1,3,3,4,1,2,2.218987323,2.095189998,41.0480641302127,4.79126440967284,44.762947611618
2408,image_0547_contrast_L4.jpg,0,0,1,1,1,4,3,4,1,2.142857143,2.38981044,2.228163735,29.5559330086411,3.30241217110027,22.9180963748778
2409,image_0548_contrast_L1.jpg,0,1,1,1,1,1,1,4,1,1.428571429,1.528933365,1.442535357,13.935145879039,2.78778924521943,15.8021872759003
2410,image_0554_contrast_L1.jpg,1,0,1,1,1,2,1,4,1,1.571428571,1.699756482,1.575509094,8.20681518576217,2.75368944178742,24.481349084636
2411,image_0555_contrast_L3.jpg,1,0,1,1,1,3,3,4,1,2,2.218987323,2.095189998,7.85464730873166,2.55365902319681,12.5857607523654
2412,image_0557_contrast_L2.jpg,1,0,1,1,1,3,4,4,1,2.142857143,2.393191185,2.28854358,36.2882945190053,2.63942116434362,30.7546700957157
2413,image_0563_contrast_L2.jpg,0,0,1,1,1,2,1,2,1,1.285714286,1.347134239,1.280485523,34.9715071508638,3.08053789533881,12.9109342068079
2414,image_0567_contrast_L3.jpg,1,0,1,1,1,3,2,4,1,1.857142857,2.044783461,1.901836415,10.0239515128414,2.66058736169384,11.3596446262107
2415,image_0569_contrast_L3.jpg,0,0,1,1,1,3,2,4,1,1.857142857,2.044783461,1.901836415,11.2544473258267,2.78001214501458,10.107673700359
2416,image_0574_contrast_L4.jpg,0,0,1,1,1,4,3,4,1,2.142857143,2.38981044,2.228163735,22.4855777058168,3.14316356796001,14.6711789329654
2417,image_0580_contrast_L2.jpg,0,0,1,1,1,3,1,2,1,1.428571429,1.517957355,1.41345926,43.4334491199354,3.84911760171618,19.3229949884148
2418,image_0588_contrast_L1.jpg,0,0,1,1,1,2,1,2,1,1.285714286,1.347134239,1.280485523,39.4837730985996,2.88983163148083,33.7212986835373
2419,image_0588_contrast_L4.jpg,0,0,1,1,1,4,3,4,1,2.142857143,2.38981044,2.228163735,2.25129884972913,2.67250672710184,16.8324382595481
2420,image_0591_contrast_L2.jpg,0,0,1,1,1,3,1,2,1,1.428571429,1.517957355,1.41345926,39.647115584024,3.12897021276438,21.876037051614
2421,image_0591_contrast_L3.jpg,0,0,1,1,1,3,1,4,1,1.714285714,1.870579599,1.708482832,37.4348449386111,3.13584039599095,14.4089593431487
2422,image_0596_contrast_L3.jpg,0,0,1,1,1,3,1,4,1,1.714285714,1.870579599,1.708482832,31.4556515167494,2.77007525890505,19.4319234359079
2423,image_0597_contrast_L1.jpg,0,0,1,1,1,1,1,1,1,1,1,1,39.0776023733207,4.41565052755267,12.2611011348779
2424,image_0606_contrast_L2.jpg,0,0,1,1,1,2,1,2,1,1.285714286,1.347134239,1.280485523,43.4581819873208,5.07098444804317,18.9624221732831
2425,image_0607_contrast_L4.jpg,0,0,1,1,1,4,3,4,1,2.142857143,2.38981044,2.228163735,30.3293770316933,4.6116224705449,17.691315579109
2426,image_0608_contrast_L3.jpg,0,0,1,1,1,3,2,4,1,1.857142857,2.044783461,1.901836415,41.4797232945774,5.31423520096144,34.5373114086403
2427,image_0613_contrast_L3.jpg,0,0,1,1,1,3,2,4,1,1.857142857,2.044783461,1.901836415,43.4581819815664,7.10626664062372,37.2202489439609
2428,image_0615_contrast_L2.jpg,1,0,1,1,1,2,1,2,1,1.285714286,1.347134239,1.280485523,43.4249396210545,4.13192057412666,14.0320643352099
2429,image_0617_contrast_L2.jpg,1,0,1,1,1,2,1,3,1,1.428571429,1.52344536,1.427997309,36.4948309221587,3.43931292389775,14.1789574307116
2430,image_0617_contrast_L4.jpg,1,0,1,1,1,4,3,4,1,2.142857143,2.38981044,2.228163735,17.1902305418731,4.1537065517621,15.4213266911274
2431,image_0618_contrast_L4.jpg,0,0,1,1,1,4,2,4,1,2,2.215606578,2.034810152,30.2989646435703,3.74686329325771,15.2781351325821
2432,image_0619_contrast_L3.jpg,0,0,1,1,1,3,1,4,1,1.714285714,1.870579599,1.708482832,29.648189307293,3.51303529940713,16.4359034897902
2433,image_0623_contrast_L2.jpg,0,0,1,1,1,2,1,3,1,1.428571429,1.52344536,1.427997309,43.4581818861833,4.86756439311135,15.9831908490074
2434,image_0626_contrast_L1.jpg,0,1,1,1,1,1,1,1,1,1,1,1,43.4581837458958,5.49847166474097,27.1437404868689
2435,image_0626_contrast_L3.jpg,0,0,1,1,1,3,1,4,1,1.714285714,1.870579599,1.708482832,43.4579044059927,4.06961835232327,18.7978119577411
2436,image_0633_contrast_L4.jpg,0,0,1,1,1,4,3,4,1,2.142857143,2.38981044,2.228163735,43.134111819683,4.93204379890164,18.5450329792167
2437,image_0634_contrast_L1.jpg,1,1,1,1,1,1,1,1,1,1,1,1,43.4577486219534,3.8354336246994,17.0633424770971
2438,image_0634_contrast_L3.jpg,1,0,1,1,1,3,1,4,1,1.714285714,1.870579599,1.708482832,32.584219049937,3.08713911054794,14.119281715116
2439,image_0640_contrast_L4.jpg,0,0,1,1,1,4,3,4,1,2.142857143,2.38981044,2.228163735,22.3615198755812,3.746153308077,16.8989320014729
2440,image_0641_contrast_L4.jpg,1,0,1,1,1,4,3,4,1,2.142857143,2.38981044,2.228163735,29.4965851914921,3.52237610763899,19.8969324618045
2441,image_0642_contrast_L1.jpg,1,1,1,1,1,1,1,1,1,1,1,1,42.6553948951938,3.62578687699673,22.1746612577278
2442,image_0646_contrast_L1.jpg,1,1,1,1,1,1,1,2,1,1.142857143,1.176311122,1.147511786,43.0983403287162,3.74406127451463,15.4347934515174
2443,image_0649_contrast_L1.jpg,0,1,1,1,1,1,1,2,1,1.142857143,1.176311122,1.147511786,32.1329239564628,5.21721722082458,18.1617916631317
2444,image_0652_contrast_L4.jpg,0,0,1,1,1,4,3,4,1,2.142857143,2.38981044,2.228163735,37.9535113204759,4.66499473087463,20.8633490202006
2445,image_0654_contrast_L4.jpg,1,0,1,1,1,4,3,4,1,2.142857143,2.38981044,2.228163735,31.3025987939403,3.48805659184027,18.4673001393102
2446,image_0655_contrast_L2.jpg,0,0,1,1,1,2,1,2,1,1.285714286,1.347134239,1.280485523,43.4581819815664,4.33157718405608,16.8888420037588
2447,image_0656_contrast_L2.jpg,0,0,1,1,1,2,1,2,1,1.285714286,1.347134239,1.280485523,43.4581819817866,4.46160488002753,14.845655428501
2448,image_0657_contrast_L4.jpg,0,0,1,1,1,4,2,4,1,2,2.215606578,2.034810152,28.1358478146572,3.46883487030956,14.9583394181867
2449,image_0659_contrast_L2.jpg,0,0,1,1,1,2,1,3,1,1.428571429,1.52344536,1.427997309,43.4581819295833,4.63128536786542,14.8004748650611
2450,image_0661_contrast_L1.jpg,0,1,1,1,1,1,1,2,1,1.142857143,1.176311122,1.147511786,33.8536115340137,3.39002042818192,13.7281887347343
2451,image_0661_contrast_L2.jpg,0,0,1,1,1,2,1,4,1,1.571428571,1.699756482,1.575509094,33.6047266463368,3.45896589232859,13.2199730872953
2452,image_0663_contrast_L2.jpg,0,0,1,1,1,2,1,4,1,1.571428571,1.699756482,1.575509094,37.1069077649084,3.73150920881365,15.9127290298097
2453,image_0663_contrast_L3.jpg,0,0,1,1,1,3,2,4,1,1.857142857,2.044783461,1.901836415,31.0393474345726,3.78604038312331,15.1002595298468
2454,image_0663_contrast_L4.jpg,0,0,1,1,1,4,3,4,1,2.142857143,2.38981044,2.228163735,40.3006431970554,3.84756920164814,19.9129545706734
2455,image_0666_contrast_L2.jpg,0,0,1,1,1,2,1,2,1,1.285714286,1.347134239,1.280485523,41.0511721583943,3.51232892677847,14.5519418593593
2456,image_0669_contrast_L1.jpg,0,1,1,1,1,2,1,1,1,1.142857143,1.170823117,1.132973737,43.2517629501313,5.26964919324358,31.351426301749
2457,image_0671_contrast_L1.jpg,0,0,1,1,1,2,1,4,1,1.571428571,1.699756482,1.575509094,37.5854730143264,4.47218615921122,15.1167077069248
2458,image_0672_contrast_L1.jpg,0,1,1,1,1,2,1,1,1,1.142857143,1.170823117,1.132973737,40.7511458998934,6.25603897435161,19.3616272841569
2459,image_0672_contrast_L3.jpg,0,0,1,1,1,3,2,4,1,1.857142857,2.044783461,1.901836415,38.9121444319717,6.08499175460745,23.5712737933823
2460,image_0676_contrast_L4.jpg,0,0,1,1,1,4,2,4,1,2,2.215606578,2.034810152,43.4581819815664,5.29986510993093,13.5089491296093
2461,image_0677_contrast_L1.jpg,0,1,1,1,1,1,1,1,1,1,1,1,43.4150140842732,4.00269669753351,18.4150741318758
2462,image_0680_contrast_L2.jpg,0,0,1,1,1,1,1,3,1,1.285714286,1.352622243,1.295023571,39.239108285769,3.81148451862222,16.6158958768416
2463,image_0681_contrast_L2.jpg,0,0,1,1,1,2,1,4,1,1.571428571,1.699756482,1.575509094,29.5536416035213,3.30335648250525,19.9252369948679
2464,image_0683_contrast_L2.jpg,0,0,1,1,1,3,1,2,1,1.428571429,1.517957355,1.41345926,43.4581819815664,6.06101976358378,14.3079061034087
2465,image_0685_contrast_L4.jpg,0,0,1,1,1,4,2,4,1,2,2.215606578,2.034810152,43.4581672070271,5.26548721205968,13.2245523231552
2466,image_0686_contrast_L2.jpg,0,0,1,1,1,2,1,1,1,1.142857143,1.170823117,1.132973737,43.4581819815664,4.78758025300403,18.3594762364974
2467,image_0687_contrast_L3.jpg,0,0,1,1,1,3,2,4,1,1.857142857,2.044783461,1.901836415,32.3683034993516,3.89575502365841,15.1963695896389
2468,image_0690_contrast_L4.jpg,1,0,1,1,1,4,3,4,1,2.142857143,2.38981044,2.228163735,33.6218067814205,3.33042637302945,17.8320553256693
2469,image_0692_contrast_L1.jpg,0,1,1,1,1,1,1,2,1,1.142857143,1.176311122,1.147511786,19.9539695839218,3.32526441476811,15.3053292646214
2470,image_0693_contrast_L3.jpg,0,0,1,1,1,3,1,4,1,1.714285714,1.870579599,1.708482832,43.4581940849389,4.06067488814784,21.3175099481182
2471,image_0693_contrast_L4.jpg,0,0,1,1,1,4,2,4,1,2,2.215606578,2.034810152,30.7797827257251,3.61450741282359,14.4248255003895
2472,image_0696_contrast_L3.jpg,0,0,1,1,1,3,1,4,1,1.714285714,1.870579599,1.708482832,43.4581819815664,4.97584673313122,16.4637593307471
2473,image_0699_contrast_L4.jpg,0,0,1,1,1,4,2,4,1,2,2.215606578,2.034810152,29.5738876246983,4.05209005608121,10.9352916161315
2474,image_0707_contrast_L3.jpg,0,0,1,1,1,3,1,4,1,1.714285714,1.870579599,1.708482832,33.4999704278832,3.2677559944977,17.4061169505767
2475,image_0715_contrast_L1.jpg,1,1,1,1,1,1,1,3,1,1.285714286,1.352622243,1.295023571,18.4659995541187,2.76892201152674,13.9869566048384
2476,image_0716_contrast_L3.jpg,0,0,1,1,1,3,1,4,1,1.714285714,1.870579599,1.708482832,43.4581819815664,4.95034281709342,17.009073635767
2477,image_0717_contrast_L1.jpg,0,1,1,1,1,2,1,3,1,1.428571429,1.52344536,1.427997309,43.4580000949461,4.94180270094814,12.8681406085763
2478,image_0717_contrast_L3.jpg,0,0,1,1,1,3,2,4,1,1.857142857,2.044783461,1.901836415,43.4449454922972,4.71801343696513,11.0394687089227
2479,image_0721_contrast_L3.jpg,0,0,1,1,1,3,1,4,1,1.714285714,1.870579599,1.708482832,43.4581819815664,5.92150037576465,23.9300791444757
2480,image_0723_contrast_L1.jpg,0,1,1,1,1,1,1,1,1,1,1,1,43.4581819815664,5.50135677770201,21.7948482832211
2481,image_0726_contrast_L1.jpg,0,1,1,1,1,1,1,1,1,1,1,1,43.4581819815666,5.37413944535918,14.052268894772
2482,image_0727_contrast_L4.jpg,0,0,1,1,1,4,2,4,1,2,2.215606578,2.034810152,30.6039515801057,3.7718443051751,12.6511885347443
2483,image_0730_contrast_L2.jpg,0,0,1,1,1,2,1,1,1,1.142857143,1.170823117,1.132973737,43.4581819815701,5.16491039117412,26.6331762979535
2484,image_0730_contrast_L3.jpg,0,0,1,1,1,3,1,3,1,1.571428571,1.694268477,1.560971046,43.4581819827809,4.55761265993891,22.0381491302671
2485,image_0732_contrast_L2.jpg,0,0,1,1,1,2,1,2,1,1.285714286,1.347134239,1.280485523,43.4581819815741,5.03602792342456,17.6795809939379
2486,image_0732_contrast_L3.jpg,0,0,1,1,1,3,1,4,1,1.714285714,1.870579599,1.708482832,43.4581784190753,4.80608023859314,16.9226458803409
2487,image_0733_contrast_L4.jpg,0,0,1,1,1,4,2,4,1,2,2.215606578,2.034810152,29.8754706253504,3.84036463996825,20.6579388371352
2488,image_0734_contrast_L2.jpg,0,0,1,1,1,2,1,3,1,1.428571429,1.52344536,1.427997309,43.458181430525,4.53356371220064,14.7715001529264
2489,image_0736_contrast_L1.jpg,0,1,1,1,1,1,1,1,1,1,1,1,43.4581819815664,4.36066177045762,16.3768286299892
2490,image_0736_contrast_L3.jpg,0,0,1,1,1,3,1,4,1,1.714285714,1.870579599,1.708482832,43.4581817391755,4.54774447374253,16.9352296271758
2491,image_0740_contrast_L2.jpg,0,0,1,1,1,2,1,4,1,1.571428571,1.699756482,1.575509094,16.7888133684406,3.27648799304489,18.9361688602941
2492,image_0744_contrast_L4.jpg,0,0,1,1,1,3,4,4,1,2.142857143,2.393191185,2.28854358,31.6688458196643,3.09798088893543,19.5076810641617
2493,image_0745_contrast_L2.jpg,0,0,1,1,1,2,1,4,1,1.571428571,1.699756482,1.575509094,24.252724253496,3.3545454859309,14.8505645979827
2494,image_0745_contrast_L3.jpg,0,0,1,1,1,3,2,4,1,1.857142857,2.044783461,1.901836415,21.3298835473452,3.62709649304938,14.6566073490326
2495,image_0745_contrast_L4.jpg,0,0,1,1,1,4,3,4,1,2.142857143,2.38981044,2.228163735,36.1275002129095,3.81999473982108,18.5990405678432
2496,image_0749_contrast_L4.jpg,0,0,1,1,1,4,2,4,1,2,2.215606578,2.034810152,22.2829265183927,3.49529440883532,16.3812620777263
2497,image_0752_contrast_L3.jpg,0,0,1,1,1,3,2,4,1,1.857142857,2.044783461,1.901836415,34.1907058482816,3.63596472337054,11.6361192428556
2498,image_0754_contrast_L4.jpg,0,0,1,1,1,4,3,4,1,2.142857143,2.38981044,2.228163735,16.395743433714,3.75457517738351,19.3984753355783
2499,image_0761_contrast_L4.jpg,0,0,1,1,1,4,3,4,1,2.142857143,2.38981044,2.228163735,28.6520053201548,4.26779855695126,16.6120681029086
2500,image_0763_contrast_L4.jpg,0,0,1,1,1,4,2,4,1,2,2.215606578,2.034810152,43.0401503652195,5.18048722241633,15.7989889169738
2501,image_0767_contrast_L3.jpg,0,0,1,1,1,3,1,4,1,1.714285714,1.870579599,1.708482832,43.4581819496906,4.74643590085724,17.3259660782584
2502,image_0772_contrast_L3.jpg,0,0,1,1,1,3,1,4,1,1.714285714,1.870579599,1.708482832,41.5345264491506,3.94583310306017,21.0739936230204
2503,image_0774_contrast_L2.jpg,0,0,1,1,1,2,1,1,1,1.142857143,1.170823117,1.132973737,43.4581866622306,4.23545028777234,25.2249963436081
2504,image_0781_contrast_L2.jpg,0,0,1,1,1,2,1,2,1,1.285714286,1.347134239,1.280485523,43.4222279152974,4.28466250778867,15.4773307016638
2505,image_0784_contrast_L2.jpg,1,0,1,1,1,3,1,4,1,1.714285714,1.870579599,1.708482832,34.3288018194262,3.42807235665252,12.9502048444613
2506,image_0785_contrast_L1.jpg,0,1,1,1,1,1,1,2,1,1.142857143,1.176311122,1.147511786,32.7532544858533,3.2086529474817,17.8599806777434
2507,image_0786_contrast_L2.jpg,0,0,1,1,1,2,1,2,1,1.285714286,1.347134239,1.280485523,43.331820965191,4.10766629823939,18.5740803939817
2508,image_0786_contrast_L4.jpg,0,0,1,1,1,4,2,4,1,2,2.215606578,2.034810152,17.593684116482,3.34271444195429,16.1567525393351
2509,image_0788_contrast_L3.jpg,0,0,1,1,1,3,1,4,1,1.714285714,1.870579599,1.708482832,34.2826479264816,3.81497328142255,16.7790517322921
2510,image_0794_contrast_L3.jpg,0,0,1,1,1,3,1,4,1,1.714285714,1.870579599,1.708482832,43.458181974948,5.66049405965433,14.3789141117548
2511,image_0797_contrast_L3.jpg,0,0,1,1,1,3,2,4,1,1.857142857,2.044783461,1.901836415,35.115005486277,3.95889058885969,12.4248957527377
2512,image_0800_contrast_L1.jpg,0,1,1,1,1,1,1,3,1,1.285714286,1.352622243,1.295023571,25.4434938871689,3.41742142530657,15.2873532123531
2513,image_0800_contrast_L4.jpg,0,0,1,1,1,4,3,4,1,2.142857143,2.38981044,2.228163735,33.650885049587,3.76677267915185,16.8638034811858
2514,image_0801_contrast_L2.jpg,0,0,1,1,1,2,1,4,1,1.571428571,1.699756482,1.575509094,22.2565708507932,3.57432375136421,11.9538487295945
2515,image_0803_contrast_L3.jpg,0,0,1,1,1,3,1,4,1,1.714285714,1.870579599,1.708482832,43.4581819815669,4.54416249961386,17.3594844745622
2516,image_0808_contrast_L2.jpg,0,0,1,1,1,2,1,4,1,1.571428571,1.699756482,1.575509094,20.1423992459834,3.42684232298171,13.2530834420071
2517,image_0810_contrast_L4.jpg,0,0,1,1,1,4,3,4,1,2.142857143,2.38981044,2.228163735,41.8799534607745,3.8792683362554,18.4902164360592
2518,image_0815_contrast_L1.jpg,0,1,1,1,1,1,1,1,1,1,1,1,43.3279752398796,3.9195121919483,19.0867848464597
2519,image_0817_contrast_L1.jpg,0,1,1,1,1,1,1,1,1,1,1,1,43.4569004722677,3.95465224256199,19.0977213890764
2520,image_0818_contrast_L1.jpg,0,1,1,1,1,1,1,1,1,1,1,1,43.4581819815664,5.75081660262587,21.771732348936
2521,image_0820_contrast_L2.jpg,0,0,1,1,1,2,1,4,1,1.571428571,1.699756482,1.575509094,14.619289911818,3.36276138954615,18.9241798423011
2522,image_0822_contrast_L3.jpg,0,0,1,1,1,3,1,4,1,1.714285714,1.870579599,1.708482832,43.455068832093,4.17188503347339,17.8669814302773
2523,image_0824_contrast_L1.jpg,0,1,1,1,1,1,1,1,1,1,1,1,43.4581819815664,5.64320540259294,22.1508362050824
2524,image_0827_contrast_L2.jpg,0,0,1,1,1,2,1,2,1,1.285714286,1.347134239,1.280485523,43.4581819815668,6.47694349642842,13.3679996680608
2525,image_0828_contrast_L1.jpg,0,1,1,1,1,1,1,1,1,1,1,1,43.4581819815669,5.92343924387871,15.9110906662266
2526,image_0834_contrast_L1.jpg,0,1,1,1,1,1,1,1,1,1,1,1,43.4581819815664,4.89486760792817,18.4354286888037
2527,image_0835_contrast_L2.jpg,0,0,1,1,1,2,1,3,1,1.428571429,1.52344536,1.427997309,43.458181984572,4.22473327236902,16.9808087604732
2528,image_0836_contrast_L2.jpg,0,0,1,1,1,2,1,2,1,1.285714286,1.347134239,1.280485523,43.1655822041387,4.22786435851588,16.6166661989206
2529,image_0839_contrast_L4.jpg,0,0,1,1,1,4,3,4,1,2.142857143,2.38981044,2.228163735,26.7001820946743,4.02687388058217,15.0952588654559
2530,image_0840_contrast_L2.jpg,0,0,1,1,1,2,1,1,1,1.142857143,1.170823117,1.132973737,43.4581819816262,5.3003361545659,17.1962819979402
2531,image_0840_contrast_L3.jpg,0,0,1,1,1,3,1,4,1,1.714285714,1.870579599,1.708482832,43.4581814929625,5.22408228850582,16.0698406880723
2532,image_0844_contrast_L3.jpg,0,0,1,1,1,3,2,4,1,1.857142857,2.044783461,1.901836415,31.3384247690837,4.19313676420713,11.7586580128118
2533,image_0846_contrast_L4.jpg,0,0,1,1,1,4,2,4,1,2,2.215606578,2.034810152,33.314082635681,4.56623665231904,24.5041541303354
2534,image_0847_contrast_L1.jpg,0,1,1,1,1,1,1,1,1,1,1,1,43.4581819815664,5.55266622299277,21.8420934815481
2535,image_0848_contrast_L4.jpg,0,0,1,1,1,4,2,4,1,2,2.215606578,2.034810152,41.2513110503254,4.59574861665335,13.6815757025168
2536,image_0849_contrast_L1.jpg,0,1,1,1,1,1,1,1,1,1,1,1,43.4581819815664,6.81800683506662,16.6073304443081
2537,image_0854_contrast_L1.jpg,0,1,1,1,1,1,1,1,1,1,1,1,43.4581819815664,5.0983319653051,21.4508491069983
2538,image_0856_contrast_L3.jpg,0,0,1,1,1,3,1,4,1,1.714285714,1.870579599,1.708482832,43.4581819815665,3.97874659943436,18.6383639192503
2539,image_0858_contrast_L1.jpg,0,1,1,1,1,1,1,1,1,1,1,1,43.4581819815679,4.81216739388998,17.5594310937947
2540,image_0861_contrast_L1.jpg,0,1,1,1,1,1,1,1,1,1,1,1,43.4581819815664,5.86586811925882,16.269743537356
2541,image_0866_contrast_L2.jpg,0,0,1,1,1,2,1,3,1,1.428571429,1.52344536,1.427997309,16.805449090667,3.66513901887021,18.0985165697947
2542,image_0868_contrast_L4.jpg,0,0,1,1,1,4,3,4,1,2.142857143,2.38981044,2.228163735,33.0380399482731,3.47771333969363,13.5239307004383
2543,image_0870_contrast_L4.jpg,0,0,1,1,1,4,2,4,1,2,2.215606578,2.034810152,40.8926298605477,4.65178955783554,20.0693351347454
2544,image_0871_contrast_L4.jpg,0,0,1,1,1,4,3,4,1,2.142857143,2.38981044,2.228163735,23.0734644476174,3.79671862665407,16.4205395167458
2545,image_0872_contrast_L1.jpg,0,1,1,1,1,1,1,1,1,1,1,1,43.4582736151203,4.45636698174932,21.5366947534066
2546,image_0878_contrast_L3.jpg,0,0,1,1,1,3,1,4,1,1.714285714,1.870579599,1.708482832,43.4581819815664,4.89194525674804,18.7168192306838
2547,image_0880_contrast_L2.jpg,0,0,1,1,1,2,1,2,1,1.285714286,1.347134239,1.280485523,37.9275616083718,3.75390005323166,18.9766195341012
2548,image_0881_contrast_L1.jpg,0,1,1,1,1,1,1,1,1,1,1,1,42.2380781251842,3.92841342919107,21.7531187397284
2549,image_0881_contrast_L4.jpg,0,0,1,1,1,4,2,4,1,2,2.215606578,2.034810152,31.9125789741798,3.54296810301412,12.9194788224894
2550,image_0882_contrast_L1.jpg,0,1,1,1,1,1,1,1,1,1,1,1,43.4284381839191,3.88299280841588,20.3282420988057
2551,image_0885_contrast_L1.jpg,0,1,1,1,1,1,1,1,1,1,1,1,43.4581819818011,4.8937041865945,14.6176593853601
2552,image_0886_contrast_L1.jpg,0,1,1,1,1,1,1,2,1,1.142857143,1.176311122,1.147511786,43.4581819815664,4.65061270568715,14.6412014299877
2553,image_0891_contrast_L1.jpg,0,1,1,1,1,2,1,2,1,1.285714286,1.347134239,1.280485523,43.4356079840095,4.34005482452164,14.2568931129503
2554,image_0891_contrast_L4.jpg,0,0,1,1,1,4,3,4,1,2.142857143,2.38981044,2.228163735,38.2625607672905,4.24227235934647,24.7859488168816
2555,image_0894_contrast_L2.jpg,0,0,1,1,1,2,1,3,1,1.428571429,1.52344536,1.427997309,21.6012003829086,3.20779422469372,20.2024343104438
2556,image_0899_contrast_L1.jpg,0,1,1,1,1,1,1,2,1,1.142857143,1.176311122,1.147511786,33.90283922325,3.32811400372477,20.5062457708499
2557,image_0900_contrast_L2.jpg,0,0,1,1,1,2,1,2,1,1.285714286,1.347134239,1.280485523,43.4581819820492,4.38190956238238,17.9063263907266
2558,image_0901_contrast_L4.jpg,0,0,1,1,1,4,2,4,1,2,2.215606578,2.034810152,34.1432230569005,4.67911757937877,18.6961144754637
2559,image_0903_contrast_L3.jpg,0,0,1,1,1,3,1,4,1,1.714285714,1.870579599,1.708482832,43.458181981566,5.22955057294825,22.3396671053348
2560,image_0905_contrast_L1.jpg,0,1,1,1,1,1,1,1,1,1,1,1,43.4581819815664,6.08560263569658,25.9718166032234
2561,image_0906_contrast_L3.jpg,0,0,1,1,1,3,1,3,1,1.571428571,1.694268477,1.560971046,43.4581819815763,4.85031697093381,22.7815953099385
2562,image_0918_contrast_L1.jpg,0,0,1,1,1,1,1,1,1,1,1,1,43.4581819817413,6.26098138894329,25.0198838566112
2563,image_0921_contrast_L4.jpg,1,0,1,1,1,4,2,4,1,2,2.215606578,2.034810152,21.0817165217843,3.37531912849478,18.3571509356708
2564,image_0922_contrast_L4.jpg,0,0,1,1,1,4,2,4,1,2,2.215606578,2.034810152,39.1724672149489,4.29855473637818,24.2993598275284
2565,image_0925_contrast_L1.jpg,1,1,1,1,1,1,1,3,1,1.285714286,1.352622243,1.295023571,15.367247784711,2.91415213383757,18.1482384292581
2566,image_0930_contrast_L1.jpg,0,1,1,1,1,1,1,2,1,1.142857143,1.176311122,1.147511786,38.7398521227354,3.61489292573255,18.5941029926816
2567,image_0933_contrast_L1.jpg,0,1,1,1,1,1,1,4,1,1.428571429,1.528933365,1.442535357,19.0989222736337,3.15692487267391,12.9344526384804
2568,image_0937_contrast_L3.jpg,0,0,1,1,1,3,1,4,1,1.714285714,1.870579599,1.708482832,35.5879089970602,3.51807254138845,18.9488529235402
2569,image_0937_contrast_L4.jpg,0,0,1,1,1,4,2,4,1,2,2.215606578,2.034810152,9.70710787686225,3.72802716090789,14.8851016000047
2570,image_0941_contrast_L1.jpg,0,1,1,1,1,1,1,1,1,1,1,1,43.458242228555,5.53536176802525,24.1888156912432
2571,image_0942_contrast_L3.jpg,0,0,1,1,1,3,1,4,1,1.714285714,1.870579599,1.708482832,40.9319149549739,3.84158283036377,17.720147705025
2572,image_0943_contrast_L1.jpg,0,1,1,1,1,1,1,1,1,1,1,1,43.4582010994412,4.85632100118333,20.3047173309326
2573,image_0943_contrast_L3.jpg,0,0,1,1,1,3,1,4,1,1.714285714,1.870579599,1.708482832,37.4356586181905,3.49696088905135,17.1829023675528
2574,image_0945_contrast_L3.jpg,0,0,1,1,1,3,2,4,1,1.857142857,2.044783461,1.901836415,7.87579313319183,3.46661463160428,16.7685275318387
2575,image_0952_contrast_L1.jpg,0,1,1,1,1,1,1,1,1,1,1,1,43.0686865922145,3.07900719725055,16.5877661541246
2576,image_0953_contrast_L1.jpg,0,1,1,1,1,1,1,2,1,1.142857143,1.176311122,1.147511786,36.693914264463,3.13986755854218,14.1991030972111
2577,image_0953_contrast_L2.jpg,0,0,1,1,1,2,1,3,1,1.428571429,1.52344536,1.427997309,35.8102696804344,3.39715809364818,13.4436625972304
2578,image_0955_contrast_L1.jpg,0,1,1,1,1,1,1,2,1,1.142857143,1.176311122,1.147511786,36.9123271038923,3.16317872844121,13.4385983907736
2579,image_0957_contrast_L3.jpg,0,0,1,1,1,3,1,4,1,1.714285714,1.870579599,1.708482832,43.4581819815664,5.17896446243899,15.8092391719452
2580,image_0959_contrast_L3.jpg,0,0,1,1,1,3,1,4,1,1.714285714,1.870579599,1.708482832,43.4581819815664,5.18784404356131,15.9404934769602
2581,image_0963_contrast_L1.jpg,0,1,1,1,1,1,1,1,1,1,1,1,43.4581819815664,6.16632172945984,19.290905393466
2582,image_0967_contrast_L3.jpg,1,0,1,1,1,3,1,4,1,1.714285714,1.870579599,1.708482832,31.3898715378625,3.344726839001,17.923094290688
2583,image_0967_contrast_L4.jpg,1,0,1,1,1,4,2,4,1,2,2.215606578,2.034810152,27.9944498368161,3.71384099411077,18.9348169341849
2584,image_0968_contrast_L1.jpg,0,1,1,1,1,1,1,1,1,1,1,1,43.4573515392666,3.21114541883378,19.8520289816402
2585,image_0971_contrast_L1.jpg,0,1,1,1,1,1,1,1,1,1,1,1,43.4581819815664,5.35034180103356,29.4244961612727
2586,image_0971_contrast_L4.jpg,0,0,1,1,1,4,2,4,1,2,2.215606578,2.034810152,42.6442991420122,3.83384654941697,21.8029255682738
2587,image_0972_contrast_L2.jpg,1,0,1,1,1,2,1,1,1,1.142857143,1.170823117,1.132973737,43.4462486061833,3.30350451449077,20.6618453288004
2588,image_0975_contrast_L2.jpg,0,0,1,1,1,2,1,2,1,1.285714286,1.347134239,1.280485523,43.4323040947734,3.74863984695681,19.2969453856768
2589,image_0978_contrast_L3.jpg,0,0,1,1,1,3,1,3,1,1.571428571,1.694268477,1.560971046,43.4581819822542,4.44209187950015,24.3647286639411
2590,image_0980_contrast_L4.jpg,0,0,1,1,1,4,2,4,1,2,2.215606578,2.034810152,32.5351665316417,3.66136283255069,21.5710460478878
2591,image_0984_contrast_L2.jpg,1,0,1,1,1,2,1,4,1,1.571428571,1.699756482,1.575509094,17.6082299543396,3.07448124883079,13.1526218248546
2592,image_0984_contrast_L4.jpg,1,0,1,1,1,4,3,4,1,2.142857143,2.38981044,2.228163735,21.0221019456997,3.34260613243829,15.9661958720291
2593,image_0001_exposure_L3.jpg,1,0,1,2,1,2,1,2,3,1.714285714,1.785043207,1.7167881,35.7136939883788,3.89348404571182,36.9885871364721
2594,image_0002_exposure_L2.jpg,1,0,1,2,1,1,1,1,3,1.428571429,1.437908969,1.436302577,43.4581819816367,4.7549886176946,33.3032593001133
2595,image_0003_exposure_L1.jpg,1,1,1,2,1,1,1,1,1,1.142857143,1.124772226,1.165556848,43.4581819822589,5.3453535557295,27.6429110534375
2596,image_0003_exposure_L4.jpg,1,0,1,2,1,3,1,4,4,2.285714286,2.465056939,2.280158273,26.4087586380167,3.82595578211966,44.8902059901059
2597,image_0008_exposure_L2.jpg,1,0,1,2,1,1,1,1,2,1.285714286,1.281340597,1.300929712,20.4923428203354,2.6838170329379,30.7482087296707
2598,image_0011_exposure_L4.jpg,0,0,1,2,1,3,1,4,4,2.285714286,2.465056939,2.280158273,34.165621669766,5.43472058258206,38.921534453294
2599,image_0014_exposure_L2.jpg,1,0,1,2,1,1,1,1,2,1.285714286,1.281340597,1.300929712,22.1296445200096,2.48763699922322,24.8008853210519
2600,image_0023_exposure_L4.jpg,0,0,1,2,1,3,1,4,4,2.285714286,2.465056939,2.280158273,13.3101761609381,3.81706870340714,45.1229008043111
2601,image_0026_exposure_L3.jpg,1,0,1,2,1,2,1,2,3,1.714285714,1.785043207,1.7167881,41.3377015218972,2.80666988388042,32.0462645719663
2602,image_0027_exposure_L1.jpg,0,1,1,1,1,1,1,1,1,1,1,1,43.4582002043227,5.03260693211321,25.3012028127127
2603,image_0030_exposure_L4.jpg,0,0,1,2,1,3,1,4,4,2.285714286,2.465056939,2.280158273,16.7851915931063,3.61971785430298,43.1919920913174
2604,image_0033_exposure_L1.jpg,0,1,1,1,1,1,1,1,1,1,1,1,39.7276667436662,3.16573285593554,21.826201447148
2605,image_0033_exposure_L4.jpg,0,0,1,2,1,3,1,4,4,2.285714286,2.465056939,2.280158273,32.6354718378915,4.62331642231364,35.184309412343
2606,image_0035_exposure_L3.jpg,0,0,1,2,1,2,1,1,3,1.571428571,1.608732085,1.569276314,43.4234320222557,4.56178016764833,34.1891914932193
2607,image_0036_exposure_L4.jpg,0,0,1,2,1,3,1,4,4,2.285714286,2.465056939,2.280158273,9.04773216727195,3.81089404787936,35.180717009717
2608,image_0038_exposure_L1.jpg,0,1,1,1,1,1,1,1,1,1,1,1,43.4581819884174,4.51949517817048,19.790564932309
2609,image_0041_exposure_L4.jpg,0,0,1,2,1,3,1,4,4,2.285714286,2.465056939,2.280158273,32.2883669102946,3.2367414727608,44.5278605007072
2610,image_0043_exposure_L4.jpg,0,0,1,2,1,3,1,4,4,2.285714286,2.465056939,2.280158273,27.7175072459597,3.54602698888485,41.2771192993058
2611,image_0048_exposure_L1.jpg,0,1,1,2,1,1,1,1,1,1.142857143,1.124772226,1.165556848,43.4581819815664,5.72541429260002,27.35554902738
2612,image_0050_exposure_L1.jpg,0,1,1,2,1,1,1,1,1,1.142857143,1.124772226,1.165556848,43.4581819815664,8.0298344242107,23.5873004684231
2613,image_0057_exposure_L3.jpg,0,0,1,2,1,2,1,3,3,1.857142857,1.961354329,1.864299885,29.221416253717,2.46769241926321,25.4215253602742
2614,image_0059_exposure_L1.jpg,0,1,1,1,1,1,1,1,1,1,1,1,31.3216887296724,2.72726525404551,18.033534343717
2615,image_0059_exposure_L4.jpg,0,0,1,2,1,3,1,4,4,2.285714286,2.465056939,2.280158273,41.2729254555211,7.22022008032518,33.095185560898
2616,image_0060_exposure_L1.jpg,0,0,1,1,1,1,1,1,1,1,1,1,43.4581819815664,5.74456583139513,28.2569364788278
2617,image_0065_exposure_L1.jpg,0,1,1,2,1,1,1,1,1,1.142857143,1.124772226,1.165556848,43.4581884881907,3.87915691895436,20.5192977740875
2618,image_0068_exposure_L2.jpg,1,0,1,2,1,1,1,1,2,1.285714286,1.281340597,1.300929712,41.8078427183267,3.25862227395712,23.9612500727128
2619,image_0070_exposure_L3.jpg,0,0,1,2,1,3,1,4,4,2.285714286,2.465056939,2.280158273,30.467378450643,3.16588385716923,40.0361214486164
2620,image_0071_exposure_L2.jpg,0,0,1,2,1,1,1,1,3,1.428571429,1.437908969,1.436302577,22.6752279136256,4.39530723901415,36.8185556912209
2621,image_0074_exposure_L3.jpg,0,0,1,2,1,2,1,2,3,1.714285714,1.785043207,1.7167881,34.1447382424894,2.98992373851056,40.4672534084607
2622,image_0074_exposure_L4.jpg,0,0,1,2,1,3,2,4,4,2.428571429,2.639260801,2.473511856,18.8059587726135,3.1974794385217,46.9426052528108
2623,image_0080_exposure_L4.jpg,0,0,1,2,1,3,1,4,4,2.285714286,2.465056939,2.280158273,28.4514807266218,6.61775360081512,48.2660680057915
2624,image_0081_exposure_L4.jpg,0,0,1,2,1,3,1,4,4,2.285714286,2.465056939,2.280158273,44.9504744688481,9.16947906550097,46.236344058387
2625,image_0083_exposure_L3.jpg,0,0,1,2,1,2,1,2,3,1.714285714,1.785043207,1.7167881,36.7098314845722,3.23324368522894,32.7007667142747
2626,image_0085_exposure_L1.jpg,0,1,1,2,1,1,1,1,1,1.142857143,1.124772226,1.165556848,43.2209309441481,2.86274094515544,20.6780805573253
2627,image_0089_exposure_L4.jpg,0,0,1,2,1,3,1,4,4,2.285714286,2.465056939,2.280158273,23.636404493659,4.59781629024132,52.9144823710258
2628,image_0090_exposure_L1.jpg,0,1,1,2,1,1,1,1,1,1.142857143,1.124772226,1.165556848,43.4581880145527,3.004583359465,25.8569474745477
2629,image_0090_exposure_L3.jpg,0,0,1,2,1,2,1,2,3,1.714285714,1.785043207,1.7167881,41.8723498252033,5.71044385401545,41.0274726507185
2630,image_0093_exposure_L3.jpg,0,0,1,2,1,2,1,2,3,1.714285714,1.785043207,1.7167881,29.6069407052971,2.59953991786618,32.5823746187641
2631,image_0100_exposure_L1.jpg,0,1,1,2,1,1,1,1,1,1.142857143,1.124772226,1.165556848,43.4581162396321,3.25817696794608,22.5676351626139
2632,image_0103_exposure_L1.jpg,0,0,1,1,1,1,1,1,1,1,1,1,43.4581819815664,5.2331426672192,22.4588709724749
2633,image_0103_exposure_L2.jpg,0,0,1,2,1,1,1,2,2,1.428571429,1.457651719,1.448441498,43.4581819814921,4.69454334302207,27.9925927917478
2634,image_0109_exposure_L4.jpg,0,0,1,2,1,3,1,4,4,2.285714286,2.465056939,2.280158273,41.4569488230465,4.63162377312454,32.5382850902495
2635,image_0113_exposure_L1.jpg,0,1,1,1,1,1,1,1,1,1,1,1,30.3427163230281,2.85721481283373,20.626930964282
2636,image_0114_exposure_L1.jpg,0,1,1,2,1,1,1,1,1,1.142857143,1.124772226,1.165556848,43.458182098305,3.37455783361902,24.0559501114954
2637,image_0114_exposure_L2.jpg,0,0,1,2,1,1,1,1,2,1.285714286,1.281340597,1.300929712,31.918114982565,3.47803468082836,30.4076059105861
2638,image_0121_exposure_L3.jpg,0,0,1,2,1,2,1,2,3,1.714285714,1.785043207,1.7167881,43.4577014322759,4.81758602478784,38.1634826898822
2639,image_0122_exposure_L1.jpg,1,1,1,2,1,1,1,1,1,1.142857143,1.124772226,1.165556848,43.4581819815664,4.60172095622691,24.0453621374558
2640,image_0124_exposure_L2.jpg,1,0,1,2,1,1,1,1,2,1.285714286,1.281340597,1.300929712,43.4581819815664,7.11837525341675,37.6558923824839
2641,image_0127_exposure_L2.jpg,0,0,1,2,1,1,1,1,1,1.142857143,1.124772226,1.165556848,43.4608303853563,4.638446931396,31.8615404908258
2642,image_0129_exposure_L3.jpg,0,0,1,2,1,2,1,4,3,2,2.137665451,2.011811671,36.1026643260833,4.52018575913954,35.6490078509247
2643,image_0129_exposure_L4.jpg,0,0,1,2,1,3,2,4,4,2.428571429,2.639260801,2.473511856,23.7597280108502,4.4846973478472,44.1708067814554
2644,image_0132_exposure_L1.jpg,1,1,1,2,2,1,1,1,1,1.285714286,1.189274682,1.329665748,43.4581833306246,6.68978526596168,42.4749078793646
2645,image_0134_exposure_L3.jpg,1,0,1,2,1,2,1,2,2,1.571428571,1.628474836,1.581415236,29.2333911446347,3.26231816080846,23.6091655374039
2646,image_0136_exposure_L2.jpg,0,0,1,2,1,1,1,2,2,1.428571429,1.457651719,1.448441498,43.4581819815664,4.7707031753875,27.7426631073325
2647,image_0138_exposure_L4.jpg,0,0,1,2,1,4,2,4,4,2.571428571,2.810083918,2.606485593,28.0842824330176,3.91324939787663,51.6251296307712
2648,image_0139_exposure_L3.jpg,1,0,1,2,1,2,1,2,3,1.714285714,1.785043207,1.7167881,43.4581820033231,4.12508840060648,42.0383584823634
2649,image_0142_exposure_L3.jpg,1,0,1,2,1,2,1,4,4,2.142857143,2.294233822,2.147184535,31.5014077314287,4.15368777776237,47.9968165197621
2650,image_0143_exposure_L3.jpg,1,0,1,2,1,2,1,3,4,2,2.1179227,1.99967275,35.9421511325444,4.46721502297383,47.4125651208086
2651,image_0144_exposure_L1.jpg,1,1,1,2,2,1,1,1,1,1.285714286,1.189274682,1.329665748,43.4581819815664,8.59165742955336,40.1233261856717
2652,image_0144_exposure_L2.jpg,1,0,1,2,1,1,1,1,3,1.428571429,1.437908969,1.436302577,43.4581819815711,5.47905980180709,44.3652163558463
2653,image_0146_exposure_L1.jpg,0,1,1,2,1,1,1,1,1,1.142857143,1.124772226,1.165556848,43.4581679892623,4.81377464248057,19.2112008400979
2654,image_0147_exposure_L1.jpg,0,1,1,2,1,1,1,1,1,1.142857143,1.124772226,1.165556848,43.4581819815664,6.34010969726282,32.5642968528909
2655,image_0147_exposure_L2.jpg,0,0,1,2,1,1,1,1,3,1.428571429,1.437908969,1.436302577,43.4581819815664,5.03119910838485,37.178450172718
2656,image_0151_exposure_L1.jpg,0,1,1,2,1,1,1,1,1,1.142857143,1.124772226,1.165556848,43.4581819837357,6.1205485635156,40.5808040164956
2657,image_0153_exposure_L3.jpg,0,0,1,2,1,2,1,2,3,1.714285714,1.785043207,1.7167881,29.540198387335,3.59361482245222,44.8888038100424
2658,image_0154_exposure_L2.jpg,0,0,1,2,1,1,1,1,3,1.428571429,1.437908969,1.436302577,43.4581819815664,4.90343627831105,37.6200701731833
2659,image_0156_exposure_L3.jpg,0,0,1,2,1,3,1,4,4,2.285714286,2.465056939,2.280158273,12.1198709561841,3.56489589579758,39.6681260403018
2660,image_0157_exposure_L1.jpg,0,1,1,2,1,1,1,1,1,1.142857143,1.124772226,1.165556848,43.4583490537271,5.88000573538439,38.34614061971
2661,image_0166_exposure_L4.jpg,0,0,1,2,1,3,2,4,4,2.428571429,2.639260801,2.473511856,13.540176530361,3.72847955518484,44.991848649144
2662,image_0168_exposure_L1.jpg,1,0,1,1,1,1,1,1,1,1,1,1,33.9411873646982,3.56927445103894,19.7232638808171
2663,image_0170_exposure_L2.jpg,1,0,1,2,1,1,1,1,2,1.285714286,1.281340597,1.300929712,33.4477288715586,3.59064165104969,36.9386652938621
2664,image_0172_exposure_L2.jpg,1,0,1,2,1,1,1,1,2,1.285714286,1.281340597,1.300929712,43.4581819815684,4.28989868697454,37.2988837591379
2665,image_0172_exposure_L4.jpg,1,0,1,2,1,3,1,4,4,2.285714286,2.465056939,2.280158273,18.1972257218628,3.95917078975687,45.9899783798783
2666,image_0174_exposure_L2.jpg,1,0,1,2,1,1,1,2,2,1.428571429,1.457651719,1.448441498,34.9929703978176,4.52574094260916,27.9996517985628
2667,image_0175_exposure_L2.jpg,1,0,1,2,1,1,1,1,3,1.428571429,1.437908969,1.436302577,36.622599702946,3.16721951475198,25.7315718039009
2668,image_0183_exposure_L4.jpg,1,0,1,2,1,3,1,4,4,2.285714286,2.465056939,2.280158273,31.7148486733998,6.9521285741267,37.8444102532241
2669,image_0185_exposure_L3.jpg,0,0,1,2,1,2,1,3,4,2,2.1179227,1.99967275,28.0767762680714,3.38747591741534,41.5188041992441
2670,image_0192_exposure_L2.jpg,1,0,1,2,1,1,1,1,2,1.285714286,1.281340597,1.300929712,43.4537762574812,3.70212884856173,26.5958316713766
2671,image_0194_exposure_L4.jpg,0,0,1,2,1,3,1,4,4,2.285714286,2.465056939,2.280158273,28.9137451052714,8.8591034358937,47.251267081461
2672,image_0195_exposure_L3.jpg,0,0,1,2,1,2,1,2,3,1.714285714,1.785043207,1.7167881,39.8304581470483,5.11347300542509,42.1236702270667
2673,image_0208_exposure_L3.jpg,0,0,1,2,1,2,1,2,4,1.857142857,1.941611579,1.852160964,8.20564431666013,3.46459675351382,45.028392103378
2674,image_0208_exposure_L4.jpg,0,0,1,2,1,3,1,4,4,2.285714286,2.465056939,2.280158273,16.6859939531021,4.41319849204881,53.8826697444388
2675,image_0211_exposure_L1.jpg,0,1,1,2,1,1,1,1,1,1.142857143,1.124772226,1.165556848,32.9146696803332,3.60141441685463,14.6736613570355
2676,image_0215_exposure_L4.jpg,0,0,1,2,1,4,4,4,4,2.857142857,3.158491642,2.993192759,48.1889025122118,4.56954214762767,54.6578358400565
2677,image_0216_exposure_L1.jpg,0,1,1,2,1,1,1,1,1,1.142857143,1.124772226,1.165556848,39.7206040320204,3.70487070139657,16.3516478580516
2678,image_0216_exposure_L3.jpg,0,0,1,2,1,3,1,4,4,2.285714286,2.465056939,2.280158273,15.3572161285819,2.93874879555532,42.0007678734141
2679,image_0218_exposure_L2.jpg,0,0,1,2,1,2,1,2,3,1.714285714,1.785043207,1.7167881,27.754479657281,2.53909818362924,25.9850401887888
2680,image_0225_exposure_L3.jpg,0,0,1,2,1,3,1,4,3,2.142857143,2.308488568,2.144785409,29.0075704356495,3.06379157672838,32.9271851599435
2681,image_0226_exposure_L4.jpg,0,0,1,2,1,4,3,4,4,2.714285714,2.98428778,2.799839176,38.5088891333517,4.38706986767716,52.4065332720986
2682,image_0228_exposure_L4.jpg,0,0,1,2,1,4,2,4,4,2.571428571,2.810083918,2.606485593,30.3742387468982,4.34340516624849,53.349227002603
2683,image_0230_exposure_L4.jpg,1,0,1,2,1,3,2,4,4,2.428571429,2.639260801,2.473511856,25.2493337214848,3.31955688750331,35.972257490057
2684,image_0235_exposure_L1.jpg,1,0,1,1,1,1,1,1,1,1,1,1,43.4581819815664,5.69758016618863,28.8734383374302
2685,image_0239_exposure_L3.jpg,1,0,1,2,1,2,1,1,3,1.571428571,1.608732085,1.569276314,43.4581819815665,4.93682293891255,33.6412105311412
2686,image_0242_exposure_L3.jpg,0,0,1,2,1,2,1,2,2,1.571428571,1.628474836,1.581415236,43.4581816141803,4.80972174557143,28.5843542761648
2687,image_0243_exposure_L4.jpg,0,0,1,2,1,3,1,4,4,2.285714286,2.465056939,2.280158273,15.4784118454712,3.67704090256897,41.9104996307177
2688,image_0244_exposure_L3.jpg,0,0,1,2,1,2,1,1,3,1.571428571,1.608732085,1.569276314,43.458182010595,4.00239916570229,31.8649929812288
2689,image_0244_exposure_L4.jpg,0,0,1,2,1,3,1,4,4,2.285714286,2.465056939,2.280158273,25.6294030390414,3.43055191914551,38.2236742670556
2690,image_0248_exposure_L3.jpg,1,0,1,2,1,2,1,2,3,1.714285714,1.785043207,1.7167881,32.5815945824415,3.57248612345032,39.3897997361232
2691,image_0248_exposure_L4.jpg,1,0,1,2,1,3,1,4,4,2.285714286,2.465056939,2.280158273,21.6097869425061,3.47556701442847,47.0070833663217
2692,image_0249_exposure_L1.jpg,0,1,1,2,1,1,1,1,1,1.142857143,1.124772226,1.165556848,43.4581823553837,5.10731151680662,35.6129191571476
2693,image_0249_exposure_L4.jpg,0,0,1,2,1,3,2,4,4,2.428571429,2.639260801,2.473511856,20.7359006208258,3.73184463932302,46.4342477604535
2694,image_0252_exposure_L2.jpg,1,0,1,2,1,1,1,1,1,1.142857143,1.124772226,1.165556848,40.143004893914,4.07971471508095,21.2163121342935
2695,image_0255_exposure_L1.jpg,1,1,1,1,1,1,1,1,1,1,1,1,43.3249482907942,3.76016054276156,20.4411239010565
2696,image_0256_exposure_L4.jpg,0,0,1,2,1,3,1,4,4,2.285714286,2.465056939,2.280158273,21.1588215774783,3.54736603826605,41.2953711749401
2697,image_0257_exposure_L1.jpg,1,0,1,1,1,1,1,1,1,1,1,1,43.4581819815664,5.41162568240214,25.2443928831932
2698,image_0259_exposure_L1.jpg,1,1,1,1,1,1,1,1,1,1,1,1,17.4598677137346,3.30101615049249,21.224869340377
2699,image_0259_exposure_L4.jpg,1,0,1,2,1,3,1,4,3,2.142857143,2.308488568,2.144785409,25.1813884477102,3.18588612332866,29.873094378968
2700,image_0262_exposure_L4.jpg,0,0,1,2,1,3,1,4,4,2.285714286,2.465056939,2.280158273,42.9375235759752,4.07503019443425,36.2690933608075
2701,image_0266_exposure_L4.jpg,1,0,1,2,1,3,1,4,4,2.285714286,2.465056939,2.280158273,26.3829277336479,3.82036656392626,41.1627659164023
2702,image_0267_exposure_L1.jpg,1,1,1,1,1,1,1,1,1,1,1,1,43.4581820344859,5.12195305610039,27.4266751035992
2703,image_0268_exposure_L4.jpg,1,0,1,2,1,3,1,4,4,2.285714286,2.465056939,2.280158273,27.7195537155862,3.15708235372452,41.5430674817153
2704,image_0274_exposure_L1.jpg,0,1,1,1,1,1,1,1,1,1,1,1,30.2710586043288,3.51540453166658,20.0002856954947
2705,image_0278_exposure_L2.jpg,0,0,1,2,1,1,1,1,1,1.142857143,1.124772226,1.165556848,36.1809960215583,4.20662338252515,41.6431382295692
2706,image_0280_exposure_L2.jpg,0,0,1,2,1,1,1,1,1,1.142857143,1.124772226,1.165556848,43.4581819815664,5.3497797909362,22.3151558434658
2707,image_0283_exposure_L2.jpg,0,0,1,2,1,1,1,1,1,1.142857143,1.124772226,1.165556848,43.4581819821001,5.40065220415892,24.7075052662778
2708,image_0286_exposure_L4.jpg,0,0,1,2,1,3,3,4,4,2.571428571,2.813464663,2.666865438,44.2866996236204,4.29399471361793,50.260381020227
2709,image_0289_exposure_L4.jpg,0,0,1,2,1,3,1,4,4,2.285714286,2.465056939,2.280158273,25.1549972605763,3.91528273489964,46.8211246370526
2710,image_0293_exposure_L3.jpg,0,0,1,2,1,1,1,2,2,1.428571429,1.457651719,1.448441498,15.0314256876169,3.29651358474193,30.0130823369485
2711,image_0294_exposure_L3.jpg,0,0,1,2,1,1,1,1,2,1.285714286,1.281340597,1.300929712,19.6332220344934,3.66188177955648,30.9370494359825
2712,image_0295_exposure_L1.jpg,0,0,1,1,1,1,1,1,1,1,1,1,43.4581819815664,4.5638643402253,27.3452981404341
2713,image_0295_exposure_L3.jpg,0,0,1,2,1,1,1,1,2,1.285714286,1.281340597,1.300929712,38.3844137163981,3.49564003440777,34.7587361147651
2714,image_0303_exposure_L3.jpg,1,0,1,2,1,1,1,2,3,1.571428571,1.61422009,1.583814362,43.4581826066273,3.98970198465853,31.3874050300235
2715,image_0305_exposure_L2.jpg,0,0,1,2,1,1,1,1,1,1.142857143,1.124772226,1.165556848,43.4581819815664,5.01076226585569,24.3129918291591
2716,image_0311_exposure_L3.jpg,0,0,1,2,1,1,1,3,3,1.714285714,1.790531212,1.731326148,30.0232480848152,3.83327171704506,40.5170106507453
2717,image_0312_exposure_L2.jpg,1,0,1,2,1,1,1,4,3,1.857142857,1.966842334,1.878837934,43.5771995134158,4.76926496820698,28.3960423612567
2718,image_0315_exposure_L1.jpg,1,1,1,1,1,1,1,1,1,1,1,1,43.4581819815696,4.4484601285682,29.0209028936861
2719,image_0315_exposure_L2.jpg,1,0,1,2,1,1,1,1,2,1.285714286,1.281340597,1.300929712,34.8732642635539,4.04990809858762,32.9128348608299
2720,image_0315_exposure_L3.jpg,1,0,1,2,1,1,1,3,3,1.714285714,1.790531212,1.731326148,34.5435799593993,3.69035863486679,31.5408542923411
2721,image_0316_exposure_L2.jpg,0,0,1,2,1,1,1,1,2,1.285714286,1.281340597,1.300929712,43.4535050402344,4.19042006360684,26.3764244346474
2722,image_0319_exposure_L1.jpg,0,1,1,1,1,1,1,1,1,1,1,1,41.8993400655758,3.79635922962246,15.5784047320747
2723,image_0323_exposure_L2.jpg,0,0,1,2,1,1,1,1,2,1.285714286,1.281340597,1.300929712,43.4581819815664,4.95299788353152,25.4469218696133
2724,image_0324_exposure_L3.jpg,0,0,1,2,1,2,1,2,3,1.714285714,1.785043207,1.7167881,43.4581819815678,3.97381733178201,30.1701725168551
2725,image_0325_exposure_L4.jpg,0,0,1,2,1,3,1,4,4,2.285714286,2.465056939,2.280158273,23.730634674663,3.52995538689384,41.3700842148562
2726,image_0340_exposure_L2.jpg,0,0,1,2,1,1,1,1,2,1.285714286,1.281340597,1.300929712,13.9150274201835,2.87348492978316,23.7323235934718
2727,image_0343_exposure_L2.jpg,0,0,1,2,1,1,1,1,2,1.285714286,1.281340597,1.300929712,36.7163007604374,3.52030224706645,27.3701332051059
2728,image_0344_exposure_L1.jpg,0,1,1,1,1,1,1,1,1,1,1,1,43.2798351389453,3.78793170898521,18.982692146388
2729,image_0344_exposure_L2.jpg,0,0,1,2,1,1,1,2,2,1.428571429,1.457651719,1.448441498,30.8648088263517,3.00707378315356,22.7620190181991
2730,image_0345_exposure_L2.jpg,0,0,1,2,1,1,1,2,2,1.428571429,1.457651719,1.448441498,14.5429392555755,2.69493456042024,24.9432793174241
2731,image_0346_exposure_L4.jpg,0,0,1,2,1,2,1,4,3,2,2.137665451,2.011811671,27.916631412969,3.47753269493697,31.8133935055306
2732,image_0347_exposure_L4.jpg,0,0,1,2,1,2,2,4,3,2.142857143,2.311869313,2.205165254,17.1632471677585,3.10620984010858,31.9091306422862
2733,image_0355_exposure_L1.jpg,0,1,1,1,1,1,1,1,1,1,1,1,43.4581819815686,5.54988114734874,22.0247545494463
2734,image_0356_exposure_L1.jpg,1,1,1,1,1,1,1,1,1,1,1,1,40.9991172410527,3.46380616157282,19.8930933296425
2735,image_0358_exposure_L3.jpg,0,0,1,2,1,1,1,4,3,1.857142857,1.966842334,1.878837934,6.31690663563847,3.08980817478082,30.7435627876968
2736,image_0358_exposure_L4.jpg,0,0,1,2,1,2,1,4,3,2,2.137665451,2.011811671,26.9625721418381,3.39376785441108,31.4842325276523
2737,image_0366_exposure_L2.jpg,0,0,1,2,1,1,1,1,2,1.285714286,1.281340597,1.300929712,43.4581819815665,5.21039800385499,31.2289132686584
2738,image_0366_exposure_L4.jpg,0,0,1,2,1,3,1,4,4,2.285714286,2.465056939,2.280158273,26.6634698452114,3.55399152170176,41.601474222311
2739,image_0367_exposure_L2.jpg,1,0,1,2,1,1,1,1,2,1.285714286,1.281340597,1.300929712,43.4581819815664,6.24173224459112,25.6859665446161
2740,image_0368_exposure_L2.jpg,1,0,1,2,1,1,1,1,2,1.285714286,1.281340597,1.300929712,42.8915179576821,4.13865627514581,22.4100122776659
2741,image_0375_exposure_L1.jpg,0,1,1,1,1,1,1,1,1,1,1,1,43.4581819523645,4.91371121141137,19.5935858836779
2742,image_0375_exposure_L4.jpg,0,0,1,2,1,3,1,4,3,2.142857143,2.308488568,2.144785409,25.3979268023658,3.13480723143778,35.4846335205891
2743,image_0379_exposure_L1.jpg,0,1,1,2,1,1,1,1,1,1.142857143,1.124772226,1.165556848,43.4581819409296,5.56146837207185,20.0670426030377
2744,image_0380_exposure_L2.jpg,0,0,1,2,1,1,1,1,2,1.285714286,1.281340597,1.300929712,43.4581819815998,5.38073683988933,28.348986451808
2745,image_0381_exposure_L1.jpg,0,1,1,1,1,1,1,1,1,1,1,1,43.4581819815664,6.75141926232368,27.0827847551555
2746,image_0385_exposure_L4.jpg,1,0,1,2,1,3,2,4,4,2.428571429,2.639260801,2.473511856,35.4818332331391,3.44349808918124,41.236908804709
2747,image_0388_exposure_L3.jpg,1,0,1,2,1,3,1,4,3,2.142857143,2.308488568,2.144785409,25.1664094384112,2.40213229510386,35.5996950760827
2748,image_0391_exposure_L3.jpg,1,0,1,2,1,3,1,4,3,2.142857143,2.308488568,2.144785409,31.2819195788698,3.01114597134816,19.9550165577294
2749,image_0400_exposure_L3.jpg,0,0,1,2,1,3,1,4,4,2.285714286,2.465056939,2.280158273,20.181894267385,3.82396165127676,39.4918875927388
2750,image_0401_exposure_L2.jpg,0,0,1,2,1,1,1,4,3,1.857142857,1.966842334,1.878837934,13.372704996685,2.17564477727318,27.4521284301238
2751,image_0401_exposure_L3.jpg,0,0,1,2,1,3,2,4,4,2.428571429,2.639260801,2.473511856,20.1796600647656,2.37098557887517,34.6040512423099
2752,image_0402_exposure_L1.jpg,1,1,1,2,1,1,1,2,2,1.428571429,1.457651719,1.448441498,21.5539150318802,4.07226504388061,23.6083490621504
2753,image_0402_exposure_L4.jpg,1,0,1,2,1,4,3,4,4,2.714285714,2.98428778,2.799839176,47.3534970387586,4.53610486069112,47.6319280810166
2754,image_0403_exposure_L3.jpg,0,0,1,2,1,2,1,4,3,2,2.137665451,2.011811671,29.9926948971514,2.81672079152578,34.7926243150952
2755,image_0406_exposure_L2.jpg,0,0,1,2,1,1,1,2,2,1.428571429,1.457651719,1.448441498,5.80565332439466,4.38022997790401,31.3026982320328
2756,image_0406_exposure_L3.jpg,0,0,1,2,1,2,1,4,3,2,2.137665451,2.011811671,27.7913549432793,4.16378254080108,38.0302636887503
2757,image_0410_exposure_L1.jpg,0,0,1,2,1,1,1,1,1,1.142857143,1.124772226,1.165556848,42.4696059152706,3.20258803422013,20.2790403590333
2758,image_0412_exposure_L1.jpg,0,0,1,1,1,1,1,3,1,1.285714286,1.352622243,1.295023571,17.4167936294729,2.77215911443646,16.3475687073447
2759,image_0414_exposure_L2.jpg,0,0,1,2,1,1,1,4,2,1.714285714,1.810273962,1.74346507,26.5116062776975,4.34271509984457,26.1075583951696
2760,image_0416_exposure_L1.jpg,0,0,1,2,1,1,1,2,1,1.285714286,1.301083348,1.313068634,6.24165486658257,4.46466290151399,22.9756301959627
2761,image_0421_exposure_L3.jpg,0,0,1,2,1,3,1,4,3,2.142857143,2.308488568,2.144785409,25.695819727625,4.174333732154,33.9489749289005
2762,image_0423_exposure_L1.jpg,0,0,1,2,1,1,1,3,1,1.428571429,1.477394469,1.46058042,18.4954825958136,5.23751078447191,24.3334835239175
2763,image_0423_exposure_L2.jpg,0,0,1,2,1,1,1,4,2,1.714285714,1.810273962,1.74346507,12.0117121071134,4.58686487548247,29.0916784896308
2764,image_0424_exposure_L1.jpg,0,0,1,2,1,1,1,2,1,1.285714286,1.301083348,1.313068634,27.1031279700901,4.7534480779071,25.8793151361534
2765,image_0429_exposure_L3.jpg,1,0,1,2,1,3,2,4,3,2.285714286,2.48269243,2.338138991,31.5964091771065,2.83682148760276,47.8489247658042
2766,image_0429_exposure_L4.jpg,1,0,1,2,1,3,3,4,4,2.571428571,2.813464663,2.666865438,39.5653924036157,3.32494310793852,57.6239090094704
2767,image_0431_exposure_L3.jpg,0,0,1,2,1,3,1,4,3,2.142857143,2.308488568,2.144785409,23.8836750580123,4.42431973917228,34.5090536403184
2768,image_0432_exposure_L2.jpg,1,0,1,2,1,1,1,2,2,1.428571429,1.457651719,1.448441498,19.0424503728636,4.64347579292166,28.5106490597584
2769,image_0435_exposure_L3.jpg,0,0,1,2,1,2,1,4,3,2,2.137665451,2.011811671,17.0793135442283,2.57198596706076,34.3237130396701
2770,image_0439_exposure_L1.jpg,1,1,1,2,1,1,1,1,1,1.142857143,1.124772226,1.165556848,39.4431927459294,4.67513511007719,24.0243380904834
2771,image_0442_exposure_L4.jpg,0,0,1,2,1,3,2,4,4,2.428571429,2.639260801,2.473511856,32.0172477133553,4.55722422321978,40.6781708520873
2772,image_0448_exposure_L3.jpg,0,0,1,2,1,2,1,3,2,1.714285714,1.804785958,1.728927021,16.5546949776235,2.78653696874637,36.7292729237178
2773,image_0448_exposure_L4.jpg,0,0,1,2,1,3,1,4,4,2.285714286,2.465056939,2.280158273,18.4732764901133,2.86967399680767,43.4910034801649
2774,image_0451_exposure_L1.jpg,0,0,1,1,1,1,1,1,1,1,1,1,32.6053731665452,2.62503613459572,34.6231903376729
2775,image_0453_exposure_L2.jpg,0,0,1,2,1,1,1,1,2,1.285714286,1.281340597,1.300929712,43.4581819815782,5.53405516978826,39.1795430954048
2776,image_0458_exposure_L3.jpg,0,0,1,2,1,2,1,2,3,1.714285714,1.785043207,1.7167881,31.8036885020514,4.29531294231505,34.2871015420522
2777,image_0460_exposure_L4.jpg,0,0,1,2,1,3,1,4,4,2.285714286,2.465056939,2.280158273,20.4550420120238,3.4848051694523,43.143225770901
2778,image_0463_exposure_L2.jpg,0,0,1,2,1,1,1,1,3,1.428571429,1.437908969,1.436302577,40.9382660997794,3.48747415253433,27.8672571144256
2779,image_0465_exposure_L1.jpg,0,1,1,2,1,1,1,1,1,1.142857143,1.124772226,1.165556848,43.4583534379725,3.29201954640841,23.8785987554746
2780,image_0465_exposure_L4.jpg,0,0,1,2,1,3,1,4,4,2.285714286,2.465056939,2.280158273,35.5309423606682,3.97603673165004,40.784141563904
2781,image_0466_exposure_L2.jpg,0,0,1,2,1,1,1,1,2,1.285714286,1.281340597,1.300929712,33.4363521887968,3.25871334940464,26.0038827085618
2782,image_0466_exposure_L3.jpg,0,0,1,2,1,2,1,2,3,1.714285714,1.785043207,1.7167881,26.1647629441741,3.40736082753988,34.0984552551339
2783,image_0471_exposure_L1.jpg,0,1,1,1,1,1,1,1,1,1,1,1,43.4581819815664,5.49682950619555,28.2196040771176
2784,image_0471_exposure_L2.jpg,0,0,1,2,1,1,1,1,2,1.285714286,1.281340597,1.300929712,43.4581819815664,4.7134778584112,32.0886081317689
2785,image_0472_exposure_L1.jpg,0,1,1,1,1,1,1,1,1,1,1,1,43.4581902289713,5.23569916244458,28.563841106482
2786,image_0472_exposure_L4.jpg,0,0,1,2,1,3,1,4,4,2.285714286,2.465056939,2.280158273,30.0509504609429,4.48818570859444,38.5516697895495
2787,image_0479_exposure_L4.jpg,0,0,1,2,1,3,1,4,4,2.285714286,2.465056939,2.280158273,13.2382645443305,3.83552019467968,38.8850152404404
2788,image_0480_exposure_L3.jpg,0,0,1,2,1,2,1,1,3,1.571428571,1.608732085,1.569276314,36.3886403988446,4.08106392686844,42.1894779619162
2789,image_0486_exposure_L2.jpg,0,0,1,2,1,1,1,1,2,1.285714286,1.281340597,1.300929712,43.4581819815664,6.52396681619261,35.8409991794404
2790,image_0489_exposure_L2.jpg,1,0,1,2,1,1,1,2,2,1.428571429,1.457651719,1.448441498,18.1187942334087,2.27550840311598,28.0470128281246
2791,image_0495_exposure_L1.jpg,0,0,1,2,1,1,1,1,1,1.142857143,1.124772226,1.165556848,41.5075929282774,4.49693144147378,26.9071030519203
2792,image_0496_exposure_L3.jpg,0,0,1,2,1,2,1,4,3,2,2.137665451,2.011811671,17.0523858040546,4.07193289943891,40.4437560473163
2793,image_0502_exposure_L1.jpg,0,1,1,2,1,1,1,3,1,1.428571429,1.477394469,1.46058042,20.621665897935,2.76233265032663,12.874543946949
2794,image_0503_exposure_L2.jpg,0,0,1,2,1,1,1,4,2,1.714285714,1.810273962,1.74346507,23.3819520032893,2.08526978620368,18.3852907695287
2795,image_0503_exposure_L3.jpg,0,0,1,2,1,3,2,4,3,2.285714286,2.48269243,2.338138991,24.0271373687443,1.96600383646575,24.3062166600465
2796,image_0505_exposure_L2.jpg,0,0,1,2,1,2,1,1,2,1.428571429,1.452163714,1.43390345,38.7005532279466,2.46561288080171,37.0801500710995
2797,image_0508_exposure_L1.jpg,0,0,1,1,1,1,1,1,1,1,1,1,25.915487058905,2.59711359116594,31.9920440932374
2798,image_0508_exposure_L4.jpg,0,0,1,2,1,3,1,4,4,2.285714286,2.465056939,2.280158273,23.1025647717328,2.73528685060541,43.3982875459121
2799,image_0509_exposure_L2.jpg,0,0,1,2,1,1,1,2,2,1.428571429,1.457651719,1.448441498,4.3560699550132,2.29938211836852,32.0938162249109
2800,image_0509_exposure_L4.jpg,0,0,1,2,1,3,2,4,3,2.285714286,2.48269243,2.338138991,19.7762884072231,2.55730672208009,40.647949195251
2801,image_0511_exposure_L4.jpg,0,0,1,2,1,3,1,4,4,2.285714286,2.465056939,2.280158273,24.6767331160268,3.38372128684522,48.5794504456822
2802,image_0512_exposure_L4.jpg,0,0,1,2,1,4,3,4,4,2.714285714,2.98428778,2.799839176,45.470047661708,3.34077086493894,46.0417883766898
2803,image_0516_exposure_L3.jpg,1,0,1,2,1,1,2,4,3,2,2.141046196,2.072191517,34.3687660560984,3.05898110237156,22.3476104359156
2804,image_0521_exposure_L3.jpg,0,0,1,2,1,1,1,4,3,1.857142857,1.966842334,1.878837934,36.8231405546808,4.08172088627668,16.6046000610855
2805,image_0524_exposure_L4.jpg,0,0,1,2,1,3,2,4,4,2.428571429,2.639260801,2.473511856,26.1739360170741,2.48906851463473,29.1602800003032
2806,image_0526_exposure_L1.jpg,0,1,1,1,1,1,1,1,1,1,1,1,39.5629324245173,3.02348590494657,15.5431488352687
2807,image_0526_exposure_L4.jpg,0,0,1,2,1,3,2,4,4,2.428571429,2.639260801,2.473511856,25.0354474035479,2.37951680026358,31.358806615931
2808,image_0529_exposure_L2.jpg,0,0,1,2,1,1,1,3,3,1.714285714,1.790531212,1.731326148,33.3016768445216,3.98709194175066,33.8049193936318
2809,image_0533_exposure_L2.jpg,1,0,1,2,1,1,1,4,2,1.714285714,1.810273962,1.74346507,31.0376593070989,2.59652865455122,12.2747058724788
2810,image_0534_exposure_L1.jpg,1,1,1,1,1,1,1,4,1,1.428571429,1.528933365,1.442535357,29.7335275858635,2.68624923647774,11.9281359087531
2811,image_0537_exposure_L4.jpg,0,0,1,2,1,4,4,4,4,2.857142857,3.158491642,2.993192759,47.8737621175144,4.95806601156229,45.4176546344115
2812,image_0539_exposure_L1.jpg,0,1,1,2,1,1,2,4,2,1.857142857,1.984477824,1.936818652,34.4636095411766,6.24802892366528,20.8858551669135
2813,image_0541_exposure_L4.jpg,1,0,1,2,1,3,3,4,4,2.571428571,2.813464663,2.666865438,44.251330067768,10.7517928565833,25.2524280384215
2814,image_0548_exposure_L1.jpg,0,1,1,2,1,1,1,3,1,1.428571429,1.477394469,1.46058042,21.0315873444701,2.85593476965512,15.0946852673989
2815,image_0549_exposure_L1.jpg,0,1,1,2,1,1,1,3,1,1.428571429,1.477394469,1.46058042,25.0282904503346,2.89553206473121,14.8982335219655
2816,image_0549_exposure_L2.jpg,0,0,1,2,1,1,1,4,2,1.714285714,1.810273962,1.74346507,31.3884440520522,3.42366740295186,16.8163334759157
2817,image_0551_exposure_L1.jpg,1,1,1,1,1,1,1,4,1,1.428571429,1.528933365,1.442535357,19.3545784320638,2.50682288805692,13.9235333925112
2818,image_0551_exposure_L3.jpg,1,0,1,2,1,2,2,4,2,2,2.155300941,2.06979239,35.5562881076363,3.34788102490419,15.9283700205524
2819,image_0553_exposure_L4.jpg,1,0,1,2,1,4,4,4,4,2.857142857,3.158491642,2.993192759,50.1577689290276,4.47794134385295,43.2252606764042
2820,image_0562_exposure_L1.jpg,0,0,1,2,2,1,1,1,1,1.285714286,1.189274682,1.329665748,43.4581832376271,4.0963354831405,43.1746123882593
2821,image_0566_exposure_L1.jpg,1,1,1,2,1,1,1,4,1,1.571428571,1.653705591,1.608092205,17.8309721519121,2.62576371329456,11.2039044895386
2822,image_0568_exposure_L4.jpg,0,0,1,2,1,4,3,4,4,2.714285714,2.98428778,2.799839176,35.3894136831067,4.49760556819679,53.6609029094482
2823,image_0573_exposure_L3.jpg,0,0,1,2,1,3,3,4,4,2.571428571,2.813464663,2.666865438,34.1734005501661,5.41768330718929,26.6738334576594
2824,image_0574_exposure_L4.jpg,0,0,1,2,1,4,3,4,4,2.714285714,2.98428778,2.799839176,38.2345183267744,4.92267176980329,50.5934170926911
2825,image_0576_exposure_L4.jpg,0,0,1,2,1,4,3,4,4,2.714285714,2.98428778,2.799839176,34.2213004714799,5.21491085228527,49.6080399283245
2826,image_0588_exposure_L3.jpg,0,0,1,2,1,4,2,4,4,2.571428571,2.810083918,2.606485593,25.6756636266701,2.79280184291206,45.4856242031253
2827,image_0589_exposure_L2.jpg,0,0,1,2,1,2,1,2,2,1.571428571,1.628474836,1.581415236,17.8155146326321,2.48751164322146,39.7595343680293
2828,image_0596_exposure_L2.jpg,0,0,1,2,1,1,1,1,2,1.285714286,1.281340597,1.300929712,38.205398445039,2.57928026030575,36.0761429444278
2829,image_0597_exposure_L4.jpg,0,0,1,2,1,3,1,4,4,2.285714286,2.465056939,2.280158273,27.186718835279,3.47039971609879,39.8341793416403
2830,image_0600_exposure_L1.jpg,0,1,1,1,1,1,1,1,1,1,1,1,43.4581819815664,6.10262916843133,27.2988858625319
2831,image_0601_exposure_L3.jpg,1,0,1,2,1,1,1,2,3,1.571428571,1.61422009,1.583814362,26.1531598817742,3.79328412894159,39.0657436882834
2832,image_0602_exposure_L3.jpg,0,0,1,2,1,1,1,2,3,1.571428571,1.61422009,1.583814362,9.53231219144627,3.95112718721696,36.2328875810939
2833,image_0604_exposure_L3.jpg,0,0,1,2,1,2,1,2,3,1.714285714,1.785043207,1.7167881,26.388097106319,3.10005969761335,35.5044947715594
2834,image_0605_exposure_L2.jpg,0,0,1,2,1,1,1,2,2,1.428571429,1.457651719,1.448441498,32.9656732812675,2.91843469288688,29.8645679150598
2835,image_0606_exposure_L3.jpg,0,0,1,2,1,2,1,2,3,1.714285714,1.785043207,1.7167881,23.5534433111766,3.2531807796761,37.4543456829767
2836,image_0607_exposure_L1.jpg,0,1,1,1,1,1,1,1,1,1,1,1,42.367126253749,4.52835820881084,17.7030085830612
2837,image_0609_exposure_L1.jpg,0,1,1,2,1,1,1,1,1,1.142857143,1.124772226,1.165556848,43.4581819815557,4.69666221534082,24.1865642539655
2838,image_0609_exposure_L2.jpg,0,0,1,2,1,1,1,2,3,1.571428571,1.61422009,1.583814362,35.2788624380567,3.39022998553256,34.0807137913655
2839,image_0610_exposure_L4.jpg,0,0,1,2,1,3,2,4,4,2.428571429,2.639260801,2.473511856,46.0357582177122,4.65946584109387,45.4669266851759
2840,image_0612_exposure_L3.jpg,0,0,1,2,1,2,1,4,3,2,2.137665451,2.011811671,36.1420322260211,3.60300407942851,43.3003265004164
2841,image_0615_exposure_L4.jpg,1,0,1,2,1,3,1,4,4,2.285714286,2.465056939,2.280158273,28.0782194593532,2.72459499536459,38.1210750435948
2842,image_0617_exposure_L3.jpg,1,0,1,2,1,2,1,3,3,1.857142857,1.961354329,1.864299885,35.1733674078378,2.83406377041437,31.2538457119285
2843,image_0618_exposure_L2.jpg,0,0,1,2,1,1,1,1,2,1.285714286,1.281340597,1.300929712,43.4581857832325,4.61198265893837,26.502790636607
2844,image_0619_exposure_L1.jpg,0,1,1,2,1,1,1,1,1,1.142857143,1.124772226,1.165556848,42.5871022500678,3.59657904771661,23.365318081568
2845,image_0630_exposure_L1.jpg,0,1,1,1,1,1,1,1,1,1,1,1,43.4581820128279,4.19589837017347,22.827963285769
2846,image_0638_exposure_L4.jpg,0,0,1,2,1,3,2,4,4,2.428571429,2.639260801,2.473511856,30.9759451340406,4.17288488480278,32.8929601259874
2847,image_0642_exposure_L2.jpg,1,0,1,2,1,1,1,1,2,1.285714286,1.281340597,1.300929712,39.1879843049279,4.8606612592872,24.8755333725806
2848,image_0645_exposure_L2.jpg,0,0,1,2,1,1,1,1,2,1.285714286,1.281340597,1.300929712,43.4581823626471,4.04554857906406,27.034462819717
2849,image_0647_exposure_L2.jpg,0,0,1,2,1,1,1,3,2,1.571428571,1.633962841,1.595953284,37.3708971009436,3.36334452837597,45.0292907017853
2850,image_0652_exposure_L2.jpg,0,0,1,2,1,2,1,3,2,1.714285714,1.804785958,1.728927021,43.4476190455935,3.65736163271937,19.356263662322
2851,image_0654_exposure_L3.jpg,1,0,1,2,1,2,1,3,2,1.714285714,1.804785958,1.728927021,32.7534503211878,2.85043314229638,18.3225621577082
2852,image_0655_exposure_L1.jpg,0,1,1,1,1,1,1,1,1,1,1,1,43.4581819815665,4.02849535865739,22.25721346507
2853,image_0655_exposure_L3.jpg,0,0,1,2,1,2,1,2,3,1.714285714,1.785043207,1.7167881,27.5272013797047,3.38344321380859,31.4998496669062
2854,image_0657_exposure_L4.jpg,0,0,1,2,1,3,1,4,4,2.285714286,2.465056939,2.280158273,21.8410464298796,3.8953163067197,41.9405094444087
2855,image_0658_exposure_L3.jpg,0,0,1,2,1,2,1,2,2,1.571428571,1.628474836,1.581415236,27.3374618768381,2.75868829137854,22.5657166282471
2856,image_0659_exposure_L1.jpg,0,1,1,2,1,1,1,1,1,1.142857143,1.124772226,1.165556848,43.4581819815491,3.75180026581382,19.2991457672848
2857,image_0661_exposure_L4.jpg,0,0,1,2,1,3,1,4,3,2.142857143,2.308488568,2.144785409,37.7546455415364,2.5596642044013,26.1717951935476
2858,image_0662_exposure_L3.jpg,0,0,1,2,1,2,1,3,2,1.714285714,1.804785958,1.728927021,33.4161295832444,3.14701871828951,21.1741224705732
2859,image_0665_exposure_L1.jpg,0,1,1,1,1,1,1,2,1,1.142857143,1.176311122,1.147511786,30.5900200414817,3.2459812327413,19.803549484063
2860,image_0672_exposure_L2.jpg,0,0,1,2,1,2,1,1,2,1.428571429,1.452163714,1.43390345,43.4566469377564,5.06839919819498,33.995412362798
2861,image_0674_exposure_L1.jpg,0,1,1,1,1,1,1,1,1,1,1,1,43.4581819815674,4.06485613376641,23.6285987192908
2862,image_0675_exposure_L1.jpg,0,1,1,1,1,1,1,1,1,1,1,1,43.4581819815664,6.0472789527625,23.2319477679672
2863,image_0678_exposure_L3.jpg,1,0,1,2,1,1,1,4,2,1.714285714,1.810273962,1.74346507,33.723465569545,2.91206554960874,22.4763822631651
2864,image_0681_exposure_L4.jpg,0,0,1,2,1,3,1,4,3,2.142857143,2.308488568,2.144785409,38.6961296227442,7.52098277308838,32.0700414462134
2865,image_0682_exposure_L3.jpg,1,0,1,2,1,1,1,4,2,1.714285714,1.810273962,1.74346507,41.1927388988768,5.04720382113177,16.1700511911683
2866,image_0685_exposure_L1.jpg,0,1,1,2,1,1,1,1,1,1.142857143,1.124772226,1.165556848,43.4581819815664,5.7848508915298,25.221832082685
2867,image_0687_exposure_L4.jpg,0,0,1,2,1,4,3,4,4,2.714285714,2.98428778,2.799839176,30.4510795565892,3.16710040307698,42.396640327539
2868,image_0690_exposure_L2.jpg,1,0,1,2,1,1,1,3,2,1.571428571,1.633962841,1.595953284,40.261231192089,3.23990485612248,16.5709488698838
2869,image_0691_exposure_L2.jpg,0,0,1,2,1,1,1,1,2,1.285714286,1.281340597,1.300929712,43.4581825025565,3.655027220554,30.5698978394754
2870,image_0692_exposure_L4.jpg,0,0,1,2,1,3,1,4,3,2.142857143,2.308488568,2.144785409,35.3815767150808,3.2824243557979,32.3346338878127
2871,image_0701_exposure_L3.jpg,0,0,1,2,1,2,1,4,4,2.142857143,2.294233822,2.147184535,11.2236955356337,3.32486101211047,36.1324924954459
2872,image_0705_exposure_L1.jpg,0,1,1,1,1,1,1,1,2,1.142857143,1.156568371,1.135372864,30.1798041541498,3.95995531516018,16.7368346597483
2873,image_0707_exposure_L1.jpg,0,1,1,2,1,1,1,1,1,1.142857143,1.124772226,1.165556848,36.2163172156082,3.47362659080809,22.2242447588943
2874,image_0707_exposure_L3.jpg,0,0,1,2,1,2,1,2,3,1.714285714,1.785043207,1.7167881,21.5208905858103,3.32382905149308,36.4882882968877
2875,image_0718_exposure_L2.jpg,0,0,1,2,1,1,1,1,2,1.285714286,1.281340597,1.300929712,43.4581819815664,5.06974014231591,28.8927867080025
2876,image_0719_exposure_L4.jpg,1,0,1,2,1,3,1,4,3,2.142857143,2.308488568,2.144785409,21.1140282088971,3.04839229343134,38.8529709486455
2877,image_0722_exposure_L1.jpg,0,1,1,2,1,1,1,1,1,1.142857143,1.124772226,1.165556848,43.4581819815664,4.46717623537863,20.7904945299917
2878,image_0725_exposure_L4.jpg,0,0,1,2,1,3,2,4,4,2.428571429,2.639260801,2.473511856,19.876579341275,3.44078401329703,38.4143895232922
2879,image_0729_exposure_L1.jpg,0,1,1,2,2,1,1,1,1,1.285714286,1.189274682,1.329665748,43.4581820522791,6.32212601440177,39.6261455777094
2880,image_0734_exposure_L3.jpg,0,0,1,2,1,2,1,4,4,2.142857143,2.294233822,2.147184535,15.6062458599215,2.6535887269239,36.2022918116893
2881,image_0736_exposure_L3.jpg,0,0,1,2,1,2,1,2,3,1.714285714,1.785043207,1.7167881,16.2418029757968,2.30503754868791,31.9767947804781
2882,image_0737_exposure_L2.jpg,0,0,1,2,1,1,1,1,2,1.285714286,1.281340597,1.300929712,43.4581819837679,3.48101779115631,28.254545257323
2883,image_0738_exposure_L4.jpg,0,0,1,2,1,3,1,4,4,2.285714286,2.465056939,2.280158273,28.497386117548,3.36882194369996,36.4161055773421
2884,image_0741_exposure_L2.jpg,0,0,1,2,1,1,1,4,2,1.714285714,1.810273962,1.74346507,39.8608620440635,7.26282876022595,16.1001323895885
2885,image_0746_exposure_L2.jpg,0,0,1,2,1,1,1,1,2,1.285714286,1.281340597,1.300929712,35.9419719669842,3.02912853634472,20.5867282964582
2886,image_0746_exposure_L4.jpg,0,0,1,2,1,3,2,4,4,2.428571429,2.639260801,2.473511856,31.9610874926831,2.69024630542925,37.2876556303291
2887,image_0749_exposure_L2.jpg,0,0,1,2,1,1,1,1,2,1.285714286,1.281340597,1.300929712,35.1014598656246,3.2838088451206,27.3893241115409
2888,image_0750_exposure_L1.jpg,0,1,1,1,1,1,1,1,2,1.142857143,1.156568371,1.135372864,27.3232128405616,3.96261260851124,27.1633617189321
2889,image_0750_exposure_L3.jpg,0,0,1,2,1,2,1,2,3,1.714285714,1.785043207,1.7167881,39.0418131607605,5.16740284160514,31.4288371582213
2890,image_0753_exposure_L3.jpg,0,0,1,2,1,2,1,3,3,1.857142857,1.961354329,1.864299885,39.5172227741871,2.52014877120933,24.9753506717471
2891,image_0754_exposure_L2.jpg,0,0,1,2,1,1,1,2,2,1.428571429,1.457651719,1.448441498,32.4913748669232,2.73123165284088,16.8133062952101
2892,image_0757_exposure_L1.jpg,0,1,1,2,1,1,1,1,1,1.142857143,1.124772226,1.165556848,43.4581819815664,5.66544092676097,24.4028351270801
2893,image_0759_exposure_L4.jpg,0,0,1,2,1,3,1,4,4,2.285714286,2.465056939,2.280158273,12.5150174584764,3.06688238221622,46.2353925572783
2894,image_0762_exposure_L2.jpg,0,0,1,2,1,1,1,1,2,1.285714286,1.281340597,1.300929712,43.4581819815667,4.1814012397118,30.2409516855191
2895,image_0764_exposure_L2.jpg,0,0,1,2,1,1,1,1,3,1.428571429,1.437908969,1.436302577,43.4551681599528,3.83509303469836,35.9871447161208
2896,image_0767_exposure_L3.jpg,0,0,1,2,1,2,1,2,3,1.714285714,1.785043207,1.7167881,33.4555581102129,2.98592853806041,33.833868908347
2897,image_0772_exposure_L4.jpg,0,0,1,2,1,3,2,4,4,2.428571429,2.639260801,2.473511856,31.6436290348508,3.12619849837845,46.3853130400572
2898,image_0773_exposure_L2.jpg,0,0,1,2,1,1,1,1,2,1.285714286,1.281340597,1.300929712,43.4581819816561,3.67737103362876,30.9113210635615
2899,image_0774_exposure_L3.jpg,0,0,1,2,1,2,1,2,3,1.714285714,1.785043207,1.7167881,2.96059516626867,3.42786913306047,41.5059269015769
2900,image_0777_exposure_L4.jpg,0,0,1,2,1,3,2,4,4,2.428571429,2.639260801,2.473511856,20.159839844129,2.90927755663192,42.0699758379089
2901,image_0778_exposure_L4.jpg,0,0,1,2,1,3,2,4,4,2.428571429,2.639260801,2.473511856,27.3970757994653,2.48127356935962,38.3598438900629
2902,image_0779_exposure_L2.jpg,0,0,1,2,1,1,1,1,2,1.285714286,1.281340597,1.300929712,41.8822268948683,3.01051043133079,28.8249173112095
2903,image_0779_exposure_L4.jpg,0,0,1,2,1,3,2,4,4,2.428571429,2.639260801,2.473511856,24.7748158646858,2.82829162473147,42.9183084325556
2904,image_0780_exposure_L2.jpg,0,0,1,2,1,1,1,1,2,1.285714286,1.281340597,1.300929712,33.7213299006303,3.40515298693297,20.7683462026808
2905,image_0781_exposure_L3.jpg,0,0,1,2,1,2,1,2,3,1.714285714,1.785043207,1.7167881,32.3601483443579,2.73292073386693,29.5335116996128
2906,image_0782_exposure_L3.jpg,1,0,1,2,1,2,1,3,3,1.857142857,1.961354329,1.864299885,24.5440895078796,2.83238984333005,27.2764725634956
2907,image_0784_exposure_L2.jpg,1,0,1,2,1,1,1,2,2,1.428571429,1.457651719,1.448441498,37.1000209110989,3.36560292496319,20.7676447675884
2908,image_0785_exposure_L3.jpg,0,0,1,2,1,2,1,3,3,1.857142857,1.961354329,1.864299885,24.9626193368414,2.97811399296252,29.1625583165459
2909,image_0789_exposure_L4.jpg,0,0,1,2,1,3,2,4,4,2.428571429,2.639260801,2.473511856,25.2646087580552,4.07805689593056,41.633553942879
2910,image_0799_exposure_L3.jpg,0,0,1,2,1,2,1,3,3,1.857142857,1.961354329,1.864299885,43.3219965162191,6.61442933810367,21.5899324102539
2911,image_0800_exposure_L2.jpg,0,0,1,2,1,1,1,2,2,1.428571429,1.457651719,1.448441498,40.3555425587259,4.32536898054466,18.2124074455642
2912,image_0802_exposure_L1.jpg,0,1,1,2,1,1,1,1,1,1.142857143,1.124772226,1.165556848,43.4581819815664,5.13155666367396,20.7757172468044
2913,image_0803_exposure_L3.jpg,0,0,1,2,1,2,1,2,3,1.714285714,1.785043207,1.7167881,23.8640180060846,3.79067425441892,33.606148327746
2914,image_0812_exposure_L4.jpg,0,0,1,2,1,3,1,4,4,2.285714286,2.465056939,2.280158273,21.8438499285262,2.91178641019643,42.7718228777021
2915,image_0814_exposure_L2.jpg,0,0,1,2,1,1,1,1,2,1.285714286,1.281340597,1.300929712,32.4102100921224,4.80866733052796,23.648235615182
2916,image_0818_exposure_L3.jpg,0,0,1,2,1,2,1,3,3,1.857142857,1.961354329,1.864299885,8.5676946702018,3.49281470682265,37.9943537163671
2917,image_0819_exposure_L2.jpg,0,0,1,2,1,1,1,1,3,1.428571429,1.437908969,1.436302577,43.4581819815664,4.34235883601741,32.0964754528213
2918,image_0823_exposure_L2.jpg,0,0,1,2,1,1,1,1,2,1.285714286,1.281340597,1.300929712,43.4581819815664,4.79011066266605,30.7909382156115
2919,image_0825_exposure_L4.jpg,0,0,1,2,1,3,2,4,4,2.428571429,2.639260801,2.473511856,18.8462641866458,3.22182878484852,42.2485215133523
2920,image_0826_exposure_L1.jpg,0,1,1,2,1,1,1,1,1,1.142857143,1.124772226,1.165556848,43.4581819815664,5.01649461130478,22.4390980727061
2921,image_0826_exposure_L4.jpg,0,0,1,2,1,3,2,4,4,2.428571429,2.639260801,2.473511856,18.6540342825812,3.13241662663141,44.2382904649742
2922,image_0827_exposure_L2.jpg,0,0,1,2,1,1,1,1,2,1.285714286,1.281340597,1.300929712,43.4581819816073,4.17820717968228,29.0684440944693
2923,image_0827_exposure_L3.jpg,0,0,1,2,1,2,1,4,3,2,2.137665451,2.011811671,19.8622851805607,2.92773269516823,37.5382316504798
2924,image_0835_exposure_L4.jpg,0,0,1,2,1,3,3,4,4,2.571428571,2.813464663,2.666865438,44.2399574743095,4.38643874024489,50.5354970343147
2925,image_0839_exposure_L2.jpg,0,0,1,2,1,1,1,1,2,1.285714286,1.281340597,1.300929712,37.7360738339028,3.89958834826604,21.886755556937
2926,image_0841_exposure_L3.jpg,0,0,1,2,1,2,1,3,3,1.857142857,1.961354329,1.864299885,16.4016041543599,2.94659120846451,38.9396285782772
2927,image_0841_exposure_L4.jpg,0,0,1,2,1,3,2,4,4,2.428571429,2.639260801,2.473511856,25.5993595489345,3.04905769860946,43.7839732707052
2928,image_0842_exposure_L2.jpg,0,0,1,2,1,1,1,1,2,1.285714286,1.281340597,1.300929712,35.818635624243,3.53644285277376,25.3833657800021
2929,image_0843_exposure_L3.jpg,0,0,1,2,1,2,1,3,3,1.857142857,1.961354329,1.864299885,41.5080909059569,7.65139745714679,23.6991358730955
2930,image_0846_exposure_L1.jpg,0,0,1,1,1,1,1,1,1,1,1,1,43.4581819815664,5.09453383057817,21.3886814917921
2931,image_0847_exposure_L3.jpg,0,0,1,2,1,1,1,2,3,1.571428571,1.61422009,1.583814362,43.4577063293389,4.03868605768294,31.5438839719785
2932,image_0849_exposure_L1.jpg,0,1,1,2,1,1,1,1,1,1.142857143,1.124772226,1.165556848,43.4581819815664,5.50641458083984,22.9270884665226
2933,image_0851_exposure_L1.jpg,0,1,1,2,1,1,1,1,1,1.142857143,1.124772226,1.165556848,43.4581819815671,4.40358419133951,22.1864311178775
2934,image_0852_exposure_L2.jpg,0,0,1,2,1,1,1,1,3,1.428571429,1.437908969,1.436302577,43.4581819815664,4.98465993916118,34.2389202230564
2935,image_0854_exposure_L4.jpg,0,0,1,2,1,3,1,4,4,2.285714286,2.465056939,2.280158273,13.7380787327365,3.4413007111048,45.6208855693271
2936,image_0856_exposure_L1.jpg,0,1,1,1,1,1,1,1,1,1,1,1,43.4581819815664,5.0364895812226,23.4115876804736
2937,image_0856_exposure_L4.jpg,0,0,1,2,1,3,1,4,4,2.285714286,2.465056939,2.280158273,9.37126344593312,3.50737663768632,38.5637235279987
2938,image_0858_exposure_L1.jpg,0,1,1,1,1,1,1,1,1,1,1,1,43.4581819815973,4.53637419479397,22.3825946174829
2939,image_0859_exposure_L3.jpg,0,0,1,2,1,2,1,3,4,2,2.1179227,1.99967275,26.3083331494738,3.6735780057219,40.1980177513016
2940,image_0861_exposure_L2.jpg,0,0,1,2,1,1,1,1,2,1.285714286,1.281340597,1.300929712,43.4581821373407,3.72270873129773,29.214876123813
2941,image_0863_exposure_L1.jpg,0,1,1,2,1,1,1,1,2,1.285714286,1.281340597,1.300929712,43.4581819815664,8.49652644112666,30.8912889485245
2942,image_0863_exposure_L2.jpg,0,0,1,2,1,1,1,1,3,1.428571429,1.437908969,1.436302577,43.4581819815664,5.66245397145815,35.6731140331642
2943,image_0871_exposure_L3.jpg,0,0,1,2,1,2,1,3,3,1.857142857,1.961354329,1.864299885,18.400356438971,3.02350920296575,30.0510553617168
2944,image_0872_exposure_L3.jpg,0,0,1,2,1,2,1,3,3,1.857142857,1.961354329,1.864299885,9.7991739459194,3.01915457215949,37.7962997811538
2945,image_0876_exposure_L2.jpg,0,0,1,2,1,1,1,2,2,1.428571429,1.457651719,1.448441498,43.4414198137577,3.84663177570178,29.379318552721
2946,image_0877_exposure_L2.jpg,0,0,1,2,1,1,1,1,3,1.428571429,1.437908969,1.436302577,43.4581819815664,5.15860625922972,36.5043545125859
2947,image_0880_exposure_L3.jpg,0,0,1,2,1,2,1,2,3,1.714285714,1.785043207,1.7167881,8.63910733932184,3.24628782812975,35.0868560952717
2948,image_0881_exposure_L3.jpg,0,0,1,2,1,2,1,2,3,1.714285714,1.785043207,1.7167881,11.2782207346881,3.35465359309857,35.0607615340476
2949,image_0883_exposure_L3.jpg,0,0,1,2,1,2,1,4,3,2,2.137665451,2.011811671,28.037337267051,3.35992991667455,31.3151129480629
2950,image_0885_exposure_L1.jpg,0,1,1,2,1,1,1,1,1,1.142857143,1.124772226,1.165556848,43.4581819817459,4.02451381292933,20.9238256648106
2951,image_0885_exposure_L4.jpg,0,0,1,2,1,3,2,4,4,2.428571429,2.639260801,2.473511856,23.5962575095214,2.62602216535154,38.0405564222914
2952,image_0886_exposure_L3.jpg,0,0,1,2,1,2,1,4,3,2,2.137665451,2.011811671,26.2256569399816,2.49548865116727,32.3519836858259
2953,image_0890_exposure_L2.jpg,0,0,1,2,1,1,1,4,3,1.857142857,1.966842334,1.878837934,38.6427631612552,4.71572497425877,32.1659231416485
2954,image_0894_exposure_L1.jpg,0,1,1,1,1,1,1,1,1,1,1,1,35.5205283754621,2.94344252663354,23.3638667854753
2955,image_0898_exposure_L2.jpg,0,0,1,2,1,1,1,1,2,1.285714286,1.281340597,1.300929712,43.0644550118268,3.20402778162589,30.5676530509239
2956,image_0902_exposure_L3.jpg,0,0,1,2,1,2,1,1,3,1.571428571,1.608732085,1.569276314,43.4581819815671,4.87246319450477,38.8393940691698
2957,image_0913_exposure_L4.jpg,0,0,1,2,1,3,1,4,4,2.285714286,2.465056939,2.280158273,39.3543606526048,6.3664857745758,38.6463810806898
2958,image_0914_exposure_L1.jpg,0,1,1,2,2,1,1,1,1,1.285714286,1.189274682,1.329665748,43.458181981965,7.51099301173615,36.4037848262643
2959,image_0917_exposure_L2.jpg,0,0,1,2,1,1,1,1,2,1.285714286,1.281340597,1.300929712,43.1914541449861,4.90067248445861,42.9296377035847
2960,image_0918_exposure_L4.jpg,0,0,1,2,1,3,1,4,4,2.285714286,2.465056939,2.280158273,36.1285823607278,7.35433879006554,41.8282723472606
2961,image_0922_exposure_L3.jpg,0,0,1,2,1,2,1,3,3,1.857142857,1.961354329,1.864299885,29.7752890447383,4.25615447911875,34.871437366969
2962,image_0923_exposure_L1.jpg,1,1,1,2,1,1,1,1,1,1.142857143,1.124772226,1.165556848,43.4565396933342,4.91194292436535,23.3479337745152
2963,image_0926_exposure_L3.jpg,0,0,1,2,1,2,1,2,3,1.714285714,1.785043207,1.7167881,25.6973157194014,4.07906961061725,30.7639798575724
2964,image_0927_exposure_L3.jpg,1,0,1,2,1,1,2,4,2,1.857142857,1.984477824,1.936818652,39.4404081693153,9.5656490577393,14.4840045436193
2965,image_0929_exposure_L1.jpg,0,1,1,2,1,1,1,1,1,1.142857143,1.124772226,1.165556848,30.1538903946476,3.41236489065255,19.5528464453364
2966,image_0931_exposure_L4.jpg,0,0,1,2,1,3,2,4,4,2.428571429,2.639260801,2.473511856,38.0274616908437,5.54992291270302,32.5161595631285
2967,image_0934_exposure_L2.jpg,0,0,1,2,1,1,1,2,1,1.285714286,1.301083348,1.313068634,34.9001552867894,3.04187167483249,17.9493272684134
2968,image_0937_exposure_L3.jpg,0,0,1,2,1,2,1,2,3,1.714285714,1.785043207,1.7167881,22.6008732063034,4.07954593927761,35.3405003447479
2969,image_0942_exposure_L2.jpg,0,0,1,2,1,1,1,1,2,1.285714286,1.281340597,1.300929712,42.7755987290434,4.44853197203274,28.1724767618594
2970,image_0944_exposure_L3.jpg,0,0,1,2,1,2,1,4,3,2,2.137665451,2.011811671,32.1640837319011,2.5919530367632,26.2921412022634
2971,image_0946_exposure_L4.jpg,1,0,1,2,1,3,2,4,4,2.428571429,2.639260801,2.473511856,43.7996876479247,6.9949212511385,39.8716147056425
2972,image_0949_exposure_L2.jpg,0,0,1,2,1,1,1,2,2,1.428571429,1.457651719,1.448441498,32.6454599293616,2.87394929617782,17.9002781884047
2973,image_0951_exposure_L2.jpg,0,0,1,2,1,1,1,1,2,1.285714286,1.281340597,1.300929712,21.6798891494622,2.7081854250487,24.3709645640976
2974,image_0955_exposure_L1.jpg,0,1,1,2,1,1,1,1,1,1.142857143,1.124772226,1.165556848,34.9239316266173,2.93253130529249,15.7628897253694
2975,image_0959_exposure_L2.jpg,0,0,1,2,1,1,1,1,2,1.285714286,1.281340597,1.300929712,43.4581819815664,5.41997846297975,29.0506573581156
2976,image_0959_exposure_L4.jpg,0,0,1,2,1,3,1,4,4,2.285714286,2.465056939,2.280158273,29.8259949602105,3.590839924519,38.2178488933223
2977,image_0963_exposure_L4.jpg,0,0,1,2,1,3,1,4,4,2.285714286,2.465056939,2.280158273,25.5967867107804,3.69269373769293,38.0444876027824
2978,image_0965_exposure_L1.jpg,1,0,1,1,1,1,1,1,1,1,1,1,39.5015377573883,4.14594821163911,25.7738741257378
2979,image_0966_exposure_L2.jpg,0,0,1,2,1,1,1,1,3,1.428571429,1.437908969,1.436302577,9.57113587947074,2.40799625585722,27.6258226390736
2980,image_0968_exposure_L3.jpg,0,0,1,2,1,2,1,2,3,1.714285714,1.785043207,1.7167881,41.0378701759816,5.36973523864083,37.663137189553
2981,image_0971_exposure_L1.jpg,0,1,1,2,1,1,1,1,1,1.142857143,1.124772226,1.165556848,43.4581819815664,5.29832033887664,33.7177749804002
2982,image_0972_exposure_L2.jpg,1,0,1,2,1,1,1,1,3,1.428571429,1.437908969,1.436302577,18.4129426609811,2.83860161361656,34.552928191765
2983,image_0973_exposure_L4.jpg,1,0,1,2,1,3,1,4,4,2.285714286,2.465056939,2.280158273,31.8226330084369,4.72765378182396,45.3432291847918
2984,image_0976_exposure_L1.jpg,0,1,1,1,1,1,1,1,1,1,1,1,43.43263602022,3.2095213370307,21.5085361432016
2985,image_0978_exposure_L3.jpg,0,0,1,2,1,2,1,2,3,1.714285714,1.785043207,1.7167881,37.5026881608998,3.64715100606843,42.2287608039183
2986,image_0983_exposure_L1.jpg,0,1,1,1,1,1,1,1,1,1,1,1,42.0744575687552,3.73418189055136,25.1923153156014
2987,image_0984_exposure_L4.jpg,1,0,1,2,1,3,2,4,4,2.428571429,2.639260801,2.473511856,39.7728393513054,6.70609919923332,34.7597928173437
2988,image_0985_exposure_L4.jpg,0,0,1,2,1,3,1,4,4,2.285714286,2.465056939,2.280158273,14.575398089646,2.55744880327288,40.2781315648917
2989,image_0987_exposure_L2.jpg,0,0,1,2,1,1,1,1,2,1.285714286,1.281340597,1.300929712,43.4581819854066,3.82109412191976,30.5548511503593
2990,image_0987_exposure_L4.jpg,0,0,1,2,1,3,1,4,4,2.285714286,2.465056939,2.280158273,26.5495056548404,3.06134186111895,43.6100377114251
2991,image_0990_exposure_L1.jpg,1,0,1,2,1,1,1,1,1,1.142857143,1.124772226,1.165556848,43.4581802686696,3.40620625485501,21.2137755887567
2992,image_0991_exposure_L1.jpg,0,0,1,2,1,1,1,1,1,1.142857143,1.124772226,1.165556848,43.4581819815664,5.74533031569185,29.672838460957
2993,image_0003_noise_L2.jpg,1,0,1,1,2,1,1,1,1,1.142857143,1.064502456,1.1641089,43.4343405969193,9.01456281318437,54.2485113614265
2994,image_0005_noise_L1.jpg,1,1,1,1,2,1,1,1,1,1.142857143,1.064502456,1.1641089,43.4581826997307,8.70439169236664,38.261491147605
2995,image_0005_noise_L2.jpg,1,0,1,1,2,1,1,1,1,1.142857143,1.064502456,1.1641089,43.4735516958535,10.8055291253084,56.0798674166591
2996,image_0006_noise_L3.jpg,1,0,1,1,3,1,1,1,1,1.285714286,1.129004911,1.3282178,44.3324089532349,15.794790884957,68.6226222484602
2997,image_0010_noise_L3.jpg,0,0,1,1,3,1,1,1,1,1.285714286,1.129004911,1.3282178,46.3620657986946,13.5286093133163,69.9312077727729
2998,image_0011_noise_L2.jpg,0,0,1,1,2,1,1,1,1,1.142857143,1.064502456,1.1641089,43.4414584127078,8.47363571898987,56.2914398383584
2999,image_0011_noise_L4.jpg,0,0,1,1,4,1,1,1,1,1.428571429,1.193507367,1.4923267,48.7317705056263,20.7857318594264,73.7058799479612
3000,image_0013_noise_L4.jpg,0,0,1,1,4,1,1,1,1,1.428571429,1.193507367,1.4923267,52.8060385579011,21.9645549113722,74.7442333658327
3001,image_0016_noise_L1.jpg,0,1,1,1,1,1,1,1,1,1,1,1,43.4587903176686,6.84708843244261,34.6245088646826
3002,image_0018_noise_L2.jpg,0,0,1,1,2,1,1,1,1,1.142857143,1.064502456,1.1641089,43.5897358105688,8.00340013073937,56.1433257282442
3003,image_0018_noise_L4.jpg,0,0,1,1,4,1,1,1,1,1.428571429,1.193507367,1.4923267,48.1186172659059,20.9497849282891,73.6284007261567
3004,image_0022_noise_L3.jpg,0,0,1,1,3,1,1,1,1,1.285714286,1.129004911,1.3282178,47.3272385451138,13.9722402722926,70.9839613080219
3005,image_0022_noise_L4.jpg,0,0,1,1,4,1,1,1,1,1.428571429,1.193507367,1.4923267,49.9005776656636,20.7002540948952,74.6085947608585
3006,image_0023_noise_L3.jpg,0,0,1,1,3,1,1,1,1,1.285714286,1.129004911,1.3282178,48.1676524267893,14.3300394487052,69.3069506292079
3007,image_0027_noise_L3.jpg,0,0,1,1,3,1,1,1,1,1.285714286,1.129004911,1.3282178,50.7651164529131,15.1980462085942,71.9486202315789
3008,image_0030_noise_L3.jpg,0,0,1,1,3,1,1,1,1,1.285714286,1.129004911,1.3282178,44.1168626250744,15.7807054423633,68.8942819322271
3009,image_0032_noise_L1.jpg,0,0,1,3,1,1,1,1,1,1.285714286,1.249544452,1.331113697,43.3973504792177,6.7102138257049,33.2769148637101
3010,image_0040_noise_L1.jpg,1,1,1,3,1,1,1,1,1,1.285714286,1.249544452,1.331113697,43.2979287309607,6.08860820274166,25.0538303104417
3011,image_0044_noise_L4.jpg,0,0,1,1,4,1,1,1,1,1.428571429,1.193507367,1.4923267,52.4358565877174,23.4012601877634,74.8193671221671
3012,image_0045_noise_L3.jpg,0,0,1,1,3,1,1,1,1,1.285714286,1.129004911,1.3282178,47.8621461606638,16.4094262803849,69.9832655782468
3013,image_0048_noise_L2.jpg,0,0,1,1,2,1,1,1,1,1.142857143,1.064502456,1.1641089,43.4575718703684,10.2699277026757,53.5328295712855
3014,image_0060_noise_L3.jpg,0,0,1,1,3,1,1,1,1,1.285714286,1.129004911,1.3282178,44.7037018278435,16.3247393004646,68.3040740719287
3015,image_0066_noise_L3.jpg,0,0,1,1,3,1,1,1,1,1.285714286,1.129004911,1.3282178,45.6035252944649,14.1217828412375,70.1058133347269
3016,image_0067_noise_L4.jpg,0,0,1,1,4,1,1,1,1,1.428571429,1.193507367,1.4923267,48.1765274965665,20.2754345489729,73.9167749037596
3017,image_0070_noise_L3.jpg,0,0,1,1,3,1,1,1,1,1.285714286,1.129004911,1.3282178,46.9349200298571,16.2204997686758,69.7003301027375
3018,image_0074_noise_L3.jpg,0,0,1,1,3,1,1,1,1,1.285714286,1.129004911,1.3282178,44.3274422779307,16.371591579198,67.6868991191069
3019,image_0075_noise_L4.jpg,0,0,1,1,4,1,1,1,1,1.428571429,1.193507367,1.4923267,45.3351119592549,20.0118698608764,72.0609512435154
3020,image_0077_noise_L2.jpg,0,0,1,1,2,1,1,1,1,1.142857143,1.064502456,1.1641089,43.4581819811589,10.9876327936859,47.3542431923876
3021,image_0078_noise_L1.jpg,1,1,1,1,2,1,1,1,1,1.142857143,1.064502456,1.1641089,43.4581819816276,8.18681221311325,32.186630686837
3022,image_0083_noise_L2.jpg,0,0,1,1,2,1,1,1,1,1.142857143,1.064502456,1.1641089,43.3886411881487,8.47168846220704,56.0401034117479
3023,image_0084_noise_L3.jpg,0,0,1,1,3,1,1,1,1,1.285714286,1.129004911,1.3282178,44.2226069452727,14.9163223375954,68.0047046841792
3024,image_0087_noise_L2.jpg,0,0,1,1,2,1,1,1,1,1.142857143,1.064502456,1.1641089,43.4583815052928,10.1171019350142,54.1333462995797
3025,image_0088_noise_L3.jpg,0,0,1,1,3,1,1,1,1,1.285714286,1.129004911,1.3282178,44.5018367762625,13.6260259600866,68.8589993880278
3026,image_0089_noise_L2.jpg,0,0,1,1,2,1,1,1,1,1.142857143,1.064502456,1.1641089,43.4586234541649,10.5317535601757,54.9477465823202
3027,image_0090_noise_L1.jpg,0,1,1,1,1,1,1,1,1,1,1,1,43.4581804842476,6.17418567833441,33.0126582358016
3028,image_0099_noise_L1.jpg,0,1,1,1,1,1,1,1,1,1,1,1,43.4549293414144,6.28369334924263,27.8551960488151
3029,image_0100_noise_L2.jpg,0,0,1,1,2,1,1,1,1,1.142857143,1.064502456,1.1641089,43.4172003078151,9.69565702144777,54.9921221685871
3030,image_0100_noise_L4.jpg,0,0,1,1,4,1,1,1,1,1.428571429,1.193507367,1.4923267,50.2523991294887,21.0190911981891,74.1482092261377
3031,image_0101_noise_L3.jpg,0,0,1,1,3,1,1,1,1,1.285714286,1.129004911,1.3282178,49.1053160590663,16.1365181590566,70.8326842258498
3032,image_0105_noise_L2.jpg,0,0,1,1,2,1,1,1,1,1.142857143,1.064502456,1.1641089,43.6542680556913,7.50472986960947,56.3967203701822
3033,image_0108_noise_L4.jpg,0,0,1,1,4,1,1,1,1,1.428571429,1.193507367,1.4923267,51.5706169462428,20.0860286313514,74.8474108155411
3034,image_0109_noise_L3.jpg,0,0,1,1,3,1,1,1,1,1.285714286,1.129004911,1.3282178,50.8028234608718,14.7562411377578,71.5572854538758
3035,image_0113_noise_L4.jpg,0,0,1,1,4,1,1,1,1,1.428571429,1.193507367,1.4923267,51.4198388876071,20.5663022570154,74.6569575683335
3036,image_0114_noise_L2.jpg,0,0,1,1,2,1,1,1,1,1.142857143,1.064502456,1.1641089,43.448945268499,8.44310525462329,53.3629904840127
3037,image_0117_noise_L1.jpg,1,0,1,3,1,1,1,1,1,1.285714286,1.249544452,1.331113697,43.0343178148429,5.91529947825155,34.9744262839412
3038,image_0121_noise_L4.jpg,0,0,1,1,4,1,1,1,1,1.428571429,1.193507367,1.4923267,49.7994355635432,22.8612546413122,72.857242614994
3039,image_0123_noise_L4.jpg,1,0,1,1,4,1,1,1,1,1.428571429,1.193507367,1.4923267,48.3374906234056,21.7828406066827,72.7078288484369
3040,image_0125_noise_L3.jpg,1,0,1,1,3,1,1,1,1,1.285714286,1.129004911,1.3282178,51.4553971056343,16.0004095525315,71.6396402336889
3041,image_0129_noise_L1.jpg,0,1,1,1,1,1,1,1,1,1,1,1,43.4581819815608,9.02785042640617,18.4225503413006
3042,image_0132_noise_L1.jpg,1,1,1,1,2,1,1,1,1,1.142857143,1.064502456,1.1641089,43.4581955706989,7.92620139827058,42.0392093782102
3043,image_0132_noise_L2.jpg,1,0,1,1,2,1,1,1,1,1.142857143,1.064502456,1.1641089,43.6894816465751,10.6725085876525,57.8195819526247
3044,image_0139_noise_L3.jpg,1,0,1,1,3,1,1,1,1,1.285714286,1.129004911,1.3282178,43.7206968022567,17.4758269652162,68.0499906459609
3045,image_0140_noise_L2.jpg,1,0,1,1,2,1,1,1,1,1.142857143,1.064502456,1.1641089,43.939887039234,10.7626858573214,60.3376667596818
3046,image_0145_noise_L4.jpg,1,0,1,1,4,1,1,1,1,1.428571429,1.193507367,1.4923267,44.812076115644,20.6042999861723,73.0014028239247
3047,image_0146_noise_L1.jpg,0,1,1,1,1,1,1,1,1,1,1,1,43.2263435079795,7.05445217386121,27.3449861397199
3048,image_0148_noise_L2.jpg,1,0,1,1,2,1,1,1,1,1.142857143,1.064502456,1.1641089,44.0606153680677,9.24257363392027,61.544288849975
3049,image_0150_noise_L1.jpg,0,1,1,1,1,1,1,1,1,1,1,1,43.4856309957405,7.1162477354619,43.7173826538592
3050,image_0150_noise_L3.jpg,0,0,1,1,3,1,1,1,1,1.285714286,1.129004911,1.3282178,50.0367958826979,15.8332789956655,72.6693199242998
3051,image_0151_noise_L3.jpg,0,0,1,1,3,1,1,1,1,1.285714286,1.129004911,1.3282178,49.0651547133067,15.0046477728863,71.8866134189245
3052,image_0158_noise_L4.jpg,0,0,1,1,4,1,1,1,1,1.428571429,1.193507367,1.4923267,45.8890633641182,20.6838064838537,74.3599918100669
3053,image_0162_noise_L4.jpg,1,0,1,1,4,1,1,1,1,1.428571429,1.193507367,1.4923267,46.8469301671266,20.3465392746809,73.4037823758788
3054,image_0168_noise_L2.jpg,1,0,1,1,2,1,1,1,1,1.142857143,1.064502456,1.1641089,43.1314449972476,8.88158431197555,59.5316471208052
3055,image_0172_noise_L2.jpg,1,0,1,1,2,1,1,1,1,1.142857143,1.064502456,1.1641089,43.4581798374749,11.1214278868208,50.2968197214007
3056,image_0173_noise_L1.jpg,1,0,1,1,1,1,1,1,1,1,1,1,41.3364808400017,7.02484349477367,34.8151117168537
3057,image_0175_noise_L3.jpg,1,0,1,1,3,1,1,1,1,1.285714286,1.129004911,1.3282178,46.5717272600463,14.7844666385545,70.6859593781844
3058,image_0180_noise_L1.jpg,1,1,1,1,1,1,1,1,1,1,1,1,43.1142004337913,7.59577118806167,30.7763868672742
3059,image_0180_noise_L3.jpg,1,0,1,1,3,1,1,1,1,1.285714286,1.129004911,1.3282178,51.7642992585295,16.2942477624663,71.5245616251168
3060,image_0182_noise_L3.jpg,0,0,1,1,3,1,1,1,1,1.285714286,1.129004911,1.3282178,49.2695629340964,15.4080283420445,70.935877209378
3061,image_0185_noise_L4.jpg,0,0,1,1,4,1,1,1,1,1.428571429,1.193507367,1.4923267,49.124729399904,18.5491059529714,73.3643727314524
3062,image_0187_noise_L4.jpg,1,0,1,1,4,1,1,1,1,1.428571429,1.193507367,1.4923267,49.3612291790241,19.8570579035286,74.7391837469209
3063,image_0188_noise_L1.jpg,1,1,1,1,1,1,1,1,1,1,1,1,43.4580264247199,7.01225786945614,29.015727400588
3064,image_0189_noise_L3.jpg,0,0,1,1,3,1,1,1,1,1.285714286,1.129004911,1.3282178,46.9320258043792,14.5000806607537,70.0934492720469
3065,image_0190_noise_L2.jpg,1,0,1,1,2,1,1,1,1,1.142857143,1.064502456,1.1641089,42.6538960191578,10.6928837049289,60.5759038303279
3066,image_0191_noise_L2.jpg,0,0,1,1,2,1,1,1,1,1.142857143,1.064502456,1.1641089,43.6089411587058,8.61474150903059,59.0107814194178
3067,image_0192_noise_L1.jpg,1,1,1,1,1,1,1,1,1,1,1,1,43.4580432285788,6.80724186202256,29.5236262010057
3068,image_0193_noise_L3.jpg,0,0,1,1,3,1,1,1,1,1.285714286,1.129004911,1.3282178,46.2039570775796,14.6454311301052,69.8766439724579
3069,image_0196_noise_L2.jpg,0,0,1,1,2,1,1,1,1,1.142857143,1.064502456,1.1641089,43.5772717192126,8.19556675289668,58.2182238261699
3070,image_0197_noise_L3.jpg,0,0,1,1,3,1,1,1,1,1.285714286,1.129004911,1.3282178,47.8241212075944,15.9882118549209,70.4372299553409
3071,image_0200_noise_L1.jpg,0,1,1,1,1,1,1,1,1,1,1,1,22.571666898502,5.10707225066209,34.8183274196987
3072,image_0206_noise_L4.jpg,0,0,1,1,4,1,1,1,1,1.428571429,1.193507367,1.4923267,52.5871583709688,20.4722999540633,74.9450822876671
3073,image_0207_noise_L4.jpg,0,0,1,1,4,1,1,1,1,1.428571429,1.193507367,1.4923267,52.617915404436,21.8529235415538,75.3970933463837
3074,image_0208_noise_L4.jpg,0,0,1,1,4,1,1,1,1,1.428571429,1.193507367,1.4923267,46.5831250925732,18.9675981485163,73.1753912594152
3075,image_0212_noise_L4.jpg,0,0,1,1,4,1,1,1,1,1.428571429,1.193507367,1.4923267,46.2584994093334,20.4459925238552,73.6555636784588
3076,image_0227_noise_L1.jpg,0,1,1,1,1,1,1,1,1,1,1,1,26.2632727561395,5.43128559218015,34.984036160995
3077,image_0228_noise_L2.jpg,0,0,1,1,2,1,1,1,1,1.142857143,1.064502456,1.1641089,41.2195980944125,8.64401483332463,59.2849760189909
3078,image_0228_noise_L4.jpg,0,0,1,1,4,1,1,1,1,1.428571429,1.193507367,1.4923267,52.6251946610423,21.4524632159827,75.3973268989234
3079,image_0232_noise_L4.jpg,1,0,1,1,4,1,1,1,1,1.428571429,1.193507367,1.4923267,51.6778955387037,22.2475903558927,74.5977505946608
3080,image_0235_noise_L1.jpg,1,0,1,1,1,1,1,1,1,1,1,1,43.458181963834,7.4703744828865,19.2063988597502
3081,image_0235_noise_L2.jpg,1,0,1,1,2,1,1,1,1,1.142857143,1.064502456,1.1641089,43.4127515928581,10.4565063560754,53.3262422799866
3082,image_0235_noise_L4.jpg,1,0,1,1,4,1,1,1,1,1.428571429,1.193507367,1.4923267,52.4564037839712,21.0926596889623,73.7510872952429
3083,image_0236_noise_L3.jpg,0,0,1,1,3,1,1,1,1,1.285714286,1.129004911,1.3282178,51.2050391823591,16.669785357404,70.5431470836895
3084,image_0237_noise_L2.jpg,1,0,1,1,2,1,1,1,1,1.142857143,1.064502456,1.1641089,43.4581281490787,12.1058301114643,52.8119332795935
3085,image_0240_noise_L2.jpg,0,0,1,1,2,1,1,1,1,1.142857143,1.064502456,1.1641089,43.4581279220702,10.4923783131153,53.3494410503165
3086,image_0247_noise_L4.jpg,0,0,1,1,4,1,1,1,1,1.428571429,1.193507367,1.4923267,52.0829228157463,22.6186303395432,74.5803637238513
3087,image_0250_noise_L2.jpg,0,0,1,1,2,1,1,1,1,1.142857143,1.064502456,1.1641089,43.4581819815558,11.0868340520369,47.2045145638311
3088,image_0252_noise_L3.jpg,1,0,1,1,3,1,1,1,1,1.285714286,1.129004911,1.3282178,48.0612029372423,16.1290214427955,71.0624378886909
3089,image_0252_noise_L4.jpg,1,0,1,1,4,1,1,1,1,1.428571429,1.193507367,1.4923267,50.9458321486358,20.7273826188487,74.618321750974
3090,image_0253_noise_L2.jpg,0,0,1,1,2,1,1,1,1,1.142857143,1.064502456,1.1641089,42.6740996636667,9.82133749372229,54.9174003852645
3091,image_0253_noise_L4.jpg,0,0,1,1,4,1,1,1,1,1.428571429,1.193507367,1.4923267,52.7211747441066,21.4171667754954,74.3134244917273
3092,image_0254_noise_L3.jpg,0,0,1,1,3,1,1,1,1,1.285714286,1.129004911,1.3282178,48.2415349029273,16.3861588277972,70.0251965718001
3093,image_0255_noise_L4.jpg,1,0,1,1,4,1,1,1,1,1.428571429,1.193507367,1.4923267,51.1895370504492,20.6339944145294,74.3742029435345
3094,image_0259_noise_L3.jpg,1,0,1,3,3,1,1,1,1,1.571428571,1.378549363,1.659331496,52.722216977292,15.1482486146457,71.2378798359566
3095,image_0262_noise_L4.jpg,0,0,1,1,4,1,1,1,1,1.428571429,1.193507367,1.4923267,48.9445521109704,22.8262607872084,73.1205856767564
3096,image_0265_noise_L1.jpg,0,0,1,1,1,1,1,1,1,1,1,1,41.8657723380658,7.70996264896683,22.2059801422964
3097,image_0267_noise_L4.jpg,1,0,1,1,4,1,1,1,1,1.428571429,1.193507367,1.4923267,51.5376512451504,21.415391064385,73.3171341612518
3098,image_0269_noise_L3.jpg,0,0,1,1,3,1,1,1,1,1.285714286,1.129004911,1.3282178,45.6270034969878,15.9994246732852,67.5250747511811
3099,image_0270_noise_L4.jpg,0,0,1,1,4,1,1,1,1,1.428571429,1.193507367,1.4923267,49.6132890322416,23.3059301843489,74.3187131594952
3100,image_0272_noise_L2.jpg,0,0,1,1,2,1,1,1,1,1.142857143,1.064502456,1.1641089,43.3346193264329,9.67601455828955,55.6815188073344
3101,image_0275_noise_L1.jpg,0,1,1,1,1,1,1,1,1,1,1,1,39.8564618313342,6.24096142992753,25.8852753412258
3102,image_0286_noise_L2.jpg,0,0,1,1,2,1,1,1,1,1.142857143,1.064502456,1.1641089,39.8840064551218,9.4764113821642,49.9526631731737
3103,image_0286_noise_L3.jpg,0,0,1,1,3,1,1,1,1,1.285714286,1.129004911,1.3282178,49.9986757847118,16.1612421920644,68.7067792054439
3104,image_0287_noise_L2.jpg,0,0,1,1,2,1,1,1,1,1.142857143,1.064502456,1.1641089,43.4293658610398,9.95337377818209,47.1958873242623
3105,image_0290_noise_L3.jpg,1,0,1,1,3,1,1,1,1,1.285714286,1.129004911,1.3282178,51.1606898327521,16.4330095715658,72.2492888375294
3106,image_0291_noise_L2.jpg,1,0,1,1,2,1,1,1,1,1.142857143,1.064502456,1.1641089,42.9975517255014,9.35936889868019,56.9075247694346
3107,image_0293_noise_L1.jpg,0,0,1,3,1,1,1,1,1,1.285714286,1.249544452,1.331113697,35.0760566165628,7.80811338875621,22.5085830335648
3108,image_0295_noise_L3.jpg,0,0,1,1,3,1,1,1,1,1.285714286,1.129004911,1.3282178,43.9676315128464,15.4776157150901,67.3505345126788
3109,image_0297_noise_L4.jpg,0,0,1,1,4,1,1,1,1,1.428571429,1.193507367,1.4923267,50.6869727264399,20.9696332118201,73.9169181888533
3110,image_0298_noise_L3.jpg,0,0,1,3,3,1,1,1,1,1.571428571,1.378549363,1.659331496,47.1166325721347,15.0352037294719,67.982628055601
3111,image_0299_noise_L4.jpg,0,0,1,1,4,1,1,1,1,1.428571429,1.193507367,1.4923267,45.7256622762165,20.6733206627019,71.0644359166482
3112,image_0300_noise_L3.jpg,0,0,1,1,3,1,1,1,1,1.285714286,1.129004911,1.3282178,52.5283736547529,14.478951771417,70.945799805998
3113,image_0301_noise_L2.jpg,1,0,1,1,2,1,1,1,1,1.142857143,1.064502456,1.1641089,43.4574014977473,9.22938613194712,57.845828316876
3114,image_0303_noise_L1.jpg,1,1,1,1,1,1,1,1,1,1,1,1,43.4581819819467,8.75506004804339,30.1597068010349
3115,image_0306_noise_L1.jpg,0,1,1,1,1,1,1,1,1,1,1,1,43.4581818689356,8.98322491018843,32.7828893175374
3116,image_0308_noise_L2.jpg,1,0,1,1,2,1,1,1,1,1.142857143,1.064502456,1.1641089,41.8308817903837,11.1002788749241,56.4352822617253
3117,image_0308_noise_L3.jpg,1,0,1,1,3,1,1,1,1,1.285714286,1.129004911,1.3282178,50.8060148979121,19.1295421237561,71.609792433081
3118,image_0314_noise_L2.jpg,0,0,1,1,2,1,1,1,1,1.142857143,1.064502456,1.1641089,43.4450891626324,10.2191859743359,56.9949650604062
3119,image_0315_noise_L2.jpg,1,0,1,1,2,1,1,1,1,1.142857143,1.064502456,1.1641089,43.4645069969726,10.3719419563254,58.6128695692416
3120,image_0315_noise_L3.jpg,1,0,1,1,3,1,1,1,1,1.285714286,1.129004911,1.3282178,46.80850740739,16.2804568574046,70.8442025988257
3121,image_0316_noise_L1.jpg,0,1,1,1,1,1,1,1,1,1,1,1,43.4581645649655,8.48026338745246,35.4675844422021
3122,image_0317_noise_L1.jpg,0,1,1,1,1,1,1,1,1,1,1,1,43.4581243090127,9.09708688164082,33.1641191381627
3123,image_0317_noise_L2.jpg,0,0,1,1,2,1,1,1,1,1.142857143,1.064502456,1.1641089,43.4800823692981,11.2829729987819,59.9880049411854
3124,image_0318_noise_L2.jpg,0,0,1,3,2,1,1,1,1,1.428571429,1.314046907,1.495222596,43.458135867101,11.1983032547644,53.7076766880975
3125,image_0325_noise_L3.jpg,0,0,1,1,3,1,1,1,1,1.285714286,1.129004911,1.3282178,50.9991779489605,16.1154131688963,70.6064529361394
3126,image_0327_noise_L2.jpg,0,0,1,1,2,1,1,1,1,1.142857143,1.064502456,1.1641089,42.3801366476321,9.29207612317585,61.2304968047652
3127,image_0330_noise_L3.jpg,0,0,1,1,3,1,1,1,1,1.285714286,1.129004911,1.3282178,49.8006623745138,15.3241609379979,70.5628108324953
3128,image_0340_noise_L4.jpg,0,0,1,1,4,1,1,1,1,1.428571429,1.193507367,1.4923267,51.6156417753697,19.3357833609416,74.2686316288967
3129,image_0341_noise_L4.jpg,0,0,1,1,4,1,1,1,1,1.428571429,1.193507367,1.4923267,52.2663158464633,20.626087370299,74.7175481874049
3130,image_0342_noise_L4.jpg,0,0,1,1,4,1,1,1,1,1.428571429,1.193507367,1.4923267,52.5034225073182,21.4109118477111,74.3352449523416
3131,image_0345_noise_L1.jpg,0,1,1,1,1,1,1,1,1,1,1,1,32.0303839230079,7.04061236190856,32.7832889143903
3132,image_0348_noise_L2.jpg,0,0,1,1,2,1,1,1,1,1.142857143,1.064502456,1.1641089,45.1722936790945,9.15227859521389,60.4958508680931
3133,image_0350_noise_L1.jpg,0,1,1,1,1,1,1,1,1,1,1,1,43.4461722746068,7.59114954677078,25.5338910569581
3134,image_0354_noise_L1.jpg,0,1,1,1,1,1,1,1,1,1,1,1,43.4581619715179,7.11273812032767,22.7225777372535
3135,image_0358_noise_L4.jpg,0,0,1,1,4,1,1,1,1,1.428571429,1.193507367,1.4923267,52.0766901266108,19.1838262559133,74.3564624692891
3136,image_0359_noise_L1.jpg,0,1,1,1,1,1,1,1,1,1,1,1,30.0670988209723,6.40808807932457,34.3500517124782
3137,image_0361_noise_L4.jpg,0,0,1,1,4,1,1,1,1,1.428571429,1.193507367,1.4923267,52.4174188666076,22.1388793999069,75.3897250065107
3138,image_0364_noise_L1.jpg,1,1,1,1,1,1,1,1,1,1,1,1,43.4577802685621,7.36822103857409,30.1878726080496
3139,image_0364_noise_L4.jpg,1,0,1,1,4,1,1,1,1,1.428571429,1.193507367,1.4923267,49.2940637687243,19.6784344278131,74.7573469558965
3140,image_0367_noise_L1.jpg,1,0,1,1,1,1,1,1,1,1,1,1,43.4581819815664,8.89825888292362,27.4936941611502
3141,image_0367_noise_L2.jpg,1,0,1,1,2,1,1,1,1,1.142857143,1.064502456,1.1641089,43.455345435493,10.8693753423408,56.5988266389409
3142,image_0370_noise_L4.jpg,1,0,1,1,4,1,1,1,1,1.428571429,1.193507367,1.4923267,51.8190843814327,23.2600784181576,75.3579792648923
3143,image_0373_noise_L2.jpg,1,0,1,1,2,1,1,1,1,1.142857143,1.064502456,1.1641089,43.4513550109416,11.1267685953073,58.2267600947975
3144,image_0374_noise_L4.jpg,0,0,1,1,4,1,1,1,1,1.428571429,1.193507367,1.4923267,52.5809389646909,20.7047516255614,74.4221176549038
3145,image_0375_noise_L2.jpg,0,0,1,1,2,1,1,1,1,1.142857143,1.064502456,1.1641089,43.487953339328,9.24834840319811,57.0525071645644
3146,image_0377_noise_L1.jpg,0,1,1,1,1,1,1,1,1,1,1,1,43.4582218026342,7.26318579141783,29.3779151363628
3147,image_0377_noise_L3.jpg,0,0,1,1,3,1,1,1,1,1.285714286,1.129004911,1.3282178,48.9524736272691,15.9307472579988,70.0738508546869
3148,image_0381_noise_L2.jpg,0,0,1,1,2,1,1,1,1,1.142857143,1.064502456,1.1641089,43.3969065382431,10.1847390041258,53.7889983164533
3149,image_0388_noise_L2.jpg,1,0,1,1,2,1,1,1,1,1.142857143,1.064502456,1.1641089,41.9288589815323,9.39113642184373,60.4945562363886
3150,image_0389_noise_L4.jpg,1,0,1,1,4,1,1,1,1,1.428571429,1.193507367,1.4923267,52.4974906604237,23.1527044461911,75.4855513073245
3151,image_0392_noise_L1.jpg,0,0,1,1,1,1,1,3,1,1.285714286,1.352622243,1.295023571,32.9611789842592,8.25457727103634,36.895123257469
3152,image_0394_noise_L1.jpg,1,1,1,1,1,1,1,1,1,1,1,1,33.4142999073371,7.37960585006261,29.6507847316137
3153,image_0396_noise_L1.jpg,1,1,1,1,1,1,1,2,1,1.142857143,1.176311122,1.147511786,23.6894703758827,6.89272668388526,28.4104859447561
3154,image_0397_noise_L2.jpg,1,0,1,1,2,1,1,1,1,1.142857143,1.064502456,1.1641089,41.3653392680619,9.59610188773638,58.9158698631826
3155,image_0401_noise_L3.jpg,0,0,1,1,3,1,1,1,1,1.285714286,1.129004911,1.3282178,51.6179221440664,16.7134225571695,73.0316035322567
3156,image_0404_noise_L2.jpg,0,0,1,1,2,1,1,1,1,1.142857143,1.064502456,1.1641089,41.8497812052772,9.53271070808352,59.2063296984148
3157,image_0405_noise_L4.jpg,0,0,1,1,4,1,1,1,1,1.428571429,1.193507367,1.4923267,52.6020998265792,22.6562005689535,75.4564631998462
3158,image_0406_noise_L3.jpg,0,0,1,1,3,1,1,1,1,1.285714286,1.129004911,1.3282178,51.7256119030057,16.5728093201739,71.3464903508332
3159,image_0407_noise_L3.jpg,0,0,1,1,3,1,1,1,1,1.285714286,1.129004911,1.3282178,51.7490581171665,16.1947447011972,71.8066322717907
3160,image_0408_noise_L4.jpg,0,0,1,1,4,1,1,1,1,1.428571429,1.193507367,1.4923267,52.6790531479997,22.7521722536221,75.0128618212323
3161,image_0411_noise_L2.jpg,0,0,1,1,2,1,1,1,1,1.142857143,1.064502456,1.1641089,42.648700336785,10.3228547262775,62.6320518566171
3162,image_0412_noise_L4.jpg,0,0,1,1,4,1,1,1,1,1.428571429,1.193507367,1.4923267,52.0586886531586,23.0505962394302,76.1733659170968
3163,image_0413_noise_L2.jpg,0,0,1,1,2,1,1,1,1,1.142857143,1.064502456,1.1641089,42.7829686128199,10.3070501854875,63.1820816127298
3164,image_0414_noise_L4.jpg,0,0,1,1,4,1,1,1,1,1.428571429,1.193507367,1.4923267,52.2310157367423,22.7377378064812,76.0372966773943
3165,image_0428_noise_L4.jpg,1,0,1,1,4,1,1,1,1,1.428571429,1.193507367,1.4923267,52.7866566022017,23.8642638705301,75.5899471819804
3166,image_0430_noise_L3.jpg,1,0,1,1,3,1,1,1,1,1.285714286,1.129004911,1.3282178,51.5731921030091,17.5183795296207,72.6010589451123
3167,image_0431_noise_L2.jpg,0,0,1,1,2,1,1,1,1,1.142857143,1.064502456,1.1641089,41.9426092270617,9.99045903280655,59.2125483726777
3168,image_0436_noise_L3.jpg,0,0,1,1,3,1,1,1,1,1.285714286,1.129004911,1.3282178,50.3966556078658,18.6014053302361,69.9243304250736
3169,image_0439_noise_L1.jpg,1,1,1,1,1,1,1,1,1,1,1,1,30.4633093328525,6.97172753119146,28.2357010848402
3170,image_0440_noise_L4.jpg,0,0,1,1,4,1,1,1,1,1.428571429,1.193507367,1.4923267,52.5559204167769,21.7267144127487,74.9342913947525
3171,image_0443_noise_L3.jpg,0,0,1,1,3,1,1,1,1,1.285714286,1.129004911,1.3282178,51.8139565258194,18.7432190728881,71.9020668026434
3172,image_0450_noise_L1.jpg,1,1,1,1,1,1,1,1,1,1,1,1,43.4913156224315,6.42266317084048,44.0247583852187
3173,image_0450_noise_L3.jpg,1,0,1,1,3,1,1,1,1,1.285714286,1.129004911,1.3282178,49.985820964944,14.1808298826464,70.954114433277
3174,image_0451_noise_L1.jpg,0,0,1,1,1,1,1,1,1,1,1,1,42.6666597054418,6.13514334042419,47.9034769163004
3175,image_0451_noise_L2.jpg,0,0,1,1,2,1,1,1,1,1.142857143,1.064502456,1.1641089,46.5866336767915,8.65561368841085,62.8461063767305
3176,image_0456_noise_L2.jpg,0,0,1,1,2,1,1,1,1,1.142857143,1.064502456,1.1641089,43.4799625405128,8.59211747102545,57.7108448411049
3177,image_0462_noise_L2.jpg,0,0,1,1,2,1,1,1,1,1.142857143,1.064502456,1.1641089,43.4565360812325,8.56083080523673,53.7442467498679
3178,image_0466_noise_L2.jpg,0,0,1,1,2,1,1,1,1,1.142857143,1.064502456,1.1641089,43.4472552329352,8.42833583277888,55.7718617154945
3179,image_0467_noise_L3.jpg,0,0,1,1,3,1,1,1,1,1.285714286,1.129004911,1.3282178,46.22344567737,15.5031472888366,69.225096310958
3180,image_0468_noise_L4.jpg,0,0,1,1,4,1,1,1,1,1.428571429,1.193507367,1.4923267,46.312243958438,20.2582470677226,73.46018156514
3181,image_0469_noise_L3.jpg,0,0,1,1,3,1,1,1,1,1.285714286,1.129004911,1.3282178,48.6752492784727,13.7353686267279,69.8927567357051
3182,image_0473_noise_L4.jpg,0,0,1,1,4,1,1,1,1,1.428571429,1.193507367,1.4923267,47.3992152938834,18.9224160849905,73.4252072511774
3183,image_0474_noise_L2.jpg,0,0,1,1,2,1,1,1,1,1.142857143,1.064502456,1.1641089,43.4528740615819,8.47302087047064,55.3063475849744
3184,image_0475_noise_L1.jpg,0,1,1,1,2,1,1,1,1,1.142857143,1.064502456,1.1641089,43.458183646616,6.94858477681843,36.9092114378869
3185,image_0476_noise_L1.jpg,0,1,1,1,1,1,1,1,1,1,1,1,43.4581809112731,6.08613072183356,32.2197552607473
3186,image_0478_noise_L1.jpg,0,1,1,1,1,1,1,1,1,1,1,1,43.458223634647,7.07690634912779,34.5587591806037
3187,image_0480_noise_L3.jpg,0,0,1,1,3,1,1,1,1,1.285714286,1.129004911,1.3282178,46.2529213403631,14.4715354561816,69.0897144076996
3188,image_0481_noise_L2.jpg,0,0,1,1,2,1,1,1,1,1.142857143,1.064502456,1.1641089,43.4296370991439,7.96380164417468,52.9245897365693
3189,image_0485_noise_L2.jpg,0,0,1,1,2,1,1,1,1,1.142857143,1.064502456,1.1641089,43.4581819814755,11.0738463164122,50.9870941912145
3190,image_0487_noise_L1.jpg,0,1,1,1,2,1,1,1,1,1.142857143,1.064502456,1.1641089,43.4585332233097,6.88419501938687,38.0491554757588
3191,image_0489_noise_L3.jpg,1,0,1,1,3,1,1,1,1,1.285714286,1.129004911,1.3282178,51.8586496326292,15.9864383325109,71.9684747226085
3192,image_0498_noise_L2.jpg,0,0,1,1,2,1,1,1,1,1.142857143,1.064502456,1.1641089,42.4365757145322,9.65606612849863,56.107508620095
3193,image_0503_noise_L4.jpg,0,0,1,1,4,1,1,1,1,1.428571429,1.193507367,1.4923267,51.5268049423935,24.321756670962,76.3735181808129
3194,image_0506_noise_L1.jpg,0,0,1,1,1,1,1,1,1,1,1,1,21.8706876622655,5.82406608752302,31.6988622742079
3195,image_0508_noise_L3.jpg,0,0,1,1,3,1,1,1,1,1.285714286,1.129004911,1.3282178,51.4951740779772,14.7039518062994,73.0253753980221
3196,image_0510_noise_L4.jpg,0,0,1,1,4,1,1,1,1,1.428571429,1.193507367,1.4923267,50.8398605183825,20.603711432425,75.2260143804605
3197,image_0513_noise_L3.jpg,1,0,1,1,3,1,1,1,1,1.285714286,1.129004911,1.3282178,50.731160067108,17.7928068917776,73.2210655011096
3198,image_0515_noise_L2.jpg,1,0,1,1,2,1,1,1,1,1.142857143,1.064502456,1.1641089,43.6168987869013,10.3969383882052,64.4932283394865
3199,image_0516_noise_L1.jpg,1,1,1,1,1,1,1,2,1,1.142857143,1.176311122,1.147511786,35.1987119779291,7.09157001991504,38.1146907579134
3200,image_0516_noise_L3.jpg,1,0,1,1,3,1,1,1,1,1.285714286,1.129004911,1.3282178,52.0695486537974,16.8613636788812,72.9789109057124
3201,image_0518_noise_L1.jpg,1,1,1,2,1,1,1,1,2,1.285714286,1.281340597,1.300929712,27.5830053465963,6.90309838196233,32.5989420071846
3202,image_0519_noise_L3.jpg,1,0,1,1,3,1,1,1,1,1.285714286,1.129004911,1.3282178,51.9454675494599,17.1519584820549,73.4274757759418
3203,image_0527_noise_L1.jpg,0,1,1,1,1,1,1,1,1,1,1,1,30.5173687361792,7.00388175960292,28.5172098089777
3204,image_0529_noise_L1.jpg,0,1,1,1,1,1,1,1,1,1,1,1,30.9031812068901,6.77869048533967,31.4661588472967
3205,image_0534_noise_L1.jpg,1,1,1,1,1,1,1,3,1,1.285714286,1.352622243,1.295023571,34.9128803394228,7.59762569336406,43.4997300520113
3206,image_0535_noise_L2.jpg,0,0,1,1,2,1,1,1,1,1.142857143,1.064502456,1.1641089,47.206530105822,11.1332502310842,66.4472021996063
3207,image_0535_noise_L4.jpg,0,0,1,1,4,1,1,1,1,1.428571429,1.193507367,1.4923267,50.945373528916,22.2523395583998,75.8478030602507
3208,image_0537_noise_L1.jpg,0,1,1,2,1,1,1,4,3,1.857142857,1.966842334,1.878837934,36.4291721957921,7.69927625555745,39.3692465794716
3209,image_0538_noise_L3.jpg,0,0,1,1,3,1,1,1,1,1.285714286,1.129004911,1.3282178,50.8735682274958,19.7223967823798,74.8912910117184
3210,image_0540_noise_L2.jpg,0,0,1,1,2,1,1,1,1,1.142857143,1.064502456,1.1641089,48.1093058926849,12.9031041643995,69.3450476921846
3211,image_0540_noise_L4.jpg,0,0,1,1,4,1,1,1,1,1.428571429,1.193507367,1.4923267,49.949389025607,24.0362220264974,76.467873512824
3212,image_0541_noise_L2.jpg,1,0,1,1,1,1,1,2,1,1.142857143,1.176311122,1.147511786,47.8912060002967,12.4767255413373,68.3437390010622
3213,image_0546_noise_L1.jpg,0,1,1,1,1,1,1,3,1,1.285714286,1.352622243,1.295023571,33.8605659770086,7.23576190790064,38.41294185279
3214,image_0551_noise_L4.jpg,1,0,1,1,4,1,1,1,1,1.428571429,1.193507367,1.4923267,50.9204116076103,23.0449188780862,76.6193299706369
3215,image_0555_noise_L1.jpg,1,0,1,1,1,1,1,4,1,1.428571429,1.528933365,1.442535357,36.630708534535,7.25985356586497,55.6586718154652
3216,image_0557_noise_L1.jpg,1,0,1,2,1,1,1,4,1,1.571428571,1.653705591,1.608092205,38.9389474681159,11.894179793242,56.1269312024758
3217,image_0559_noise_L1.jpg,0,0,1,1,1,1,1,1,1,1,1,1,43.4581819815664,8.42467490111821,19.1907476562887
3218,image_0559_noise_L3.jpg,0,0,1,1,3,1,1,1,1,1.285714286,1.129004911,1.3282178,43.4594713815506,16.9282219885403,64.8790699850267
3219,image_0560_noise_L1.jpg,0,0,1,1,1,1,1,2,1,1.142857143,1.176311122,1.147511786,19.2528100282559,6.33222984169107,33.2378528026072
3220,image_0568_noise_L1.jpg,0,1,1,1,1,1,1,1,1,1,1,1,36.1747382217013,6.16730774937251,46.5496314718758
3221,image_0569_noise_L2.jpg,0,0,1,1,2,1,1,1,1,1.142857143,1.064502456,1.1641089,44.5240691559844,10.5195148534502,66.6616753697391
3222,image_0569_noise_L4.jpg,0,0,1,1,4,1,1,1,1,1.428571429,1.193507367,1.4923267,49.8712942924206,24.8090069112834,77.0153940198119
3223,image_0571_noise_L2.jpg,0,0,1,1,2,1,1,1,1,1.142857143,1.064502456,1.1641089,44.7117864637121,11.3277105206996,67.1733867673803
3224,image_0572_noise_L3.jpg,0,0,1,1,3,1,1,1,1,1.285714286,1.129004911,1.3282178,49.9558019254299,19.5161974795832,75.4808532134221
3225,image_0576_noise_L2.jpg,0,0,1,1,2,1,1,1,1,1.142857143,1.064502456,1.1641089,45.0648566064571,9.77488496633165,66.5042578434877
3226,image_0579_noise_L1.jpg,0,1,1,1,1,1,1,1,1,1,1,1,33.1816735260999,6.14978572500092,48.325798490367
3227,image_0581_noise_L2.jpg,0,0,1,2,2,1,1,1,1,1.285714286,1.189274682,1.329665748,46.41045621324,11.3228064952263,66.8646546665868
3228,image_0585_noise_L3.jpg,1,0,1,2,3,1,1,1,1,1.428571429,1.253777137,1.493774648,52.2601477341758,17.4729249316689,74.7613451906539
3229,image_0599_noise_L1.jpg,0,1,1,1,1,1,1,1,1,1,1,1,43.4581819815688,8.36027884009384,27.8534937540457
3230,image_0601_noise_L2.jpg,1,0,1,1,2,1,1,1,1,1.142857143,1.064502456,1.1641089,44.8372150686081,8.48439689720257,59.5973812967945
3231,image_0602_noise_L3.jpg,0,0,1,1,3,1,1,1,1,1.285714286,1.129004911,1.3282178,44.8257313350138,15.5945569154179,68.8388678588562
3232,image_0603_noise_L1.jpg,0,1,1,1,1,1,1,1,1,1,1,1,43.4404799433716,7.52622082624803,20.4321882974077
3233,image_0605_noise_L3.jpg,0,0,1,1,3,1,1,1,1,1.285714286,1.129004911,1.3282178,50.6082312153585,16.2946873969438,70.9155995286931
3234,image_0606_noise_L2.jpg,0,0,1,1,2,1,1,1,1,1.142857143,1.064502456,1.1641089,43.2959829700612,9.26031711886958,52.4436046489152
3235,image_0606_noise_L4.jpg,0,0,1,1,4,1,1,1,1,1.428571429,1.193507367,1.4923267,51.5217826768078,20.4834214132049,73.390093705459
3236,image_0608_noise_L3.jpg,0,0,1,1,3,1,1,1,1,1.285714286,1.129004911,1.3282178,48.0955587613158,17.4063650472731,68.0883993652994
3237,image_0611_noise_L1.jpg,0,1,1,1,1,1,1,1,1,1,1,1,30.1223480240856,4.84876383746081,39.6203396764437
3238,image_0614_noise_L2.jpg,0,0,1,1,2,1,1,1,1,1.142857143,1.064502456,1.1641089,43.4281153465625,8.73573386941806,58.7315176783037
3239,image_0615_noise_L1.jpg,1,1,1,1,1,1,1,1,1,1,1,1,43.439043988884,6.20712001826996,28.6153049330817
3240,image_0616_noise_L3.jpg,0,0,1,1,3,1,1,1,1,1.285714286,1.129004911,1.3282178,45.1750220988016,15.5614841808302,68.9525890417483
3241,image_0621_noise_L1.jpg,0,1,1,1,1,1,1,1,1,1,1,1,43.4581819816256,8.50533912242089,26.6285146541066
3242,image_0629_noise_L4.jpg,0,0,1,1,4,1,1,1,1,1.428571429,1.193507367,1.4923267,52.3780933844713,24.0981773656603,75.5909342656713
3243,image_0630_noise_L3.jpg,0,0,1,1,3,1,1,1,1,1.285714286,1.129004911,1.3282178,48.9528488638737,16.1410514974168,70.7732742283516
3244,image_0633_noise_L1.jpg,0,1,1,1,1,1,1,1,1,1,1,1,43.4581816008242,7.15556148218967,17.1279466690485
3245,image_0638_noise_L3.jpg,0,0,1,1,3,1,1,1,1,1.285714286,1.129004911,1.3282178,50.913296876228,18.7095102740721,72.7396569768211
3246,image_0639_noise_L4.jpg,0,0,1,1,4,1,1,1,1,1.428571429,1.193507367,1.4923267,51.4722411328639,24.5820776822,75.8953118022384
3247,image_0642_noise_L3.jpg,1,0,1,1,3,1,1,1,1,1.285714286,1.129004911,1.3282178,49.27313064143,15.2242735684638,71.4672849502724
3248,image_0644_noise_L2.jpg,1,0,1,1,2,1,1,1,1,1.142857143,1.064502456,1.1641089,42.6186897543243,10.1953474348799,58.9078934054234
3249,image_0645_noise_L3.jpg,0,0,1,1,3,1,1,1,1,1.285714286,1.129004911,1.3282178,46.1300808287791,15.8900791070384,69.533898296409
3250,image_0647_noise_L1.jpg,0,1,1,1,1,1,1,1,1,1,1,1,30.419594917545,9.26662207996918,21.5359751299291
3251,image_0652_noise_L3.jpg,0,0,1,1,3,1,1,1,1,1.285714286,1.129004911,1.3282178,51.3790491566656,18.8167775074091,73.5457649258112
3252,image_0657_noise_L4.jpg,0,0,1,1,4,1,1,1,1,1.428571429,1.193507367,1.4923267,52.0287809503925,21.4806670200156,74.9974616538397
3253,image_0658_noise_L4.jpg,0,0,1,1,4,1,1,1,1,1.428571429,1.193507367,1.4923267,52.0304131021578,22.3168183445292,74.8036364654971
3254,image_0660_noise_L4.jpg,0,0,1,3,4,1,1,1,1,1.714285714,1.443051819,1.823440396,51.8953111670105,21.1835134844004,74.8439822647152
3255,image_0666_noise_L3.jpg,0,0,1,1,3,1,1,1,1,1.285714286,1.129004911,1.3282178,47.9777081459106,15.9715538714538,70.4191969456751
3256,image_0666_noise_L4.jpg,0,0,1,1,4,1,1,1,1,1.428571429,1.193507367,1.4923267,51.0331104612403,22.0616501468685,74.1449049065058
3257,image_0667_noise_L4.jpg,0,0,1,1,4,1,1,1,1,1.428571429,1.193507367,1.4923267,52.0489135191292,21.4428552396779,75.1167087973115
3258,image_0668_noise_L4.jpg,0,0,1,1,4,1,1,1,1,1.428571429,1.193507367,1.4923267,52.6376060081188,23.7105870653222,74.7936400341595
3259,image_0679_noise_L2.jpg,1,0,1,3,2,1,1,1,1,1.428571429,1.314046907,1.495222596,44.8540098378724,10.0520086944335,59.9905060005821
3260,image_0682_noise_L2.jpg,1,0,1,1,2,1,1,1,1,1.142857143,1.064502456,1.1641089,44.7182811604581,11.4511565655879,64.1985063315439
3261,image_0683_noise_L2.jpg,0,0,1,1,2,1,1,1,1,1.142857143,1.064502456,1.1641089,43.2917984998145,10.4030978054513,55.2423397236733
3262,image_0686_noise_L1.jpg,0,1,1,1,1,1,1,1,1,1,1,1,43.4581819815683,7.34236244567021,25.1326613221002
3263,image_0687_noise_L1.jpg,0,1,1,1,1,1,1,1,1,1,1,1,40.3917274878839,6.48238036906629,25.0583597152436
3264,image_0691_noise_L3.jpg,0,0,1,1,3,1,1,1,1,1.285714286,1.129004911,1.3282178,47.0199282347099,16.5786588514881,69.382869839878
3265,image_0691_noise_L4.jpg,0,0,1,1,4,1,1,1,1,1.428571429,1.193507367,1.4923267,51.6296618245373,20.8988709328338,73.6647523456933
3266,image_0700_noise_L2.jpg,0,0,1,1,2,1,1,1,1,1.142857143,1.064502456,1.1641089,43.498199318403,8.44019691888196,57.287512210154
3267,image_0702_noise_L1.jpg,1,0,1,1,1,1,1,1,1,1,1,1,43.4496419022138,6.22138687568255,27.5330870088789
3268,image_0703_noise_L4.jpg,0,0,1,1,4,1,1,1,1,1.428571429,1.193507367,1.4923267,50.8313485323657,20.7521446571553,74.5903955100047
3269,image_0704_noise_L4.jpg,0,0,1,1,4,1,1,1,1,1.428571429,1.193507367,1.4923267,51.8111088702088,21.5122784642329,75.182529312511
3270,image_0705_noise_L4.jpg,0,0,1,1,4,1,1,1,1,1.428571429,1.193507367,1.4923267,51.7411246637852,22.4052208319864,75.4837605413732
3271,image_0706_noise_L1.jpg,0,1,1,1,1,1,1,1,1,1,1,1,43.4581819815664,8.30064370174081,21.8505251620372
3272,image_0708_noise_L4.jpg,0,0,1,1,4,1,1,1,1,1.428571429,1.193507367,1.4923267,51.3640019302753,21.5885548124514,75.35010023049
3273,image_0709_noise_L3.jpg,0,0,1,1,3,1,1,1,1,1.285714286,1.129004911,1.3282178,45.4388423396208,16.9236543318017,69.4272577337599
3274,image_0713_noise_L2.jpg,0,0,1,1,2,1,1,1,1,1.142857143,1.064502456,1.1641089,42.8885963268892,13.3013914988676,56.1300842620807
3275,image_0714_noise_L1.jpg,1,1,1,3,1,1,1,1,1,1.285714286,1.249544452,1.331113697,43.2727528786507,7.47076813016557,34.1825673256189
3276,image_0719_noise_L2.jpg,1,0,1,1,2,1,1,1,1,1.142857143,1.064502456,1.1641089,43.2693812955633,8.86709408036161,55.9593161596369
3277,image_0719_noise_L4.jpg,1,0,1,1,4,1,1,1,1,1.428571429,1.193507367,1.4923267,52.4487034714112,20.9544999691761,74.1856216073866
3278,image_0724_noise_L3.jpg,0,0,1,1,3,1,1,1,1,1.285714286,1.129004911,1.3282178,45.9887048314231,16.9218608675861,69.7507085305201
3279,image_0725_noise_L2.jpg,0,0,1,1,2,1,1,1,1,1.142857143,1.064502456,1.1641089,43.4210730742194,11.0388465258344,57.6518924926544
3280,image_0727_noise_L3.jpg,0,0,1,1,3,1,1,1,1,1.285714286,1.129004911,1.3282178,49.3230988796243,14.196189549583,70.5988372601935
3281,image_0728_noise_L2.jpg,0,0,1,1,2,1,1,1,1,1.142857143,1.064502456,1.1641089,43.6372294731548,9.39200479400707,58.3500551699159
3282,image_0729_noise_L1.jpg,0,1,1,1,2,1,1,1,1,1.142857143,1.064502456,1.1641089,43.4581832336013,6.7556169444803,39.5932772261983
3283,image_0729_noise_L3.jpg,0,0,1,1,3,1,1,1,1,1.285714286,1.129004911,1.3282178,46.7410354189978,15.451269122238,69.5074098503516
3284,image_0731_noise_L1.jpg,0,1,1,1,2,1,1,1,1,1.142857143,1.064502456,1.1641089,43.4581946517825,7.43448921405286,37.1686504440188
3285,image_0734_noise_L2.jpg,0,0,1,1,2,1,1,1,1,1.142857143,1.064502456,1.1641089,42.660072812857,10.4759163989208,54.3016052616777
3286,image_0735_noise_L3.jpg,0,0,1,1,3,1,1,1,1,1.285714286,1.129004911,1.3282178,51.4240206631131,16.9941750766761,71.1493072299582
3287,image_0738_noise_L3.jpg,0,0,1,1,3,1,1,1,1,1.285714286,1.129004911,1.3282178,46.9853470125305,16.1755184336458,69.7158785689784
3288,image_0740_noise_L3.jpg,0,0,1,1,3,1,1,1,1,1.285714286,1.129004911,1.3282178,51.9239032009707,15.1972317594583,72.3914423210402
3289,image_0748_noise_L4.jpg,0,0,1,1,4,1,1,1,1,1.428571429,1.193507367,1.4923267,50.8307101918825,21.2482779015393,74.6101564741793
3290,image_0753_noise_L2.jpg,0,0,1,1,2,1,1,1,1,1.142857143,1.064502456,1.1641089,43.9268955966062,8.94413700188844,60.7904190125437
3291,image_0755_noise_L3.jpg,0,0,1,1,3,1,1,1,1,1.285714286,1.129004911,1.3282178,49.6693860581032,14.4003531462579,71.4908555202449
3292,image_0757_noise_L1.jpg,0,1,1,1,1,1,1,1,1,1,1,1,43.4581819815675,8.47555585584679,24.2321892149305
3293,image_0760_noise_L1.jpg,0,1,1,1,1,1,1,1,1,1,1,1,43.4581658108196,6.53576973214479,20.0150620896855
3294,image_0761_noise_L4.jpg,0,0,1,1,4,1,1,1,1,1.428571429,1.193507367,1.4923267,52.0585693869621,21.9190419154395,75.1060826802162
3295,image_0762_noise_L2.jpg,0,0,1,1,2,1,1,1,1,1.142857143,1.064502456,1.1641089,43.4578835037298,10.0118226150496,49.6501867865386
3296,image_0764_noise_L3.jpg,0,0,1,1,3,1,1,1,1,1.285714286,1.129004911,1.3282178,44.2266908162954,14.6795704261053,68.515133415521
3297,image_0764_noise_L4.jpg,0,0,1,1,4,1,1,1,1,1.428571429,1.193507367,1.4923267,47.2985539383294,19.4792081648955,72.899614756441
3298,image_0765_noise_L1.jpg,0,1,1,1,1,1,1,1,1,1,1,1,40.6006909451848,5.86551597294853,31.1062800887171
3299,image_0767_noise_L3.jpg,0,0,1,1,3,1,1,1,1,1.285714286,1.129004911,1.3282178,46.6033455236568,16.1338942749598,68.6806850437505
3300,image_0767_noise_L4.jpg,0,0,1,1,4,1,1,1,1,1.428571429,1.193507367,1.4923267,51.6785328622079,22.4771714438384,73.1760394520257
3301,image_0768_noise_L4.jpg,0,0,1,1,4,1,1,1,1,1.428571429,1.193507367,1.4923267,52.7728910930006,22.1627406458546,74.0285648168606
3302,image_0769_noise_L1.jpg,0,1,1,1,1,1,1,1,1,1,1,1,43.4581819815761,7.88338994537084,24.3421017970765
3303,image_0776_noise_L1.jpg,0,1,1,1,1,1,1,1,1,1,1,1,42.8684320009258,6.20145727058103,27.7068016175619
3304,image_0778_noise_L1.jpg,0,1,1,1,1,1,1,1,1,1,1,1,43.4579631948772,6.45658704037108,21.3597950812509
3305,image_0778_noise_L3.jpg,0,0,1,1,3,1,1,1,1,1.285714286,1.129004911,1.3282178,50.0887264684396,15.5567210152845,70.5745076518764
3306,image_0783_noise_L2.jpg,0,0,1,1,2,1,1,1,1,1.142857143,1.064502456,1.1641089,43.4389190004355,9.20128543656174,61.6705557500983
3307,image_0783_noise_L4.jpg,0,0,1,1,4,1,1,1,1,1.428571429,1.193507367,1.4923267,51.0272690249406,20.6881220783611,75.7134966959276
3308,image_0790_noise_L4.jpg,0,0,1,1,4,1,1,1,1,1.428571429,1.193507367,1.4923267,50.272635318515,21.2784872331913,73.7787855165621
3309,image_0792_noise_L3.jpg,0,0,1,1,3,1,1,1,1,1.285714286,1.129004911,1.3282178,43.845993680889,15.9681049585513,68.0984497865011
3310,image_0794_noise_L3.jpg,0,0,1,1,3,1,1,1,1,1.285714286,1.129004911,1.3282178,49.7739782992491,16.0439474139114,70.2343423487048
3311,image_0795_noise_L1.jpg,0,1,1,1,1,1,1,1,1,1,1,1,43.4581760274326,6.73690424427508,20.8386443221283
3312,image_0795_noise_L2.jpg,0,0,1,1,2,1,1,1,1,1.142857143,1.064502456,1.1641089,43.3473861309116,10.2558580130361,54.4669869912088
3313,image_0797_noise_L3.jpg,0,0,1,1,3,1,1,1,1,1.285714286,1.129004911,1.3282178,50.3332908608237,15.184908812961,71.6529641467907
3314,image_0800_noise_L1.jpg,0,1,1,1,1,1,1,1,1,1,1,1,40.2910138565957,6.33037542744586,35.8739558948876
3315,image_0801_noise_L2.jpg,0,0,1,1,2,1,1,1,1,1.142857143,1.064502456,1.1641089,42.9376989300851,9.93517664430697,61.9418081823552
3316,image_0807_noise_L1.jpg,0,1,1,1,1,1,1,1,1,1,1,1,41.2557095396499,6.24884028023845,28.3284715152072
3317,image_0809_noise_L2.jpg,0,0,1,1,2,1,1,1,1,1.142857143,1.064502456,1.1641089,46.1920687071321,9.85210622481482,64.4980146982199
3318,image_0811_noise_L2.jpg,0,0,1,1,2,1,1,1,1,1.142857143,1.064502456,1.1641089,44.0258388816631,10.0807596658391,64.0590935576299
3319,image_0816_noise_L4.jpg,0,0,1,1,4,1,1,1,1,1.428571429,1.193507367,1.4923267,53.0110846269011,21.7559658736705,74.638743857959
3320,image_0817_noise_L1.jpg,0,1,1,1,1,1,1,1,1,1,1,1,43.4507620784915,5.96886707994634,28.9357717201986
3321,image_0821_noise_L1.jpg,0,1,1,1,1,1,1,1,1,1,1,1,38.0048313819417,6.05949086619857,30.7871030641717
3322,image_0823_noise_L1.jpg,0,1,1,1,1,1,1,1,1,1,1,1,43.4581819815664,9.18827954880141,21.2360133137794
3323,image_0823_noise_L3.jpg,0,0,1,1,3,1,1,1,1,1.285714286,1.129004911,1.3282178,45.8060952410342,17.3525609005382,69.7955436085931
3324,image_0831_noise_L1.jpg,0,1,1,1,1,1,1,1,1,1,1,1,43.4581819815665,7.50704519068548,24.2348166679766
3325,image_0832_noise_L4.jpg,0,0,1,1,4,1,1,1,1,1.428571429,1.193507367,1.4923267,50.4631010486659,21.2478473451245,73.5505057583587
3326,image_0834_noise_L4.jpg,0,0,1,1,4,1,1,1,1,1.428571429,1.193507367,1.4923267,52.1942593729379,21.3768714310453,74.2317997432185
3327,image_0836_noise_L1.jpg,0,1,1,1,1,1,1,1,1,1,1,1,43.2015901827559,6.24431173109772,26.1019035170196
3328,image_0836_noise_L4.jpg,0,0,1,1,4,1,1,1,1,1.428571429,1.193507367,1.4923267,52.2586578495092,22.1577443008313,74.8798940812726
3329,image_0837_noise_L2.jpg,0,0,1,1,2,1,1,1,1,1.142857143,1.064502456,1.1641089,43.1117867891995,8.8054105552927,54.5062897517758
3330,image_0838_noise_L4.jpg,0,0,1,1,4,1,1,1,1,1.428571429,1.193507367,1.4923267,51.8127345064505,23.2651117808855,75.6648072295268
3331,image_0839_noise_L4.jpg,0,0,1,1,4,1,1,1,1,1.428571429,1.193507367,1.4923267,51.3523344581358,20.7922262236831,75.1289116864774
3332,image_0842_noise_L1.jpg,0,1,1,1,1,1,1,1,1,1,1,1,43.4517540026744,6.1850056327094,31.4997268507917
3333,image_0842_noise_L2.jpg,0,0,1,1,2,1,1,1,1,1.142857143,1.064502456,1.1641089,43.2871666265682,9.33773175145388,58.5968770222317
3334,image_0842_noise_L3.jpg,0,0,1,1,3,1,1,1,1,1.285714286,1.129004911,1.3282178,48.9601845868185,15.6755817865439,71.3870793977272
3335,image_0847_noise_L4.jpg,0,0,1,1,4,1,1,1,1,1.428571429,1.193507367,1.4923267,49.2041378525086,21.2450721412193,73.3818940096308
3336,image_0848_noise_L4.jpg,0,0,1,1,4,1,1,1,1,1.428571429,1.193507367,1.4923267,52.3653699871801,22.236155522567,74.4469915218309
3337,image_0850_noise_L2.jpg,0,0,1,1,2,1,1,1,1,1.142857143,1.064502456,1.1641089,43.3493156556801,10.1449564677192,54.3169163847373
3338,image_0850_noise_L4.jpg,0,0,1,1,4,1,1,1,1,1.428571429,1.193507367,1.4923267,52.3553151761937,23.7695201839457,74.2460912070903
3339,image_0851_noise_L3.jpg,0,0,1,1,3,1,1,1,1,1.285714286,1.129004911,1.3282178,47.9742191084172,15.6933635661453,69.8658036733775
3340,image_0852_noise_L1.jpg,0,1,1,1,1,1,1,1,1,1,1,1,43.4581819815664,8.60459500533302,22.6082237801017
3341,image_0858_noise_L2.jpg,0,0,1,1,2,1,1,1,1,1.142857143,1.064502456,1.1641089,43.4423712532339,9.91835147411243,57.1676716520176
3342,image_0859_noise_L3.jpg,0,0,1,1,3,1,1,1,1,1.285714286,1.129004911,1.3282178,47.0145735461762,15.4141039263214,69.7316546678892
3343,image_0863_noise_L3.jpg,0,0,1,1,3,1,1,1,1,1.285714286,1.129004911,1.3282178,45.2617052646928,16.3615915103262,68.9246281959123
3344,image_0864_noise_L3.jpg,0,0,1,1,3,1,1,1,1,1.285714286,1.129004911,1.3282178,43.844582076606,17.0781357979722,67.6662439599558
3345,image_0865_noise_L2.jpg,0,0,1,1,2,1,1,1,1,1.142857143,1.064502456,1.1641089,41.4881859767169,8.60995196231713,56.9792103703082
3346,image_0868_noise_L1.jpg,0,1,1,1,1,1,1,1,1,1,1,1,40.774632640312,5.91087057083071,38.8803658449044
3347,image_0868_noise_L2.jpg,0,0,1,1,2,1,1,1,1,1.142857143,1.064502456,1.1641089,44.0339810176029,8.75613590727874,62.0966195234921
3348,image_0870_noise_L1.jpg,0,1,1,1,1,1,1,1,1,1,1,1,43.458146936134,6.78740333019608,19.690212011778
3349,image_0873_noise_L3.jpg,0,0,1,1,3,1,1,1,1,1.285714286,1.129004911,1.3282178,51.2566609368955,14.3067282789792,71.7859309601898
3350,image_0874_noise_L3.jpg,0,0,1,1,3,1,1,1,1,1.285714286,1.129004911,1.3282178,51.8073571678221,14.7946964888368,70.5253882710383
3351,image_0876_noise_L2.jpg,0,0,1,1,2,1,1,1,1,1.142857143,1.064502456,1.1641089,41.7356091468888,11.9136327206379,58.8356847530613
3352,image_0879_noise_L2.jpg,0,0,1,1,2,1,1,1,1,1.142857143,1.064502456,1.1641089,43.4581556092305,10.9318569700521,51.766737868913
3353,image_0881_noise_L4.jpg,0,0,1,1,4,1,1,1,1,1.428571429,1.193507367,1.4923267,52.1058760415234,22.0460036360128,74.8215726159412
3354,image_0886_noise_L1.jpg,0,1,1,1,1,1,1,1,1,1,1,1,43.458181814574,7.40852235226628,19.3774817663734
3355,image_0889_noise_L1.jpg,0,1,1,1,1,1,1,3,1,1.285714286,1.352622243,1.295023571,33.1353967591209,8.0061152947787,36.8508534396752
3356,image_0889_noise_L4.jpg,0,0,1,1,4,1,1,1,1,1.428571429,1.193507367,1.4923267,51.2800911785544,23.5199831092149,77.0505455209047
3357,image_0890_noise_L1.jpg,0,1,1,1,1,1,1,2,1,1.142857143,1.176311122,1.147511786,43.4573001581882,9.4810768375954,28.0774920923198
3358,image_0894_noise_L4.jpg,0,0,1,1,4,1,1,1,1,1.428571429,1.193507367,1.4923267,52.9168989918011,21.3815663024787,74.4860557945105
3359,image_0906_noise_L4.jpg,0,0,1,1,4,1,1,1,1,1.428571429,1.193507367,1.4923267,47.5769564219493,21.5685034466025,73.0658452824078
3360,image_0907_noise_L4.jpg,1,0,1,1,4,1,1,1,1,1.428571429,1.193507367,1.4923267,50.2217846648463,20.0526550735712,74.7833996046199
3361,image_0908_noise_L4.jpg,1,0,1,1,4,1,1,1,1,1.428571429,1.193507367,1.4923267,49.7674933547068,21.6559761451432,73.6687696694878
3362,image_0915_noise_L1.jpg,1,1,1,1,1,1,1,1,1,1,1,1,43.4125877035195,6.21612303329195,31.5294528334001
3363,image_0916_noise_L3.jpg,0,0,1,1,3,1,1,1,1,1.285714286,1.129004911,1.3282178,45.4945298583282,14.6161074769012,69.4332789548203
3364,image_0920_noise_L3.jpg,1,0,1,1,3,1,1,1,1,1.285714286,1.129004911,1.3282178,48.6099030434052,14.5968432845183,70.4264400853887
3365,image_0922_noise_L3.jpg,0,0,1,1,3,1,1,1,1,1.285714286,1.129004911,1.3282178,47.4644571552626,17.57748746299,70.2835899509958
3366,image_0925_noise_L4.jpg,1,0,1,1,4,1,1,1,1,1.428571429,1.193507367,1.4923267,50.7790379415253,20.991753472493,75.9118357122665
3367,image_0929_noise_L2.jpg,0,0,1,1,2,1,1,1,1,1.142857143,1.064502456,1.1641089,43.6878220171281,8.72197963912529,61.0604620634468
3368,image_0934_noise_L1.jpg,0,1,1,1,1,1,1,1,1,1,1,1,40.5879869629466,6.41343633750437,35.9826118772509
3369,image_0937_noise_L3.jpg,0,0,1,1,3,1,1,1,1,1.285714286,1.129004911,1.3282178,50.6111315833929,14.9457743547877,72.1972511703174
3370,image_0939_noise_L2.jpg,0,0,1,1,2,1,1,1,1,1.142857143,1.064502456,1.1641089,43.4581750166256,11.6616762535309,52.3897352473939
3371,image_0940_noise_L2.jpg,1,0,1,1,2,1,1,1,1,1.142857143,1.064502456,1.1641089,43.4398401832209,9.27275456699504,62.8939331870914
3372,image_0941_noise_L3.jpg,0,0,1,1,3,1,1,1,1,1.285714286,1.129004911,1.3282178,51.9993590457346,14.3721675722766,72.3313638263051
3373,image_0941_noise_L4.jpg,0,0,1,1,4,1,1,1,1,1.428571429,1.193507367,1.4923267,50.0989813383527,20.0333398866815,75.5758311592826
3374,image_0948_noise_L4.jpg,0,0,1,1,4,1,1,1,1,1.428571429,1.193507367,1.4923267,51.6009489877662,19.589400070751,74.3376305095481
3375,image_0951_noise_L1.jpg,0,1,1,1,1,1,1,1,1,1,1,1,43.0135563953422,6.00766852872244,31.7438706719791
3376,image_0952_noise_L1.jpg,0,1,1,1,1,1,1,1,1,1,1,1,43.3444451263417,6.2751720996041,35.2831027462841
3377,image_0952_noise_L2.jpg,0,0,1,1,2,1,1,1,1,1.142857143,1.064502456,1.1641089,43.4588681557722,8.75792105744176,59.5085415907553
3378,image_0955_noise_L4.jpg,0,0,1,1,4,1,1,1,1,1.428571429,1.193507367,1.4923267,51.3902464512091,20.2225111612358,75.1984403247804
3379,image_0958_noise_L4.jpg,1,0,1,1,4,1,1,1,1,1.428571429,1.193507367,1.4923267,51.2819288100775,20.8702007878679,75.6653205332916
3380,image_0963_noise_L1.jpg,0,1,1,1,1,1,1,1,1,1,1,1,43.4581819815664,8.76008734571438,22.3916954644017
3381,image_0968_noise_L4.jpg,0,0,1,1,4,1,1,1,1,1.428571429,1.193507367,1.4923267,46.3550748406622,19.4933996973073,72.9145356755988
3382,image_0969_noise_L2.jpg,0,0,1,1,2,1,1,1,1,1.142857143,1.064502456,1.1641089,43.4564338302341,9.84863686394343,51.1200589706809
3383,image_0969_noise_L3.jpg,0,0,1,1,3,1,1,1,1,1.285714286,1.129004911,1.3282178,44.6154742107892,16.7826079346421,67.8691356481422
3384,image_0971_noise_L2.jpg,0,0,1,1,2,1,1,1,1,1.142857143,1.064502456,1.1641089,43.4563961907083,8.24145996860389,51.6121448631229
3385,image_0974_noise_L4.jpg,1,0,1,1,4,1,1,1,1,1.428571429,1.193507367,1.4923267,45.3342637871247,19.5526842509766,72.8252383622666
3386,image_0975_noise_L3.jpg,0,0,1,1,3,1,1,1,1,1.285714286,1.129004911,1.3282178,44.2169736363218,13.8143778720623,69.0888509961907
3387,image_0977_noise_L2.jpg,0,0,1,1,2,1,1,1,1,1.142857143,1.064502456,1.1641089,43.4457192614608,8.74906701011511,55.9458389991097
3388,image_0981_noise_L3.jpg,0,0,1,1,3,1,1,1,1,1.285714286,1.129004911,1.3282178,45.3593549258885,15.355274669959,67.9848532679839
3389,image_0982_noise_L2.jpg,0,0,1,1,2,1,1,1,1,1.142857143,1.064502456,1.1641089,43.4561079241331,9.47179767838817,51.5333433891447
3390,image_0985_noise_L1.jpg,0,1,1,1,1,1,1,1,1,1,1,1,43.4581819034162,6.87090147846956,23.5349790229813
3391,image_0987_noise_L1.jpg,0,1,1,1,1,1,1,1,1,1,1,1,43.4581819815664,6.75356838252107,23.0589224521815
3392,image_0992_noise_L1.jpg,1,0,1,1,1,1,1,1,1,1,1,1,43.3776097671775,6.61454791306124,35.1711658374215
3393,image_0001_sharpness_L2.jpg,1,0,1,1,1,1,1,1,1,1,1,1,43.4581819840036,5.50018081736054,20.2768369438421
3394,image_0004_sharpness_L2.jpg,1,0,1,1,1,1,1,1,1,1,1,1,43.4581819822654,5.07371396425877,19.0585896577257
3395,image_0014_sharpness_L4.jpg,1,0,1,1,1,1,2,4,1,1.571428571,1.703137227,1.63588894,45.8586916307315,4.97480586877146,50.8186057330153
3396,image_0015_sharpness_L1.jpg,0,1,1,1,1,1,1,1,1,1,1,1,42.3863151951285,4.41940470707084,21.0189815403868
3397,image_0018_sharpness_L4.jpg,0,0,1,1,1,1,1,3,1,1.285714286,1.352622243,1.295023571,45.9938720721951,5.40658090146688,49.8217200782546
3398,image_0028_sharpness_L2.jpg,0,0,1,1,1,1,1,1,1,1,1,1,43.4084976782291,4.06541009695868,26.6006453578204
3399,image_0028_sharpness_L4.jpg,0,0,1,1,1,1,1,3,1,1.285714286,1.352622243,1.295023571,46.8191778695391,5.19430661816374,52.0713044768998
3400,image_0035_sharpness_L4.jpg,0,0,1,1,1,1,2,3,1,1.428571429,1.526826105,1.488377154,47.9624898721021,5.23921053282806,52.0470401932386
3401,image_0036_sharpness_L2.jpg,0,0,1,1,1,1,1,1,1,1,1,1,43.4581819815664,4.25812923269137,31.431213202355
3402,image_0036_sharpness_L4.jpg,0,0,1,1,1,1,2,3,1,1.428571429,1.526826105,1.488377154,46.1706747354893,5.2238054652713,58.3745216785623
3403,image_0040_sharpness_L4.jpg,1,0,1,3,1,1,2,3,1,1.714285714,1.776370557,1.819490851,48.3503219554852,5.31927621122684,58.8715965032211
3404,image_0043_sharpness_L3.jpg,0,0,1,1,1,1,1,3,1,1.285714286,1.352622243,1.295023571,43.4581763636532,5.45940099695556,58.0645133445176
3405,image_0044_sharpness_L3.jpg,0,0,1,1,1,1,2,3,1,1.428571429,1.526826105,1.488377154,43.4563952192092,5.75294687746136,69.2192246348476
3406,image_0046_sharpness_L1.jpg,1,1,1,1,1,1,1,1,1,1,1,1,43.3210094389384,3.93394742491365,14.5499604354544
3407,image_0048_sharpness_L2.jpg,0,0,1,1,1,1,1,1,1,1,1,1,43.4581819815664,5.986487855375,31.1337401320878
3408,image_0051_sharpness_L3.jpg,0,0,1,1,1,1,1,2,1,1.142857143,1.176311122,1.147511786,43.4223746214141,5.21694085423094,34.793767202387
3409,image_0057_sharpness_L1.jpg,0,1,1,1,1,1,1,2,1,1.142857143,1.176311122,1.147511786,39.9421623254417,3.34555794156372,14.7621669838721
3410,image_0058_sharpness_L2.jpg,0,0,1,1,1,1,1,3,1,1.285714286,1.352622243,1.295023571,26.9693453302725,3.0168821718089,17.6436255896347
3411,image_0059_sharpness_L4.jpg,0,0,1,1,1,1,2,4,1,1.571428571,1.703137227,1.63588894,48.1346073317893,5.06307297992235,50.3695649421678
3412,image_0060_sharpness_L3.jpg,0,0,1,1,1,1,1,2,1,1.142857143,1.176311122,1.147511786,43.4581819815664,5.28129322515632,42.5602319895026
3413,image_0061_sharpness_L2.jpg,0,0,1,1,1,1,1,1,1,1,1,1,43.4581819815664,5.2753177701764,32.2954659143806
3414,image_0062_sharpness_L4.jpg,0,0,1,1,1,1,2,3,1,1.428571429,1.526826105,1.488377154,46.6849600793526,6.13522793008543,56.1553322169252
3415,image_0063_sharpness_L3.jpg,0,0,1,1,1,1,1,2,1,1.142857143,1.176311122,1.147511786,43.4323696892958,5.27638894513758,34.6164666997601
3416,image_0065_sharpness_L1.jpg,0,1,1,1,1,1,1,1,1,1,1,1,43.458182108978,4.29796812006207,16.9930547625994
3417,image_0066_sharpness_L3.jpg,0,0,1,1,1,1,1,2,1,1.142857143,1.176311122,1.147511786,40.4638980971306,5.3117443532401,33.6004118773318
3418,image_0067_sharpness_L4.jpg,0,0,1,1,1,1,2,3,1,1.428571429,1.526826105,1.488377154,46.1820392181365,5.44710782730044,48.7081978228563
3419,image_0068_sharpness_L1.jpg,1,1,1,1,1,1,1,1,1,1,1,1,43.4581819049506,3.6350586177131,17.5792014106057
3420,image_0069_sharpness_L1.jpg,0,1,1,1,1,1,1,1,1,1,1,1,43.4581819815664,5.04740440276802,22.7526648896685
3421,image_0070_sharpness_L1.jpg,0,1,1,1,1,1,1,1,1,1,1,1,43.4581819815664,5.88387246225104,24.6406773055602
3422,image_0070_sharpness_L2.jpg,0,0,1,1,1,1,1,1,1,1,1,1,43.4581819815664,5.96487976419534,30.8360979854581
3423,image_0077_sharpness_L2.jpg,0,0,1,1,1,1,1,1,1,1,1,1,43.4581819815664,6.67061198515344,42.0340841896053
3424,image_0077_sharpness_L3.jpg,0,0,1,1,1,1,1,1,1,1,1,1,43.4581819815664,5.97555882759693,51.4446957399482
3425,image_0079_sharpness_L1.jpg,1,1,1,1,1,1,1,1,1,1,1,1,43.4581819815664,7.35036916872908,32.9537241614218
3426,image_0082_sharpness_L2.jpg,0,0,1,1,1,1,1,1,1,1,1,1,43.4553702603879,3.80812541868622,30.316881691205
3427,image_0082_sharpness_L4.jpg,0,0,1,1,1,1,2,2,1,1.285714286,1.350514984,1.340865369,47.2121316361127,5.17507408349763,55.4809581156726
3428,image_0083_sharpness_L1.jpg,0,1,1,1,1,1,1,1,1,1,1,1,42.5936081987776,3.31387193633379,19.8742331263904
3429,image_0084_sharpness_L2.jpg,0,0,1,1,1,1,1,1,1,1,1,1,43.458181981577,4.6980929029078,25.9181324401189
3430,image_0087_sharpness_L4.jpg,0,0,1,1,1,1,1,2,1,1.142857143,1.176311122,1.147511786,44.6014994450178,6.4225058253359,43.8639974490109
3431,image_0094_sharpness_L2.jpg,0,0,1,1,1,1,1,2,1,1.142857143,1.176311122,1.147511786,41.8554476808301,4.10886036723338,25.018569236148
3432,image_0097_sharpness_L2.jpg,0,0,1,1,1,1,1,2,1,1.142857143,1.176311122,1.147511786,41.3960971940842,3.8852516743794,26.067712082775
3433,image_0103_sharpness_L2.jpg,0,0,1,1,1,1,1,2,1,1.142857143,1.176311122,1.147511786,43.4581819815646,5.58233299748169,34.6947136875773
3434,image_0103_sharpness_L3.jpg,0,0,1,1,1,1,1,3,1,1.285714286,1.352622243,1.295023571,43.4581403227885,6.00628908140858,55.9557801222381
3435,image_0104_sharpness_L1.jpg,0,1,1,1,1,1,1,1,1,1,1,1,43.4581819815664,8.10317749923908,27.7674173752803
3436,image_0105_sharpness_L3.jpg,0,0,1,1,1,1,1,2,1,1.142857143,1.176311122,1.147511786,38.9413239405588,4.91516334476564,28.2140020940436
3437,image_0107_sharpness_L1.jpg,0,1,1,1,1,1,1,1,1,1,1,1,42.1462519610857,3.68047048720486,17.7909028187448
3438,image_0109_sharpness_L3.jpg,0,0,1,1,1,1,2,4,1,1.571428571,1.703137227,1.63588894,40.5361176071567,4.3408429274021,32.2393490830145
3439,image_0110_sharpness_L3.jpg,0,0,1,1,1,1,1,2,1,1.142857143,1.176311122,1.147511786,42.2886208531798,4.78995602412971,33.6968247443401
3440,image_0114_sharpness_L4.jpg,0,0,1,1,1,1,2,3,1,1.428571429,1.526826105,1.488377154,46.271970085075,5.49797787325693,54.4252564030047
3441,image_0115_sharpness_L3.jpg,0,0,1,1,1,1,1,1,1,1,1,1,43.4581819816043,5.31181081791548,30.9221019365256
3442,image_0116_sharpness_L3.jpg,1,0,1,1,1,1,1,1,1,1,1,1,39.2809159765169,4.59830711436115,34.1320723858258
3443,image_0121_sharpness_L1.jpg,0,1,1,1,1,1,1,1,1,1,1,1,43.4581819815664,6.99778932467354,28.5537234374698
3444,image_0126_sharpness_L2.jpg,0,0,1,1,1,1,1,1,1,1,1,1,43.4581819815664,8.87298528873271,38.5178948266774
3445,image_0127_sharpness_L4.jpg,0,0,1,3,1,1,2,4,1,1.857142857,1.952681679,1.967002636,47.4843669020558,5.36892833787224,54.3925841577308
3446,image_0132_sharpness_L1.jpg,1,1,1,1,1,1,1,1,1,1,1,1,43.4581820022441,7.16944158381731,32.4378286071579
3447,image_0133_sharpness_L1.jpg,0,1,1,1,1,1,1,1,1,1,1,1,43.4581819815664,14.2173577131283,27.6423432514815
3448,image_0134_sharpness_L3.jpg,1,0,1,3,1,1,2,4,1,1.857142857,1.952681679,1.967002636,38.859295847655,4.36683010483236,35.8309941466063
3449,image_0135_sharpness_L1.jpg,0,1,1,1,1,1,1,1,1,1,1,1,43.4581819815664,8.50148923955186,28.3097146012523
3450,image_0135_sharpness_L4.jpg,0,0,1,1,1,1,1,2,1,1.142857143,1.176311122,1.147511786,43.4532089790154,7.40989989650373,60.3273008835736
3451,image_0138_sharpness_L2.jpg,0,0,1,1,1,1,1,1,1,1,1,1,43.4581819815664,7.67214904342245,30.7452254277013
3452,image_0138_sharpness_L4.jpg,0,0,1,1,1,1,1,3,1,1.285714286,1.352622243,1.295023571,43.491387501056,7.3618059286335,65.6820709643884
3453,image_0140_sharpness_L1.jpg,1,1,1,1,1,1,1,1,1,1,1,1,43.4581819815665,5.97644291917596,24.2455118163898
3454,image_0144_sharpness_L3.jpg,1,0,1,1,1,1,1,1,1,1,1,1,43.4581819815673,6.14734462661617,31.2498110362878
3455,image_0145_sharpness_L2.jpg,1,0,1,1,1,1,1,1,1,1,1,1,43.4581819815664,6.53146507483382,27.1238929447056
3456,image_0152_sharpness_L1.jpg,0,1,1,1,1,1,1,1,1,1,1,1,43.4581819863858,7.2736538511856,33.5078006273617
3457,image_0154_sharpness_L4.jpg,0,0,1,1,1,1,1,3,1,1.285714286,1.352622243,1.295023571,42.3838255299941,7.03840318449863,49.9408824109656
3458,image_0155_sharpness_L4.jpg,0,0,1,1,1,1,2,3,1,1.428571429,1.526826105,1.488377154,43.3927170620559,7.29443986394743,61.2394872407858
3459,image_0159_sharpness_L2.jpg,0,0,1,1,1,1,1,2,1,1.142857143,1.176311122,1.147511786,40.7122645455474,3.69427253467574,17.8203166111857
3460,image_0161_sharpness_L3.jpg,1,0,1,1,1,1,1,2,1,1.142857143,1.176311122,1.147511786,43.4564309206894,5.33955031878934,41.7771669897093
3461,image_0164_sharpness_L3.jpg,1,0,1,1,1,1,1,2,1,1.142857143,1.176311122,1.147511786,43.4581818092557,4.87450017446589,33.157769856523
3462,image_0167_sharpness_L4.jpg,1,0,1,1,1,1,2,3,1,1.428571429,1.526826105,1.488377154,45.6063896037776,5.65484233546582,55.9977521656056
3463,image_0169_sharpness_L1.jpg,1,0,1,1,1,1,1,1,1,1,1,1,43.4578511111321,3.92297296268631,17.8949999520234
3464,image_0170_sharpness_L3.jpg,1,0,1,1,1,1,1,2,1,1.142857143,1.176311122,1.147511786,43.373539635616,5.21897317559916,35.2594723423368
3465,image_0171_sharpness_L2.jpg,1,0,1,1,1,1,1,1,1,1,1,1,43.4581819815989,5.25214550490746,26.5738204091701
3466,image_0172_sharpness_L2.jpg,1,0,1,1,1,1,1,1,1,1,1,1,43.4581819815664,5.98102528357231,45.7531746999604
3467,image_0177_sharpness_L1.jpg,0,1,1,1,1,1,1,1,1,1,1,1,43.4581819815664,5.07556093098765,31.1641812451612
3468,image_0180_sharpness_L1.jpg,1,1,1,1,1,1,1,2,1,1.142857143,1.176311122,1.147511786,43.4519951000516,4.66637972917131,19.5370638075505
3469,image_0183_sharpness_L4.jpg,1,0,1,1,1,1,2,4,1,1.571428571,1.703137227,1.63588894,48.3454925012808,5.56084411593934,56.9226543061334
3470,image_0187_sharpness_L3.jpg,1,0,1,1,1,1,1,3,1,1.285714286,1.352622243,1.295023571,43.3020607174046,5.42502071378391,28.2063433081424
3471,image_0188_sharpness_L1.jpg,1,1,1,1,1,1,1,1,1,1,1,1,43.4581819837825,4.85738858578301,14.9217746821636
3472,image_0198_sharpness_L2.jpg,1,0,1,1,1,1,1,2,1,1.142857143,1.176311122,1.147511786,39.9089289874105,4.4180880589418,22.4167570217439
3473,image_0198_sharpness_L4.jpg,1,0,1,1,1,2,2,4,1,1.714285714,1.873960344,1.768862677,48.2632351481805,5.91931536911718,60.128849217849
3474,image_0199_sharpness_L1.jpg,1,0,1,1,1,1,1,4,1,1.428571429,1.528933365,1.442535357,23.0852363105748,2.94033924003449,20.5787849478482
3475,image_0201_sharpness_L1.jpg,0,0,1,1,1,1,1,1,1,1,1,1,21.9514094683469,3.54647029320373,14.4017134032498
3476,image_0202_sharpness_L4.jpg,0,0,1,1,1,1,2,3,1,1.428571429,1.526826105,1.488377154,49.3573898355046,5.76045977784464,58.1375061298528
3477,image_0208_sharpness_L1.jpg,0,1,1,1,1,1,1,1,1,1,1,1,43.4581826798841,5.47127463460549,25.9149646594433
3478,image_0209_sharpness_L4.jpg,0,0,1,1,1,1,2,4,1,1.571428571,1.703137227,1.63588894,54.473303474042,5.04711165940506,61.9526039387258
3479,image_0217_sharpness_L4.jpg,0,0,1,1,1,1,2,4,1,1.571428571,1.703137227,1.63588894,48.7453612060831,5.86843266727163,57.5294002425427
3480,image_0218_sharpness_L3.jpg,0,0,1,1,1,1,1,4,1,1.428571429,1.528933365,1.442535357,41.6833917173858,4.60563742937096,28.7434181668448
3481,image_0222_sharpness_L3.jpg,0,0,1,1,1,1,1,1,1,1,1,1,40.6351294506486,5.46671593662567,21.7367795685162
3482,image_0225_sharpness_L4.jpg,0,0,1,1,1,1,2,4,1,1.571428571,1.703137227,1.63588894,48.2079150736298,4.94661463475593,63.8784404773022
3483,image_0228_sharpness_L2.jpg,0,0,1,1,1,1,1,2,1,1.142857143,1.176311122,1.147511786,27.3570630184607,4.24575074856699,14.8653987229541
3484,image_0230_sharpness_L2.jpg,1,0,1,1,1,1,1,3,1,1.285714286,1.352622243,1.295023571,38.9151477382479,4.63774204971853,24.9607686655295
3485,image_0231_sharpness_L1.jpg,1,1,1,1,1,1,1,2,1,1.142857143,1.176311122,1.147511786,43.4275332551247,4.88313460164267,19.5846771515797
3486,image_0238_sharpness_L1.jpg,1,1,1,1,1,1,1,1,1,1,1,1,43.4581809311449,3.96308601189987,15.9415478023417
3487,image_0241_sharpness_L4.jpg,0,0,1,3,1,1,1,2,1,1.428571429,1.425855574,1.478625482,43.2341448328163,6.30120162614505,59.2613460950457
3488,image_0242_sharpness_L1.jpg,0,1,1,3,1,1,1,1,1,1.285714286,1.249544452,1.331113697,43.4581819815664,5.65370533634872,23.2158679686256
3489,image_0242_sharpness_L3.jpg,0,0,1,3,1,1,1,2,1,1.428571429,1.425855574,1.478625482,43.4581819796284,5.84442819715747,48.7313526744298
3490,image_0249_sharpness_L1.jpg,0,1,1,1,1,1,1,1,1,1,1,1,43.4581826724963,5.30297639340504,30.2487532865154
3491,image_0249_sharpness_L3.jpg,0,0,1,1,1,1,1,2,1,1.142857143,1.176311122,1.147511786,38.9818945680048,5.43750909841395,34.2903383873261
3492,image_0249_sharpness_L4.jpg,0,0,1,1,1,1,2,4,1,1.571428571,1.703137227,1.63588894,45.7039260876498,6.04854810994786,51.3854918808252
3493,image_0250_sharpness_L3.jpg,0,0,1,1,1,1,1,1,1,1,1,1,43.4581819815664,7.8085725214124,46.4300213720285
3494,image_0255_sharpness_L3.jpg,1,0,1,3,1,1,1,4,1,1.714285714,1.778477817,1.773649054,38.6382061081696,4.70691244145302,40.7270826370636
3495,image_0257_sharpness_L2.jpg,1,0,1,1,1,1,1,1,1,1,1,1,43.4581819815664,6.45888715310466,34.9886816008261
3496,image_0258_sharpness_L2.jpg,0,0,1,1,1,1,1,1,1,1,1,1,43.4581819816109,5.32201096846261,30.2309186461567
3497,image_0261_sharpness_L3.jpg,1,0,1,1,1,1,1,2,1,1.142857143,1.176311122,1.147511786,37.9465827098461,5.3801945171285,45.6296437290276
3498,image_0274_sharpness_L3.jpg,0,0,1,1,1,1,2,4,1,1.571428571,1.703137227,1.63588894,40.3302900954211,4.54351271683701,44.9451647350572
3499,image_0279_sharpness_L1.jpg,0,1,1,1,1,1,1,1,1,1,1,1,43.4581819815664,6.43747802984582,22.2674009079028
3500,image_0283_sharpness_L3.jpg,0,0,1,3,1,1,1,3,1,1.571428571,1.602166695,1.626137268,42.3642239898556,5.95849057514848,35.6604033288965
3501,image_0285_sharpness_L2.jpg,0,0,1,1,1,1,1,2,1,1.142857143,1.176311122,1.147511786,43.275813909097,4.12106466108654,27.7625978497957
3502,image_0286_sharpness_L2.jpg,0,0,1,1,1,1,1,1,1,1,1,1,42.0512373376226,5.61664013196103,36.2778344393972
3503,image_0288_sharpness_L2.jpg,1,0,1,1,1,1,1,2,1,1.142857143,1.176311122,1.147511786,43.458181728275,4.84041207574738,37.8686924866275
3504,image_0289_sharpness_L3.jpg,0,0,1,1,1,1,1,2,1,1.142857143,1.176311122,1.147511786,43.4028288571166,6.02790102768435,63.8082088128466
3505,image_0295_sharpness_L4.jpg,0,0,1,3,1,1,1,2,1,1.428571429,1.425855574,1.478625482,42.8639746011591,5.5854764130259,59.6994453477368
3506,image_0297_sharpness_L2.jpg,0,0,1,1,1,1,1,2,1,1.142857143,1.176311122,1.147511786,43.4581819815664,4.1003093548747,39.4693089321637
3507,image_0300_sharpness_L3.jpg,0,0,1,3,1,1,1,3,1,1.571428571,1.602166695,1.626137268,36.6943994713733,3.98697664962956,36.0964841460269
3508,image_0304_sharpness_L4.jpg,1,0,1,1,1,1,2,4,1,1.571428571,1.703137227,1.63588894,45.3468978009169,5.22115291323298,56.2015638980653
3509,image_0308_sharpness_L1.jpg,1,1,1,1,1,1,1,2,1,1.142857143,1.176311122,1.147511786,39.8045715875544,4.9888927964849,49.1095453323103
3510,image_0309_sharpness_L3.jpg,1,0,1,1,1,1,2,3,1,1.428571429,1.526826105,1.488377154,46.3472218464752,4.8932415924038,59.5558288402273
3511,image_0317_sharpness_L1.jpg,0,1,1,1,1,1,1,2,1,1.142857143,1.176311122,1.147511786,43.4581819815664,4.54129631504268,22.2987977429228
3512,image_0318_sharpness_L2.jpg,0,0,1,3,1,1,1,1,1,1.285714286,1.249544452,1.331113697,43.4581819815664,6.64972540730196,32.1380260316649
3513,image_0323_sharpness_L4.jpg,0,0,1,1,1,1,1,3,1,1.285714286,1.352622243,1.295023571,42.2601209834457,6.65089360820261,52.3768285919164
3514,image_0327_sharpness_L3.jpg,0,0,1,1,1,1,2,4,1,1.571428571,1.703137227,1.63588894,42.0363666077459,4.34471989861697,35.0330663948433
3515,image_0332_sharpness_L2.jpg,0,0,1,1,1,1,1,3,1,1.285714286,1.352622243,1.295023571,43.4510444676464,6.42692305587716,21.1063596440972
3516,image_0333_sharpness_L1.jpg,0,1,1,1,1,1,1,2,1,1.142857143,1.176311122,1.147511786,43.458056967051,5.55414660030849,16.3878793274336
3517,image_0334_sharpness_L4.jpg,1,0,1,1,1,1,2,4,1,1.571428571,1.703137227,1.63588894,43.2563714805322,5.66502777636762,60.2728957572743
3518,image_0337_sharpness_L2.jpg,1,0,1,1,1,1,2,4,1,1.571428571,1.703137227,1.63588894,24.1842223510584,3.18253552329326,26.0322879751727
3519,image_0338_sharpness_L2.jpg,1,0,1,1,1,1,2,4,1,1.571428571,1.703137227,1.63588894,36.1987251782775,3.2217845147277,31.9335978351327
3520,image_0340_sharpness_L1.jpg,0,1,1,1,1,1,1,2,1,1.142857143,1.176311122,1.147511786,40.7207662738081,3.6878933610757,21.3163071223571
3521,image_0344_sharpness_L1.jpg,0,1,1,1,1,1,1,2,1,1.142857143,1.176311122,1.147511786,42.0557297928041,4.0155677538147,22.0523726952768
3522,image_0344_sharpness_L4.jpg,0,0,1,1,1,1,2,4,1,1.571428571,1.703137227,1.63588894,52.0796064217434,5.23878398465143,64.193370773698
3523,image_0347_sharpness_L2.jpg,0,0,1,1,1,1,1,4,1,1.428571429,1.528933365,1.442535357,22.2087197546658,3.3113417284069,26.320221151126
3524,image_0348_sharpness_L4.jpg,0,0,1,1,1,1,2,4,1,1.571428571,1.703137227,1.63588894,47.1685065799446,4.68493008342036,54.2236447327482
3525,image_0352_sharpness_L4.jpg,0,0,1,1,1,1,2,3,1,1.428571429,1.526826105,1.488377154,46.379779676638,5.64142987528728,52.3846341768674
3526,image_0354_sharpness_L4.jpg,0,0,1,1,1,1,2,3,1,1.428571429,1.526826105,1.488377154,44.9162566393046,6.17185452674653,57.2077351883958
3527,image_0358_sharpness_L1.jpg,0,1,1,1,1,1,1,1,1,1,1,1,42.9023778372721,3.83092077498792,22.2951258545153
3528,image_0359_sharpness_L2.jpg,0,0,1,1,1,1,1,4,1,1.428571429,1.528933365,1.442535357,34.3216528497949,3.95724918138935,30.1255076578933
3529,image_0361_sharpness_L2.jpg,0,0,1,1,1,1,1,4,1,1.428571429,1.528933365,1.442535357,34.4944692479956,3.97970780394003,31.2041094416103
3530,image_0365_sharpness_L2.jpg,0,0,1,1,1,1,1,1,1,1,1,1,43.4581819820315,5.80051981029579,25.4020435585347
3531,image_0368_sharpness_L1.jpg,1,0,1,1,1,1,1,1,1,1,1,1,43.4581820124318,4.33393500250321,19.6081366427932
3532,image_0368_sharpness_L3.jpg,1,0,1,1,1,1,1,3,1,1.285714286,1.352622243,1.295023571,41.2868321307473,5.10167602292549,34.0901837419416
3533,image_0373_sharpness_L1.jpg,1,0,1,1,1,1,1,1,1,1,1,1,43.4581819815664,5.83094247355129,20.600406519553
3534,image_0373_sharpness_L2.jpg,1,0,1,1,1,1,1,2,1,1.142857143,1.176311122,1.147511786,43.4581819815664,5.67181459479372,25.7497976733847
3535,image_0376_sharpness_L4.jpg,0,0,1,1,1,1,2,3,1,1.428571429,1.526826105,1.488377154,47.0681327307534,6.36924794099511,64.068363248952
3536,image_0378_sharpness_L2.jpg,0,0,1,1,1,1,1,2,1,1.142857143,1.176311122,1.147511786,39.5492177569782,4.07546113919657,23.9536957709536
3537,image_0378_sharpness_L3.jpg,0,0,1,1,1,1,1,3,1,1.285714286,1.352622243,1.295023571,38.9711951061369,4.73211964174371,33.1710909736034
3538,image_0382_sharpness_L1.jpg,0,1,1,1,1,1,1,2,1,1.142857143,1.176311122,1.147511786,42.3467391667188,4.62152187252482,19.6273277384574
3539,image_0385_sharpness_L2.jpg,1,0,1,1,1,1,1,4,1,1.428571429,1.528933365,1.442535357,41.4069447605639,5.12130921848381,28.2058826042856
3540,image_0387_sharpness_L4.jpg,1,0,1,1,1,1,2,4,1,1.571428571,1.703137227,1.63588894,48.6190265976998,5.39172082520116,51.3616208989874
3541,image_0391_sharpness_L3.jpg,1,0,1,1,1,1,2,4,1,1.571428571,1.703137227,1.63588894,43.6466304015288,4.35897798860505,46.9674617372685
3542,image_0397_sharpness_L4.jpg,1,0,1,1,1,1,2,4,1,1.571428571,1.703137227,1.63588894,50.0907202715364,5.39565247239838,62.0360888400644
3543,image_0400_sharpness_L3.jpg,0,0,1,1,1,1,2,4,1,1.571428571,1.703137227,1.63588894,40.1788111272602,4.07160084520803,43.8267767217611
3544,image_0402_sharpness_L1.jpg,1,1,1,1,1,1,1,3,1,1.285714286,1.352622243,1.295023571,36.9926563816185,3.06345432769224,17.6838443555091
3545,image_0404_sharpness_L3.jpg,0,0,1,1,1,1,2,4,1,1.571428571,1.703137227,1.63588894,40.5691696802834,4.44715465219609,45.0796837492264
3546,image_0405_sharpness_L2.jpg,0,0,1,1,1,1,1,3,1,1.285714286,1.352622243,1.295023571,36.6980824295065,3.66027305220508,29.5876278570747
3547,image_0406_sharpness_L3.jpg,0,0,1,1,1,1,1,3,1,1.285714286,1.352622243,1.295023571,39.9622631618714,4.31984666442675,44.6497296537687
3548,image_0407_sharpness_L3.jpg,0,0,1,1,1,1,1,4,1,1.428571429,1.528933365,1.442535357,39.5828592712397,4.15043365761568,43.3445259111544
3549,image_0409_sharpness_L4.jpg,0,0,1,1,1,1,2,4,1,1.571428571,1.703137227,1.63588894,49.5616723411711,5.06367565693161,60.7135041245307
3550,image_0414_sharpness_L4.jpg,0,0,1,1,1,1,2,4,1,1.571428571,1.703137227,1.63588894,51.4425498290988,4.80155668599428,66.7168833155216
3551,image_0417_sharpness_L2.jpg,1,0,1,1,1,1,2,4,1,1.571428571,1.703137227,1.63588894,32.9155045508713,3.33168177748312,35.2894805824664
3552,image_0419_sharpness_L2.jpg,0,0,1,1,1,1,2,4,1,1.571428571,1.703137227,1.63588894,29.6494624591054,2.86923991707176,30.9377745120389
3553,image_0420_sharpness_L3.jpg,0,0,1,1,1,1,2,4,1,1.571428571,1.703137227,1.63588894,35.9934926162213,3.79212384071456,46.7141546507811
3554,image_0423_sharpness_L4.jpg,0,0,1,1,1,1,2,4,1,1.571428571,1.703137227,1.63588894,53.1340950051135,4.78008740106945,67.2534672780401
3555,image_0426_sharpness_L2.jpg,0,0,1,1,1,1,1,4,1,1.428571429,1.528933365,1.442535357,32.5524319356429,2.95463741948251,28.3351291193002
3556,image_0431_sharpness_L2.jpg,0,0,1,1,1,1,1,3,1,1.285714286,1.352622243,1.295023571,35.3746478142855,3.57344079495056,28.7010705425841
3557,image_0433_sharpness_L2.jpg,1,0,1,1,1,1,1,3,1,1.285714286,1.352622243,1.295023571,34.963202628931,3.98524494378303,30.0697124601893
3558,image_0435_sharpness_L2.jpg,0,0,1,1,1,1,1,3,1,1.285714286,1.352622243,1.295023571,31.2202232849693,3.99276211199273,35.4272361991433
3559,image_0436_sharpness_L4.jpg,0,0,1,1,1,1,2,3,1,1.428571429,1.526826105,1.488377154,43.5251421955343,6.50731504990969,75.6231881453348
3560,image_0440_sharpness_L2.jpg,0,0,1,1,1,1,1,2,1,1.142857143,1.176311122,1.147511786,38.2520490400904,3.78040054383079,28.5517027570203
3561,image_0441_sharpness_L3.jpg,0,0,1,1,1,1,1,3,1,1.285714286,1.352622243,1.295023571,34.6397934724022,4.57206550041726,43.52267703681
3562,image_0442_sharpness_L4.jpg,0,0,1,1,1,1,2,4,1,1.571428571,1.703137227,1.63588894,49.5758507659391,5.31386424803048,66.6632268838134
3563,image_0443_sharpness_L2.jpg,0,0,1,1,1,1,2,4,1,1.571428571,1.703137227,1.63588894,47.9289944760015,4.65393144763459,62.4183267575058
3564,image_0444_sharpness_L4.jpg,0,0,1,1,1,1,2,4,1,1.571428571,1.703137227,1.63588894,50.4868608200843,5.72089001013063,76.0004176349135
3565,image_0446_sharpness_L1.jpg,0,0,1,1,1,1,1,2,1,1.142857143,1.176311122,1.147511786,43.4571480050102,5.79406850659367,54.2765803474253
3566,image_0446_sharpness_L3.jpg,0,0,1,1,1,1,2,3,1,1.428571429,1.526826105,1.488377154,43.439739418428,6.26152665284962,70.2383051644971
3567,image_0450_sharpness_L1.jpg,1,1,1,1,1,1,1,1,1,1,1,1,43.2094217190025,4.00769152577535,21.4596856173857
3568,image_0451_sharpness_L1.jpg,0,0,1,1,1,1,1,1,1,1,1,1,27.4024510266438,3.08899139695032,26.1373379149009
3569,image_0460_sharpness_L1.jpg,0,1,1,1,1,1,1,1,1,1,1,1,43.4581819817582,4.38155475660499,21.0636702737335
3570,image_0460_sharpness_L3.jpg,0,0,1,1,1,1,1,1,1,1,1,1,43.4494081496203,5.30822058138439,32.9101040548615
3571,image_0462_sharpness_L1.jpg,0,1,1,1,1,1,1,1,1,1,1,1,43.4581819844449,4.23004672472938,20.6617909942162
3572,image_0462_sharpness_L3.jpg,0,0,1,1,1,1,1,2,1,1.142857143,1.176311122,1.147511786,43.2834332588963,5.21981119564368,33.2602112851753
3573,image_0463_sharpness_L2.jpg,0,0,1,1,1,1,1,2,1,1.142857143,1.176311122,1.147511786,42.8768069544005,4.10479137306986,23.9462492138922
3574,image_0463_sharpness_L3.jpg,0,0,1,1,1,1,1,3,1,1.285714286,1.352622243,1.295023571,35.326464723645,4.84743345047675,33.5933582498012
3575,image_0466_sharpness_L4.jpg,0,0,1,1,1,1,2,3,1,1.428571429,1.526826105,1.488377154,47.2090629971187,5.33776641378057,49.2888438372114
3576,image_0468_sharpness_L1.jpg,0,1,1,1,1,1,1,1,1,1,1,1,43.4581819815665,5.65962782663464,29.7295854869582
3577,image_0470_sharpness_L2.jpg,0,0,1,1,1,1,1,2,1,1.142857143,1.176311122,1.147511786,43.2843764979541,4.23208765974096,23.2841975430249
3578,image_0471_sharpness_L1.jpg,0,1,1,1,1,1,1,1,1,1,1,1,43.4581819815664,6.1000279563889,31.9463827097749
3579,image_0475_sharpness_L3.jpg,0,0,1,1,1,1,1,1,1,1,1,1,43.4581732953309,5.23158427529843,29.9466349999321
3580,image_0476_sharpness_L4.jpg,0,0,1,1,1,1,1,2,1,1.142857143,1.176311122,1.147511786,45.2985135991272,6.08758727735263,51.9546132421016
3581,image_0477_sharpness_L1.jpg,0,1,1,1,1,1,1,1,1,1,1,1,43.4581819815667,5.39847444260863,29.0857990227695
3582,image_0478_sharpness_L2.jpg,0,0,1,1,1,1,1,1,1,1,1,1,43.4581819848512,4.72995844091616,23.2683671936868
3583,image_0481_sharpness_L3.jpg,0,0,1,1,1,1,1,1,1,1,1,1,43.3379982632291,4.94192323272576,34.1169956679961
3584,image_0481_sharpness_L4.jpg,0,0,1,1,1,1,1,2,1,1.142857143,1.176311122,1.147511786,45.4068212165895,5.89991338629674,53.2926987317349
3585,image_0484_sharpness_L2.jpg,0,0,1,1,1,1,1,1,1,1,1,1,43.4581819815664,7.72831514441935,38.2528509502701
3586,image_0486_sharpness_L2.jpg,0,0,1,1,1,1,1,1,1,1,1,1,43.4581819815664,7.4730817307131,35.8463623380614
3587,image_0487_sharpness_L2.jpg,0,0,1,1,1,1,1,1,1,1,1,1,43.4581819883935,4.27908047031161,24.9703639156131
3588,image_0487_sharpness_L3.jpg,0,0,1,1,1,1,1,2,1,1.142857143,1.176311122,1.147511786,43.1392940368952,4.37198255321386,29.4362955676999
3589,image_0493_sharpness_L1.jpg,0,0,1,1,1,1,1,1,1,1,1,1,40.9927701271295,3.21401915330933,22.2696226539429
3590,image_0494_sharpness_L3.jpg,0,0,1,1,1,1,1,3,1,1.285714286,1.352622243,1.295023571,37.1747616788768,3.91555017685661,40.6350416105599
3591,image_0496_sharpness_L3.jpg,0,0,1,1,1,1,1,3,1,1.285714286,1.352622243,1.295023571,38.0558946112392,4.10238573600345,41.0751965242515
3592,image_0501_sharpness_L2.jpg,0,0,1,1,1,1,1,2,1,1.142857143,1.176311122,1.147511786,28.7906723462412,3.08527784956345,13.9178953162073
3593,image_0504_sharpness_L3.jpg,0,0,1,1,1,1,1,4,1,1.428571429,1.528933365,1.442535357,33.6091976493016,3.2592155798227,19.7190336056139
3594,image_0506_sharpness_L1.jpg,0,0,1,1,1,1,1,3,1,1.285714286,1.352622243,1.295023571,16.4418691444649,3.53520055078035,11.9746277437606
3595,image_0506_sharpness_L4.jpg,0,0,1,1,1,1,2,4,1,1.571428571,1.703137227,1.63588894,50.8173429765883,5.09906355530512,62.1572624508387
3596,image_0507_sharpness_L2.jpg,0,0,1,1,1,1,1,4,1,1.428571429,1.528933365,1.442535357,21.1181698373899,3.20162019686891,16.9672780284984
3597,image_0508_sharpness_L4.jpg,0,0,1,1,1,1,2,4,1,1.571428571,1.703137227,1.63588894,41.4382605350181,4.10668276102079,42.4382375959346
3598,image_0509_sharpness_L2.jpg,0,0,1,1,1,1,1,4,1,1.428571429,1.528933365,1.442535357,16.0776339355753,2.55306391989996,13.342754607423
3599,image_0510_sharpness_L1.jpg,0,1,1,1,1,1,1,1,1,1,1,1,27.6205570411358,2.86766810634779,23.5825383796856
3600,image_0516_sharpness_L1.jpg,1,1,1,1,1,1,1,4,1,1.428571429,1.528933365,1.442535357,24.94268456861,2.54530261537,24.0911452431972
3601,image_0517_sharpness_L2.jpg,1,0,1,1,1,1,2,4,2,1.714285714,1.859705598,1.771261804,37.1150607498665,3.56362940591682,32.8261110618679
3602,image_0518_sharpness_L4.jpg,1,0,1,2,1,1,2,4,2,1.857142857,1.984477824,1.936818652,54.370172544397,4.73290445025699,62.3831088416475
3603,image_0520_sharpness_L3.jpg,0,0,1,1,1,1,3,4,1,1.714285714,1.877341089,1.829242523,31.7750781189754,3.23887974789965,52.0219556927092
3604,image_0521_sharpness_L4.jpg,0,0,1,1,1,1,3,4,1,1.714285714,1.877341089,1.829242523,47.1155332354719,4.69999464509906,59.4010962864069
3605,image_0522_sharpness_L1.jpg,0,1,1,1,1,1,1,4,1,1.428571429,1.528933365,1.442535357,10.8597461112077,2.58801433452683,15.7818411733389
3606,image_0524_sharpness_L3.jpg,0,0,1,1,1,1,2,4,1,1.571428571,1.703137227,1.63588894,40.2211805054545,3.91263538074683,38.542625307469
3607,image_0525_sharpness_L2.jpg,0,0,1,1,1,1,1,3,1,1.285714286,1.352622243,1.295023571,35.7692593791003,3.26185832674455,25.8637926505155
3608,image_0525_sharpness_L4.jpg,0,0,1,1,1,1,2,4,1,1.571428571,1.703137227,1.63588894,50.3173535213918,4.89944282187936,59.3398765156274
3609,image_0529_sharpness_L4.jpg,0,0,1,1,1,1,2,4,1,1.571428571,1.703137227,1.63588894,50.6756681916876,4.98764912550341,62.9692825726714
3610,image_0530_sharpness_L1.jpg,1,1,1,1,1,1,2,4,1,1.571428571,1.703137227,1.63588894,21.2698291650951,2.72752638946788,13.9939175675819
3611,image_0540_sharpness_L2.jpg,0,0,1,1,1,1,3,4,1,1.714285714,1.877341089,1.829242523,20.5165308982368,2.7214580382914,22.3587946940467
3612,image_0543_sharpness_L3.jpg,0,0,1,1,1,1,2,4,1,1.571428571,1.703137227,1.63588894,52.4627377429174,5.16540026849821,66.4849124321351
3613,image_0545_sharpness_L2.jpg,0,0,1,1,1,1,2,4,1,1.571428571,1.703137227,1.63588894,45.2631517122754,4.3744470401206,54.7346519954571
3614,image_0545_sharpness_L4.jpg,0,0,1,1,1,1,3,4,1,1.714285714,1.877341089,1.829242523,51.008347702175,5.26619031783677,70.846378534584
3615,image_0550_sharpness_L4.jpg,0,0,1,1,1,1,3,4,1,1.714285714,1.877341089,1.829242523,49.127277227601,4.7718539540856,56.7332281441298
3616,image_0552_sharpness_L1.jpg,1,1,1,1,1,1,1,4,1,1.428571429,1.528933365,1.442535357,24.6384089791171,3.27881850893188,18.7994795950095
3617,image_0555_sharpness_L4.jpg,1,0,1,1,1,2,3,4,1,1.857142857,2.048164206,1.96221626,44.8949904242721,4.0102952913957,43.9445371155474
3618,image_0559_sharpness_L4.jpg,0,0,1,1,1,1,1,1,1,1,1,1,43.4581792482902,7.12485062461769,53.1515122359299
3619,image_0562_sharpness_L1.jpg,0,0,1,1,1,1,1,1,1,1,1,1,43.4581827860286,4.08980783028545,34.2665678272779
3620,image_0564_sharpness_L4.jpg,0,0,1,1,1,1,3,4,1,1.714285714,1.877341089,1.829242523,34.2145137777009,4.54179412192105,48.9261187482722
3621,image_0566_sharpness_L1.jpg,1,1,1,1,1,1,1,4,1,1.428571429,1.528933365,1.442535357,28.0006978992125,3.35494826346577,9.90684125560185
3622,image_0569_sharpness_L3.jpg,0,0,1,1,1,1,2,4,1,1.571428571,1.703137227,1.63588894,35.1559090097899,3.22205020165815,16.2826743010439
3623,image_0570_sharpness_L2.jpg,0,0,1,1,1,1,1,4,1,1.428571429,1.528933365,1.442535357,13.3406764642547,2.81967559119535,10.2639573521241
3624,image_0573_sharpness_L4.jpg,0,0,1,1,1,1,3,4,1,1.714285714,1.877341089,1.829242523,52.42992112832,4.60078996772408,57.3443495240166
3625,image_0574_sharpness_L1.jpg,0,1,1,1,1,1,1,4,1,1.428571429,1.528933365,1.442535357,27.6165676315099,3.13409922018873,16.1700934818096
3626,image_0576_sharpness_L1.jpg,0,1,1,1,1,1,1,4,1,1.428571429,1.528933365,1.442535357,6.51182491640406,2.90286473950453,21.291926825241
3627,image_0580_sharpness_L4.jpg,0,0,1,1,1,2,2,4,1,1.714285714,1.873960344,1.768862677,45.4883314445985,5.28473146071943,49.5770876294565
3628,image_0583_sharpness_L1.jpg,0,1,1,1,1,1,1,1,1,1,1,1,43.4581952534916,5.64820695841434,25.2069740312458
3629,image_0583_sharpness_L4.jpg,0,0,1,1,1,1,1,3,1,1.285714286,1.352622243,1.295023571,43.7557816090354,5.46509273425444,48.2503319468268
3630,image_0584_sharpness_L2.jpg,0,0,1,1,1,1,1,3,1,1.285714286,1.352622243,1.295023571,35.5228727651557,2.58975033010652,16.221862351753
3631,image_0587_sharpness_L3.jpg,0,0,1,1,1,2,2,4,1,1.714285714,1.873960344,1.768862677,45.836901247109,4.1012784229455,40.5895939961081
3632,image_0594_sharpness_L1.jpg,1,0,1,1,1,1,1,1,1,1,1,1,39.5012114839275,2.75242491417041,24.5241224305371
3633,image_0596_sharpness_L1.jpg,0,0,1,1,1,1,1,1,1,1,1,1,40.8788009522197,2.90138081279079,25.7053295950471
3634,image_0598_sharpness_L2.jpg,1,0,1,1,1,1,1,1,1,1,1,1,43.4581819903919,4.85457041149245,23.0820410080799
3635,image_0603_sharpness_L3.jpg,0,0,1,1,1,1,2,3,1,1.428571429,1.526826105,1.488377154,38.4017243495652,6.03476204825868,46.7552137524038
3636,image_0604_sharpness_L1.jpg,0,1,1,1,1,1,1,1,1,1,1,1,43.4581819815664,6.14532615803813,23.2074201451992
3637,image_0605_sharpness_L1.jpg,0,1,1,1,1,1,1,2,1,1.142857143,1.176311122,1.147511786,43.4581819815664,5.11680489343542,28.8789974940924
3638,image_0606_sharpness_L3.jpg,0,0,1,1,1,1,1,2,1,1.142857143,1.176311122,1.147511786,43.0902062994956,5.79080628414622,39.504018780022
3639,image_0610_sharpness_L1.jpg,0,1,1,1,1,1,1,1,1,1,1,1,13.4057252382334,3.37461477647336,24.8549282858829
3640,image_0615_sharpness_L1.jpg,1,1,1,1,1,1,1,1,1,1,1,1,43.4581181278757,4.09890430108899,16.9460689955356
3641,image_0618_sharpness_L3.jpg,0,0,1,1,1,1,1,3,1,1.285714286,1.352622243,1.295023571,39.4118312312456,4.91404416324235,30.2912080273847
3642,image_0621_sharpness_L1.jpg,0,1,1,1,1,1,1,1,1,1,1,1,43.4581819815664,5.60175367500978,23.3385182315671
3643,image_0626_sharpness_L1.jpg,0,1,1,1,1,1,1,1,1,1,1,1,43.4581822268339,4.95479574961885,22.7066333630357
3644,image_0628_sharpness_L3.jpg,0,0,1,1,1,1,1,3,1,1.285714286,1.352622243,1.295023571,37.5522554331903,4.49245637273233,31.8590721910553
3645,image_0628_sharpness_L4.jpg,0,0,1,1,1,1,2,4,1,1.571428571,1.703137227,1.63588894,49.1316888752055,5.30250629298943,52.3075939587027
3646,image_0629_sharpness_L2.jpg,0,0,1,1,1,1,1,4,1,1.428571429,1.528933365,1.442535357,36.641499838556,4.27615569701214,24.5479773257576
3647,image_0629_sharpness_L4.jpg,0,0,1,1,1,1,2,4,1,1.571428571,1.703137227,1.63588894,52.3227971167037,5.31507480704079,70.7371361657102
3648,image_0632_sharpness_L1.jpg,0,1,1,1,1,1,1,4,1,1.428571429,1.528933365,1.442535357,37.015426886207,4.77528885071582,16.1399401646021
3649,image_0633_sharpness_L2.jpg,0,0,1,1,1,1,1,2,1,1.142857143,1.176311122,1.147511786,43.4581819484353,5.78103245501001,26.1544395164271
3650,image_0635_sharpness_L1.jpg,0,1,1,1,1,1,1,1,1,1,1,1,43.4564055484382,4.18190304269331,15.7221062862769
3651,image_0636_sharpness_L4.jpg,0,0,1,1,1,1,2,4,1,1.571428571,1.703137227,1.63588894,49.4779542085506,5.0540983900045,61.9257648710321
3652,image_0638_sharpness_L1.jpg,0,1,1,1,1,1,1,3,1,1.285714286,1.352622243,1.295023571,39.3851053768593,4.54780341857762,19.8635608083449
3653,image_0641_sharpness_L3.jpg,1,0,1,3,1,1,2,4,1,1.857142857,1.952681679,1.967002636,39.3664953909762,4.34373577133985,40.3823155634375
3654,image_0643_sharpness_L3.jpg,1,0,1,1,1,1,2,4,1,1.571428571,1.703137227,1.63588894,36.7617147503237,3.78528593481044,36.926061759414
3655,image_0644_sharpness_L4.jpg,1,0,1,1,1,1,2,4,1,1.571428571,1.703137227,1.63588894,49.166931970492,4.82450148210525,58.4349203076582
3656,image_0649_sharpness_L4.jpg,0,0,1,1,1,1,2,4,1,1.571428571,1.703137227,1.63588894,50.3738188535001,5.31024521800311,60.2359269407651
3657,image_0650_sharpness_L1.jpg,1,1,1,1,1,1,1,1,1,1,1,1,43.456923933852,4.25628430764789,20.0560592990653
3658,image_0650_sharpness_L3.jpg,1,0,1,1,1,1,1,3,1,1.285714286,1.352622243,1.295023571,30.7780742519665,3.90862078126332,32.1296705518277
3659,image_0654_sharpness_L4.jpg,1,0,1,1,1,1,2,4,1,1.571428571,1.703137227,1.63588894,48.7692505257572,4.75979033426117,56.2561803990433
3660,image_0655_sharpness_L3.jpg,0,0,1,1,1,1,1,3,1,1.285714286,1.352622243,1.295023571,43.4581798335451,5.17879582963738,42.7754737790579
3661,image_0655_sharpness_L4.jpg,0,0,1,1,1,1,2,4,1,1.571428571,1.703137227,1.63588894,46.5485488219089,5.9508357194011,57.7014138170568
3662,image_0659_sharpness_L4.jpg,0,0,1,1,1,1,2,4,1,1.571428571,1.703137227,1.63588894,47.7364955367731,5.93256931107981,65.7347465430593
3663,image_0666_sharpness_L1.jpg,0,1,1,1,1,1,1,1,1,1,1,1,43.4581505509941,3.66051570073962,18.935915244982
3664,image_0666_sharpness_L3.jpg,0,0,1,1,1,1,1,3,1,1.285714286,1.352622243,1.295023571,40.1023692410145,4.61198537635244,33.0867406617155
3665,image_0668_sharpness_L2.jpg,0,0,1,1,1,1,1,2,1,1.142857143,1.176311122,1.147511786,41.397112786162,5.57431105293184,52.5281117380905
3666,image_0669_sharpness_L1.jpg,0,1,1,1,1,1,1,1,1,1,1,1,42.9202367922986,5.36580805992513,39.9837357487947
3667,image_0669_sharpness_L3.jpg,0,0,1,1,1,1,1,2,1,1.142857143,1.176311122,1.147511786,42.8074448292748,5.99737655932256,61.7653455129461
3668,image_0669_sharpness_L4.jpg,0,0,1,1,1,1,2,3,1,1.428571429,1.526826105,1.488377154,45.3830001809698,6.10432242220288,70.9434378263223
3669,image_0676_sharpness_L2.jpg,0,0,1,1,1,1,1,1,1,1,1,1,43.4581819815664,6.61416881329897,25.9943561666413
3670,image_0678_sharpness_L1.jpg,1,0,1,3,1,1,1,2,1,1.428571429,1.425855574,1.478625482,12.130181384576,2.87662206881805,16.3576635005321
3671,image_0678_sharpness_L2.jpg,1,0,1,3,1,1,1,3,1,1.571428571,1.602166695,1.626137268,32.8093103737365,3.0172955533059,21.8706483796217
3672,image_0678_sharpness_L3.jpg,1,0,1,3,1,1,2,4,1,1.857142857,1.952681679,1.967002636,33.3834065664308,3.84543445395495,36.2168819669464
3673,image_0680_sharpness_L2.jpg,0,0,1,1,1,1,1,2,1,1.142857143,1.176311122,1.147511786,40.8053421467172,3.63423310888274,24.1407326062762
3674,image_0680_sharpness_L4.jpg,0,0,1,1,1,1,2,4,1,1.571428571,1.703137227,1.63588894,50.7245202199901,4.73479440157072,54.492123086177
3675,image_0681_sharpness_L4.jpg,0,0,1,1,1,1,2,4,1,1.571428571,1.703137227,1.63588894,49.1378542797208,4.78067157738752,55.4035031401399
3676,image_0682_sharpness_L1.jpg,1,1,1,1,1,1,1,4,1,1.428571429,1.528933365,1.442535357,23.3915381803498,3.02722500453506,14.842946963396
3677,image_0689_sharpness_L2.jpg,1,0,1,1,1,1,1,4,1,1.428571429,1.528933365,1.442535357,14.1105415649626,3.2778296497976,23.6513369288206
3678,image_0692_sharpness_L3.jpg,0,0,1,1,1,1,2,4,1,1.571428571,1.703137227,1.63588894,42.9743334617602,4.38388971329644,41.0487257781408
3679,image_0698_sharpness_L1.jpg,0,1,1,1,1,1,1,1,1,1,1,1,43.4581819817187,5.30707678684711,28.0510845743054
3680,image_0698_sharpness_L2.jpg,0,0,1,1,1,1,1,1,1,1,1,1,43.4581819815967,4.92811005829868,24.3377242196091
3681,image_0699_sharpness_L3.jpg,0,0,1,1,1,1,1,2,1,1.142857143,1.176311122,1.147511786,41.2021615068333,4.91191696795612,23.1347819782307
3682,image_0700_sharpness_L2.jpg,0,0,1,1,1,1,1,1,1,1,1,1,43.458182076452,4.82143977234117,18.9110107258879
3683,image_0701_sharpness_L1.jpg,0,1,1,1,1,1,1,1,1,1,1,1,43.4581819815664,5.9109744003125,22.0967621898424
3684,image_0701_sharpness_L3.jpg,0,0,1,1,1,1,1,2,1,1.142857143,1.176311122,1.147511786,43.4581819815664,5.86062217521053,37.7079112489243
3685,image_0704_sharpness_L2.jpg,0,0,1,3,1,1,1,3,1,1.571428571,1.602166695,1.626137268,34.5154300949931,3.74534831621893,22.8313740170255
3686,image_0704_sharpness_L4.jpg,0,0,1,3,1,1,2,4,1,1.857142857,1.952681679,1.967002636,51.97683464599,4.89807014281565,55.7173509945344
3687,image_0708_sharpness_L1.jpg,0,1,1,1,1,1,1,2,1,1.142857143,1.176311122,1.147511786,22.2433476581373,3.33501526891279,16.6215454485106
3688,image_0717_sharpness_L2.jpg,0,0,1,1,1,1,1,3,1,1.285714286,1.352622243,1.295023571,43.4391721375326,4.83575065460687,23.2024459868289
3689,image_0718_sharpness_L4.jpg,0,0,1,1,1,1,1,2,1,1.142857143,1.176311122,1.147511786,43.4581720423137,7.07586989856182,68.34447712439
3690,image_0720_sharpness_L2.jpg,0,0,1,1,1,1,1,1,1,1,1,1,43.4581819815664,6.89644084840613,41.7500519507899
3691,image_0724_sharpness_L1.jpg,0,1,1,1,1,1,1,1,1,1,1,1,43.4581819815664,6.23233609707262,23.0682971159644
3692,image_0724_sharpness_L3.jpg,0,0,1,1,1,1,1,2,1,1.142857143,1.176311122,1.147511786,43.4581819815664,6.48209222742755,39.2213993115857
3693,image_0730_sharpness_L3.jpg,0,0,1,1,1,1,1,1,1,1,1,1,43.4581800725548,5.355656609244,29.3409478745101
3694,image_0733_sharpness_L1.jpg,0,1,1,1,1,1,1,1,1,1,1,1,43.4581819815664,4.99033727361866,25.1198454318799
3695,image_0735_sharpness_L2.jpg,0,0,1,1,1,1,1,2,1,1.142857143,1.176311122,1.147511786,43.4580872907716,5.34946880297799,32.0521945076388
3696,image_0735_sharpness_L3.jpg,0,0,1,1,1,1,1,3,1,1.285714286,1.352622243,1.295023571,42.8090763855753,5.95397962647328,51.1701614941782
3697,image_0738_sharpness_L1.jpg,0,1,1,1,1,1,1,1,1,1,1,1,43.4581819815664,5.08411323643093,24.6709981061749
3698,image_0742_sharpness_L1.jpg,0,1,1,1,1,1,2,4,1,1.571428571,1.703137227,1.63588894,31.0193050956943,2.9583612481517,15.170901943604
3699,image_0748_sharpness_L1.jpg,0,1,1,1,1,1,1,1,1,1,1,1,43.4581819846069,5.165385113159,24.4311708767189
3700,image_0749_sharpness_L2.jpg,0,0,1,1,1,1,1,2,1,1.142857143,1.176311122,1.147511786,42.6621490073361,4.16319577561165,24.6977628269681
3701,image_0751_sharpness_L3.jpg,0,0,1,1,1,1,1,2,1,1.142857143,1.176311122,1.147511786,43.4581819815664,4.95472524254746,41.8355602156109
3702,image_0755_sharpness_L2.jpg,0,0,1,1,1,1,1,2,1,1.142857143,1.176311122,1.147511786,38.5304228530727,3.28644875417252,22.5809379267819
3703,image_0762_sharpness_L4.jpg,0,0,1,1,1,1,1,2,1,1.142857143,1.176311122,1.147511786,43.2070152058392,6.31825679379446,58.6418694860931
3704,image_0766_sharpness_L2.jpg,0,0,1,1,1,1,1,3,1,1.285714286,1.352622243,1.295023571,35.5994911137086,2.97755886557881,21.6542376228938
3705,image_0766_sharpness_L3.jpg,0,0,1,1,1,1,2,4,1,1.571428571,1.703137227,1.63588894,36.1407306529804,3.77327395799163,33.8132831640534
3706,image_0773_sharpness_L2.jpg,0,0,1,1,1,1,1,1,1,1,1,1,43.4581819815664,5.16000326086805,31.9536521013783
3707,image_0775_sharpness_L1.jpg,0,1,1,1,1,1,1,1,1,1,1,1,43.4581760488021,4.13893256741,22.0865183279111
3708,image_0780_sharpness_L3.jpg,0,0,1,1,1,1,1,4,1,1.428571429,1.528933365,1.442535357,35.5047761566485,4.5870162971104,36.3488621555902
3709,image_0783_sharpness_L4.jpg,0,0,1,1,1,1,2,4,1,1.571428571,1.703137227,1.63588894,48.3955793041843,5.0807227190313,54.1695926210323
3710,image_0789_sharpness_L1.jpg,0,1,1,1,1,1,1,1,1,1,1,1,43.4581819815664,5.43673987178471,24.7240386574115
3711,image_0793_sharpness_L1.jpg,0,1,1,1,1,1,1,1,1,1,1,1,43.4581819815733,5.90578543971968,17.9492878273431
3712,image_0796_sharpness_L4.jpg,0,0,1,1,1,1,2,4,1,1.571428571,1.703137227,1.63588894,50.4530521765099,5.06870927243141,54.2112984029366
3713,image_0799_sharpness_L2.jpg,0,0,1,1,1,1,1,4,1,1.428571429,1.528933365,1.442535357,33.4795897912906,3.74369464460008,18.4878223960817
3714,image_0799_sharpness_L3.jpg,0,0,1,1,1,1,2,4,1,1.571428571,1.703137227,1.63588894,37.8331613290617,4.59483667981292,32.5121962153303
3715,image_0802_sharpness_L3.jpg,0,0,1,1,1,1,1,3,1,1.285714286,1.352622243,1.295023571,43.4448399925069,6.46417630554698,34.8142011267251
3716,image_0803_sharpness_L3.jpg,0,0,1,1,1,1,1,2,1,1.142857143,1.176311122,1.147511786,43.4581819762811,5.71071996405586,39.5435557284024
3717,image_0803_sharpness_L4.jpg,0,0,1,1,1,1,2,4,1,1.571428571,1.703137227,1.63588894,45.6753912656942,6.14938917619366,55.6056518182673
3718,image_0806_sharpness_L2.jpg,0,0,1,1,1,1,1,2,1,1.142857143,1.176311122,1.147511786,43.4581819815664,5.27927815337461,26.6535053323714
3719,image_0809_sharpness_L2.jpg,0,0,1,1,1,1,2,4,1,1.571428571,1.703137227,1.63588894,36.105467933023,3.43691201210156,19.6544841301923
3720,image_0811_sharpness_L4.jpg,0,0,1,1,1,1,3,4,1,1.714285714,1.877341089,1.829242523,48.7440369387465,4.80036966706661,60.9761299528659
3721,image_0817_sharpness_L2.jpg,0,0,1,1,1,1,1,1,1,1,1,1,43.4577716992521,4.1745071269288,24.4267993085767
3722,image_0818_sharpness_L3.jpg,0,0,1,1,1,1,1,2,1,1.142857143,1.176311122,1.147511786,43.4581819815664,5.69766270358595,38.692379254154
3723,image_0820_sharpness_L4.jpg,0,0,1,1,1,1,2,4,1,1.571428571,1.703137227,1.63588894,47.6308782001653,4.83635146699605,53.4981213358396
3724,image_0821_sharpness_L1.jpg,0,1,1,1,1,1,1,1,1,1,1,1,40.8429068086886,3.92485941391183,17.5802911202992
3725,image_0821_sharpness_L3.jpg,0,0,1,1,1,1,1,3,1,1.285714286,1.352622243,1.295023571,38.6417507970951,4.88698233545338,34.4730240621039
3726,image_0822_sharpness_L4.jpg,0,0,1,1,1,1,2,4,1,1.571428571,1.703137227,1.63588894,47.3685326670989,5.4634723727006,54.3099639776439
3727,image_0823_sharpness_L2.jpg,0,0,1,1,1,1,1,1,1,1,1,1,43.4581819815664,6.64781867659635,31.8628857061929
3728,image_0825_sharpness_L2.jpg,0,0,1,1,1,1,1,1,1,1,1,1,43.4581819815664,6.23399662210567,27.081984891895
3729,image_0828_sharpness_L4.jpg,0,0,1,1,1,1,2,3,1,1.428571429,1.526826105,1.488377154,45.7065217696399,6.34380370520186,56.9307181225854
3730,image_0834_sharpness_L1.jpg,0,1,1,1,1,1,1,1,1,1,1,1,43.4581819815664,4.75608281799346,21.7238751687664
3731,image_0834_sharpness_L3.jpg,0,0,1,1,1,1,1,3,1,1.285714286,1.352622243,1.295023571,43.4580901145714,4.99767339657385,39.7180247055212
3732,image_0835_sharpness_L4.jpg,0,0,1,1,1,1,2,4,1,1.571428571,1.703137227,1.63588894,48.9258151052348,5.61263674101333,58.8423337665992
3733,image_0836_sharpness_L3.jpg,0,0,1,1,1,1,1,3,1,1.285714286,1.352622243,1.295023571,35.2011656309592,4.7723088073588,35.3113471190458
3734,image_0837_sharpness_L2.jpg,0,0,1,1,1,1,1,1,1,1,1,1,43.4581759652149,5.00360711847401,26.8090580839558
3735,image_0839_sharpness_L3.jpg,0,0,1,1,1,1,1,4,1,1.428571429,1.528933365,1.442535357,33.6104748321946,4.53475248871727,33.6747376642405
3736,image_0839_sharpness_L4.jpg,0,0,1,1,1,1,2,4,1,1.571428571,1.703137227,1.63588894,48.9338398831173,5.01112579192788,55.5295823583973
3737,image_0842_sharpness_L1.jpg,0,1,1,1,1,1,1,1,1,1,1,1,43.4543262202073,3.81418338133753,17.2991693732319
3738,image_0849_sharpness_L2.jpg,0,0,1,1,1,1,1,1,1,1,1,1,43.4581819815773,6.82823617171955,20.7413483218806
3739,image_0853_sharpness_L1.jpg,0,1,1,1,1,1,1,1,1,1,1,1,43.4581819815664,6.31157202500233,25.1739492158828
3740,image_0857_sharpness_L2.jpg,0,0,1,1,1,1,1,1,1,1,1,1,43.4581819815664,5.87723218963682,37.823010134065
3741,image_0858_sharpness_L3.jpg,0,0,1,1,1,1,1,3,1,1.285714286,1.352622243,1.295023571,43.43031526198,4.99071491365651,38.8274973928736
3742,image_0861_sharpness_L4.jpg,0,0,1,1,1,1,2,3,1,1.428571429,1.526826105,1.488377154,45.3465139599177,6.29357620028694,55.8409867354795
3743,image_0862_sharpness_L2.jpg,0,0,1,1,1,1,1,1,1,1,1,1,43.4581819815664,6.20588757158839,27.5228567810572
3744,image_0863_sharpness_L4.jpg,0,0,1,1,1,1,1,3,1,1.285714286,1.352622243,1.295023571,43.7013493778739,6.65758185541295,49.5640399555684
3745,image_0864_sharpness_L2.jpg,0,0,1,1,1,1,1,1,1,1,1,1,43.4581819815664,6.61170600087983,32.5267624281227
3746,image_0869_sharpness_L1.jpg,0,1,1,1,1,1,1,1,1,1,1,1,43.4581819815665,5.55941146521208,21.2798625693574
3747,image_0873_sharpness_L1.jpg,0,1,1,1,1,1,1,1,1,1,1,1,43.4465374226559,4.13894595161652,17.6531787100263
3748,image_0873_sharpness_L2.jpg,0,0,1,1,1,1,1,2,1,1.142857143,1.176311122,1.147511786,41.2863110242809,3.98221309912365,19.4278032509188
3749,image_0876_sharpness_L4.jpg,0,0,1,1,1,1,2,4,1,1.571428571,1.703137227,1.63588894,46.4942538524571,6.11329423444081,74.6761350816722
3750,image_0877_sharpness_L4.jpg,0,0,1,1,1,1,1,2,1,1.142857143,1.176311122,1.147511786,42.9676352710697,6.23122559813258,52.1412492857051
3751,image_0881_sharpness_L3.jpg,0,0,1,1,1,1,1,3,1,1.285714286,1.352622243,1.295023571,29.9451624316848,4.15081333066673,28.6308037114505
3752,image_0882_sharpness_L4.jpg,0,0,1,1,1,1,2,4,1,1.571428571,1.703137227,1.63588894,49.2126359562671,5.04736262554499,55.3185831486896
3753,image_0889_sharpness_L1.jpg,0,1,1,1,1,1,1,4,1,1.428571429,1.528933365,1.442535357,36.0823017048545,4.15915478846494,13.8791493160461
3754,image_0889_sharpness_L4.jpg,0,0,1,1,1,1,3,4,1,1.714285714,1.877341089,1.829242523,54.2047255093363,5.61919728960028,67.0138735113845
3755,image_0893_sharpness_L2.jpg,0,0,1,1,1,1,1,2,1,1.142857143,1.176311122,1.147511786,24.6624909974566,3.18290156670081,30.3010782592068
3756,image_0893_sharpness_L3.jpg,0,0,1,1,1,1,1,3,1,1.285714286,1.352622243,1.295023571,40.3941633389507,4.02811762088771,42.1133157610802
3757,image_0900_sharpness_L3.jpg,0,0,1,1,1,1,1,2,1,1.142857143,1.176311122,1.147511786,43.4563759457225,5.05949390492995,37.6768894096168
3758,image_0900_sharpness_L4.jpg,0,0,1,1,1,1,2,3,1,1.428571429,1.526826105,1.488377154,46.3867597567954,5.63596199596452,53.4718483087883
3759,image_0901_sharpness_L2.jpg,0,0,1,1,1,1,1,2,1,1.142857143,1.176311122,1.147511786,43.4581770681089,5.4056133201456,26.4410512334251
3760,image_0910_sharpness_L3.jpg,0,0,1,1,1,1,1,1,1,1,1,1,43.4581819815664,6.24923345643784,43.9208055254702
3761,image_0910_sharpness_L4.jpg,0,0,1,1,1,1,1,2,1,1.142857143,1.176311122,1.147511786,43.3797523707429,6.7145664793198,56.1613113964504
3762,image_0919_sharpness_L1.jpg,1,1,1,1,1,1,1,1,1,1,1,1,43.4581822285326,4.14228820043666,20.3495846127776
3763,image_0919_sharpness_L4.jpg,1,0,1,1,1,1,2,3,1,1.428571429,1.526826105,1.488377154,46.8530750282871,5.85717456678316,51.0371285963253
3764,image_0921_sharpness_L1.jpg,1,1,1,1,1,1,1,1,1,1,1,1,43.4581821083665,4.97686288733614,22.0290085600669
3765,image_0922_sharpness_L3.jpg,0,0,1,1,1,1,1,2,1,1.142857143,1.176311122,1.147511786,43.4581819815635,5.82966510262539,47.8907385484249
3766,image_0930_sharpness_L3.jpg,0,0,1,1,1,1,1,4,1,1.428571429,1.528933365,1.442535357,36.990990827705,4.51678405074615,33.1678587567852
3767,image_0932_sharpness_L4.jpg,0,0,1,1,1,1,2,4,1,1.571428571,1.703137227,1.63588894,52.1923851787922,5.03419284306131,49.7349982850571
3768,image_0933_sharpness_L4.jpg,0,0,1,1,1,1,3,4,1,1.714285714,1.877341089,1.829242523,48.8300568836917,4.74178232725545,52.035802620347
3769,image_0934_sharpness_L3.jpg,0,0,1,1,1,1,2,4,1,1.571428571,1.703137227,1.63588894,32.0147783957424,4.41544768606631,28.572052035633
3770,image_0937_sharpness_L2.jpg,0,0,1,1,1,1,1,2,1,1.142857143,1.176311122,1.147511786,43.0065698069569,3.69029587895399,19.6598316838209
3771,image_0939_sharpness_L3.jpg,0,0,1,1,1,1,1,1,1,1,1,1,43.4581819815664,8.4164015649237,28.6891440473153
3772,image_0945_sharpness_L3.jpg,0,0,1,1,1,1,1,4,1,1.428571429,1.528933365,1.442535357,33.6983242268138,4.31128935245085,31.8958579137749
3773,image_0946_sharpness_L4.jpg,1,0,1,1,1,1,2,4,1,1.571428571,1.703137227,1.63588894,47.6250100193978,5.13651253466691,52.1159981449066
3774,image_0947_sharpness_L1.jpg,0,1,1,1,1,1,1,1,1,1,1,1,43.4581819825431,4.86200548518224,24.8413544062008
3775,image_0947_sharpness_L4.jpg,0,0,1,1,1,1,1,3,1,1.285714286,1.352622243,1.295023571,45.7312512100253,5.45942881347458,48.0001798402947
3776,image_0948_sharpness_L3.jpg,0,0,1,1,1,1,1,3,1,1.285714286,1.352622243,1.295023571,36.4011191353732,4.3691239719356,31.3313433305164
3777,image_0951_sharpness_L1.jpg,0,1,1,1,1,1,1,1,1,1,1,1,41.5766679748657,3.42644471184054,15.6760690481385
3778,image_0957_sharpness_L3.jpg,0,0,1,1,1,1,1,3,1,1.285714286,1.352622243,1.295023571,43.4581819814137,6.59592804431514,43.6358675295411
3779,image_0960_sharpness_L2.jpg,0,0,1,1,1,1,1,2,1,1.142857143,1.176311122,1.147511786,43.4581819815664,5.96293870356975,26.6249414468061
3780,image_0963_sharpness_L2.jpg,0,0,1,1,1,1,1,1,1,1,1,1,43.4581819815664,6.07672025272519,29.1767131409679
3781,image_0965_sharpness_L4.jpg,1,0,1,1,1,1,2,4,1,1.571428571,1.703137227,1.63588894,52.6900326795281,4.76243537979303,51.0173399637496
3782,image_0970_sharpness_L4.jpg,0,0,1,1,1,1,1,2,1,1.142857143,1.176311122,1.147511786,43.4503742970842,5.31686130434167,56.5566362086307
3783,image_0973_sharpness_L3.jpg,1,0,1,1,1,1,1,2,1,1.142857143,1.176311122,1.147511786,42.8883396005238,4.22153799846375,37.2188718698624
3784,image_0978_sharpness_L1.jpg,0,1,1,1,1,1,1,1,1,1,1,1,43.4581819815664,5.36115165494427,31.6392247037972
3785,image_0980_sharpness_L3.jpg,0,0,1,1,1,1,1,2,1,1.142857143,1.176311122,1.147511786,43.4567597629369,4.55689374589035,38.4986834562802
3786,image_0981_sharpness_L4.jpg,0,0,1,1,1,1,1,2,1,1.142857143,1.176311122,1.147511786,43.976025923807,5.77875486504961,60.0355011595273
3787,image_0983_sharpness_L3.jpg,0,0,1,1,1,1,1,3,1,1.285714286,1.352622243,1.295023571,33.6874759242527,4.51055412940385,36.3699491509326
3788,image_0986_sharpness_L1.jpg,0,1,1,1,1,1,1,1,1,1,1,1,43.4581819815664,5.42149188992279,24.1368365099482
3789,image_0988_sharpness_L4.jpg,0,0,1,1,1,1,1,3,1,1.285714286,1.352622243,1.295023571,43.609431003496,5.68902934160426,54.5897330083124
3790,image_0989_sharpness_L3.jpg,1,0,1,1,1,1,1,2,1,1.142857143,1.176311122,1.147511786,43.3378474349598,4.82073199227095,36.9427285282202
3791,image_0990_sharpness_L1.jpg,1,0,1,1,1,1,1,1,1,1,1,1,43.4581627974037,3.63016790737254,18.3385368407687
3792,image_0990_sharpness_L2.jpg,1,0,1,1,1,1,1,2,1,1.142857143,1.176311122,1.147511786,43.4567721421272,3.87261624993118,23.2514649119803
3793,image_0001_MIXED_L3.jpg,1,0,2,2,1,3,4,4,3,2.714285714,2.963919,2.785968439,48.0620395897493,7.63956586143795,77.7804804241163
3794,image_0001_MIXED_L4.jpg,1,0,4,2,1,4,4,4,4,3.285714286,3.556948181,3.176559604,44.5387131810944,12.6192061549345,90.0333145995531
3795,image_0004_MIXED_L1.jpg,1,1,1,2,1,2,3,4,1,2,2.172936432,2.127773108,49.6371025212812,5.50747729513245,53.3526165886918
3796,image_0005_MIXED_L1.jpg,1,1,1,2,1,2,3,4,1,2,2.172936432,2.127773108,48.3590104027059,5.55078769217651,55.321180649021
3797,image_0005_MIXED_L2.jpg,1,0,1,2,1,2,3,4,3,2.285714286,2.486073175,2.398518837,51.0893976889041,3.47443838364645,58.2613038881929
3798,image_0005_MIXED_L4.jpg,1,0,4,2,1,4,4,4,4,3.285714286,3.556948181,3.176559604,44.5395832159308,12.6272323037027,90.9451513142863
3799,image_0007_MIXED_L3.jpg,1,0,2,2,1,3,4,4,3,2.714285714,2.963919,2.785968439,48.8482708603928,7.59095277806649,77.5457191102466
3800,image_0007_MIXED_L4.jpg,1,0,4,2,1,4,4,4,4,3.285714286,3.556948181,3.176559604,44.542763729344,12.6319263351518,91.3100272847219
3801,image_0009_MIXED_L2.jpg,1,0,1,2,1,2,3,4,2,2.142857143,2.329504803,2.263145973,47.8512189406569,3.81986130856103,51.3284884594326
3802,image_0011_MIXED_L2.jpg,0,0,1,2,1,2,3,4,2,2.142857143,2.329504803,2.263145973,47.3049906524444,3.85440034736304,50.864772196277
3803,image_0012_MIXED_L1.jpg,0,1,1,2,1,2,3,4,1,2,2.172936432,2.127773108,50.7320957079012,5.32322075832665,56.9979013939754
3804,image_0013_MIXED_L1.jpg,0,1,1,2,1,1,3,4,1,1.857142857,2.002113315,1.994799371,51.5218833949025,5.42435261444939,58.7326140924289
3805,image_0013_MIXED_L2.jpg,0,0,1,2,1,1,3,4,2,2,2.158681686,2.130172235,52.0824844290207,3.89932879938903,56.0930254231482
3806,image_0013_MIXED_L3.jpg,0,0,2,2,1,3,4,4,2,2.571428571,2.807350629,2.650595575,47.3782486903683,6.86846152030127,75.8285264134556
3807,image_0013_MIXED_L4.jpg,0,0,4,2,1,4,4,4,4,3.285714286,3.556948181,3.176559604,44.5403986445146,12.6495302968004,92.9885071477449
3808,image_0014_MIXED_L4.jpg,1,0,4,2,1,4,4,4,4,3.285714286,3.556948181,3.176559604,44.5436324759395,12.6258373832145,90.4890116671295
3809,image_0015_MIXED_L1.jpg,0,1,1,2,1,2,3,4,1,2,2.172936432,2.127773108,53.0245190203543,5.21514949852143,59.5840628318756
3810,image_0015_MIXED_L3.jpg,0,0,2,2,1,3,4,4,2,2.571428571,2.807350629,2.650595575,48.2943390162144,7.22551893320803,77.0657413411715
3811,image_0016_MIXED_L1.jpg,0,1,1,2,1,1,3,4,1,1.857142857,2.002113315,1.994799371,51.4257043820476,5.44995654342084,57.4541770840524
3812,image_0016_MIXED_L2.jpg,0,0,1,2,1,2,3,4,2,2.142857143,2.329504803,2.263145973,51.1315137802476,3.83380108654801,55.7517572917916
3813,image_0017_MIXED_L2.jpg,0,0,1,2,1,2,3,4,2,2.142857143,2.329504803,2.263145973,50.2278129394113,3.85531407027542,55.2676432322991
3814,image_0020_MIXED_L1.jpg,0,1,1,2,1,1,3,4,1,1.857142857,2.002113315,1.994799371,51.6360910883625,5.18585222822142,56.1825920468102
3815,image_0020_MIXED_L3.jpg,0,0,2,2,1,3,4,4,2,2.571428571,2.807350629,2.650595575,47.5181982221762,7.26442861734919,74.8083527638577
3816,image_0022_MIXED_L1.jpg,0,1,1,2,1,1,3,4,1,1.857142857,2.002113315,1.994799371,52.2135921913731,5.16088737618452,56.981223288985
3817,image_0022_MIXED_L4.jpg,0,0,4,2,1,4,4,4,4,3.285714286,3.556948181,3.176559604,44.5428421465235,12.624397187228,92.027252430397
3818,image_0023_MIXED_L1.jpg,0,1,1,2,1,1,3,4,1,1.857142857,2.002113315,1.994799371,49.8805148820901,5.46339804756459,57.9020946704763
3819,image_0023_MIXED_L2.jpg,0,0,1,2,1,1,3,4,2,2,2.158681686,2.130172235,50.1500923473015,3.88861656819677,56.6242367390324
3820,image_0024_MIXED_L1.jpg,0,1,1,2,1,1,3,4,1,1.857142857,2.002113315,1.994799371,51.5012670274796,5.31072580837017,57.5157749475191
3821,image_0025_MIXED_L4.jpg,0,0,4,2,1,4,4,4,4,3.285714286,3.556948181,3.176559604,44.5393267733935,12.6422081500708,91.7322145753214
3822,image_0026_MIXED_L3.jpg,1,0,2,2,1,3,4,4,3,2.714285714,2.963919,2.785968439,48.2154743542786,7.02030073101517,76.6932145604936
3823,image_0027_MIXED_L3.jpg,0,0,2,2,1,3,4,4,3,2.714285714,2.963919,2.785968439,47.7384541799114,7.30341699768006,77.5519811872664
3824,image_0027_MIXED_L4.jpg,0,0,4,2,1,4,4,4,4,3.285714286,3.556948181,3.176559604,44.5398707962226,12.6273721306759,91.4505892807535
3825,image_0028_MIXED_L1.jpg,0,1,1,2,1,2,3,4,1,2,2.172936432,2.127773108,51.7332513578432,5.22754109021541,58.6677789220182
3826,image_0028_MIXED_L2.jpg,0,0,1,2,1,2,3,4,2,2.142857143,2.329504803,2.263145973,47.1932809669273,3.80212884586573,54.8731049543502
3827,image_0030_MIXED_L1.jpg,0,1,1,2,1,2,3,4,1,2,2.172936432,2.127773108,49.4849546534053,5.43347801649416,56.0490563814168
3828,image_0030_MIXED_L3.jpg,0,0,2,2,1,3,4,4,2,2.571428571,2.807350629,2.650595575,47.6460579956031,7.17101714326006,76.1690943013452
3829,image_0030_MIXED_L4.jpg,0,0,4,2,1,4,4,4,4,3.285714286,3.556948181,3.176559604,44.5407710794702,12.661692968118,90.582583327555
3830,image_0033_MIXED_L1.jpg,0,1,1,2,1,1,3,4,1,1.857142857,2.002113315,1.994799371,52.9571642135095,5.03629884422439,57.3822358637848
3831,image_0034_MIXED_L1.jpg,0,1,1,2,1,2,3,4,1,2,2.172936432,2.127773108,49.2239773904584,5.29123318929167,58.4056998155826
3832,image_0036_MIXED_L3.jpg,0,0,2,2,1,3,4,4,3,2.714285714,2.963919,2.785968439,48.5363113731597,6.65701368990016,76.7183866594282
3833,image_0037_MIXED_L2.jpg,1,0,1,2,1,2,3,4,2,2.142857143,2.329504803,2.263145973,44.7822838407016,3.76273367551453,55.9146469358341
3834,image_0038_MIXED_L1.jpg,0,1,1,2,1,1,3,4,1,1.857142857,2.002113315,1.994799371,51.2945988233755,5.14424082775924,58.1522676827184
3835,image_0038_MIXED_L3.jpg,0,0,2,2,1,3,4,4,3,2.714285714,2.963919,2.785968439,48.885042763256,6.79775065057611,74.5111028630949
3836,image_0039_MIXED_L1.jpg,1,1,1,2,1,2,3,4,1,2,2.172936432,2.127773108,49.5509713063053,5.4269293984652,58.1340560605882
3837,image_0039_MIXED_L2.jpg,1,0,1,2,1,2,3,4,2,2.142857143,2.329504803,2.263145973,45.258899321225,3.75485237001131,52.6400961786329
3838,image_0040_MIXED_L1.jpg,1,1,1,1,1,2,3,4,1,1.857142857,2.048164206,1.96221626,54.7975268865718,5.56753646362916,59.9734780592591
3839,image_0040_MIXED_L4.jpg,1,0,4,2,1,4,4,4,4,3.285714286,3.556948181,3.176559604,44.5317804908759,12.6146081037656,90.5617776796452
3840,image_0041_MIXED_L2.jpg,0,0,1,2,1,2,3,4,3,2.285714286,2.486073175,2.398518837,44.2576424431038,3.79043228539123,56.2549070100513
3841,image_0042_MIXED_L2.jpg,0,0,1,2,1,2,3,4,3,2.285714286,2.486073175,2.398518837,45.3571038717226,3.7962575520752,58.0079340995144
3842,image_0045_MIXED_L4.jpg,0,0,4,2,1,4,4,4,4,3.285714286,3.556948181,3.176559604,44.5347500596126,12.6499500663164,91.891480573004
3843,image_0046_MIXED_L2.jpg,1,0,2,2,1,3,4,4,2,2.571428571,2.807350629,2.650595575,50.2221694899844,3.59088276092034,45.9714163811572
3844,image_0046_MIXED_L4.jpg,1,0,4,2,1,4,4,4,4,3.285714286,3.556948181,3.176559604,44.54138722765,12.6168214384389,90.5009332577842
3845,image_0048_MIXED_L1.jpg,0,1,1,2,1,1,2,3,1,1.571428571,1.651598331,1.653934002,46.9206323382039,5.56228123319065,54.0899580800423
3846,image_0049_MIXED_L2.jpg,0,0,1,2,1,1,3,4,2,2,2.158681686,2.130172235,47.8750216212758,3.84368233912085,56.6562442170964
3847,image_0049_MIXED_L3.jpg,0,0,2,2,1,3,4,4,2,2.571428571,2.807350629,2.650595575,48.0535605001348,7.20100061032174,75.5011173142657
3848,image_0050_MIXED_L1.jpg,0,1,1,2,1,2,3,4,1,2,2.172936432,2.127773108,49.8387308719337,5.83678441816427,56.0702470264345
3849,image_0050_MIXED_L4.jpg,0,0,4,2,1,4,4,4,4,3.285714286,3.556948181,3.176559604,44.540899595943,12.6097225443457,91.1796301837173
3850,image_0051_MIXED_L1.jpg,0,1,1,2,1,2,3,4,1,2,2.172936432,2.127773108,50.7369535370829,5.40732365878813,55.6167075077014
3851,image_0051_MIXED_L4.jpg,0,0,4,2,1,4,4,4,4,3.285714286,3.556948181,3.176559604,44.5394384563514,12.6150198371882,94.5604952351488
3852,image_0052_MIXED_L3.jpg,1,0,2,2,1,3,4,4,4,2.857142857,3.120487371,2.921341303,48.4820728251881,7.15565246858379,75.5471884048117
3853,image_0055_MIXED_L3.jpg,0,0,2,2,1,3,4,4,3,2.714285714,2.963919,2.785968439,48.389989031595,7.25629506938221,76.9438837090261
3854,image_0055_MIXED_L4.jpg,0,0,4,2,1,4,4,4,4,3.285714286,3.556948181,3.176559604,44.5399211887711,12.6233999641323,90.7581628587144
3855,image_0057_MIXED_L3.jpg,0,0,2,2,1,3,4,4,3,2.714285714,2.963919,2.785968439,48.4830758697677,7.51456502986469,76.702977335107
3856,image_0057_MIXED_L4.jpg,0,0,4,2,1,4,4,4,4,3.285714286,3.556948181,3.176559604,44.5415481215317,12.5852916814388,90.5826518037253
3857,image_0058_MIXED_L4.jpg,0,0,4,2,1,4,4,4,4,3.285714286,3.556948181,3.176559604,44.5403572903007,12.6082389230351,90.1286532876863
3858,image_0059_MIXED_L1.jpg,0,1,1,2,1,1,3,4,1,1.857142857,2.002113315,1.994799371,53.5046374511927,5.19038153199207,56.6741394840883
3859,image_0059_MIXED_L4.jpg,0,0,4,2,1,4,4,4,4,3.285714286,3.556948181,3.176559604,44.5395929787516,12.6108984755141,90.0625613297899
3860,image_0060_MIXED_L1.jpg,0,0,1,2,1,1,2,4,1,1.714285714,1.827909453,1.801445788,47.7212176443443,5.39384828041909,57.6574689987416
3861,image_0060_MIXED_L2.jpg,0,0,1,2,1,2,3,4,2,2.142857143,2.329504803,2.263145973,48.0641587921292,3.84299775469245,56.2136236384826
3862,image_0060_MIXED_L3.jpg,0,0,2,2,1,3,4,4,3,2.714285714,2.963919,2.785968439,47.9857184226659,6.71341814978271,75.4759726347435
3863,image_0063_MIXED_L1.jpg,0,1,1,2,1,1,3,4,1,1.857142857,2.002113315,1.994799371,50.9047206877718,5.45338408875983,58.6907227356648
3864,image_0063_MIXED_L4.jpg,0,0,4,2,1,4,4,4,4,3.285714286,3.556948181,3.176559604,44.5362992543338,12.6448316046265,90.777726117148
3865,image_0064_MIXED_L1.jpg,0,1,1,2,1,1,3,4,1,1.857142857,2.002113315,1.994799371,50.6341835828755,5.44774193472009,57.415081935197
3866,image_0064_MIXED_L4.jpg,0,0,4,2,1,4,4,4,4,3.285714286,3.556948181,3.176559604,44.5392976257597,12.6432087350913,93.2229161244663
3867,image_0065_MIXED_L3.jpg,0,0,2,2,1,3,4,4,3,2.714285714,2.963919,2.785968439,48.0733006662908,6.7872198515811,76.6597802792383
3868,image_0066_MIXED_L2.jpg,0,0,1,2,1,1,3,4,2,2,2.158681686,2.130172235,50.8522552610644,3.62755038363915,54.1763313906319
3869,image_0067_MIXED_L4.jpg,0,0,4,2,1,4,4,4,4,3.285714286,3.556948181,3.176559604,44.5399502791237,12.6233071711039,90.7756933926902
3870,image_0068_MIXED_L2.jpg,1,0,1,2,1,3,3,4,2,2.285714286,2.50032792,2.39611971,51.5242408244478,3.52172800683861,47.2471219900091
3871,image_0069_MIXED_L2.jpg,0,0,1,2,1,2,3,4,2,2.142857143,2.329504803,2.263145973,46.94544616476,3.80221646835493,54.6597114997901
3872,image_0069_MIXED_L4.jpg,0,0,4,2,1,4,4,4,4,3.285714286,3.556948181,3.176559604,44.5365739514966,12.6554749634873,90.8888794303405
3873,image_0070_MIXED_L2.jpg,0,0,1,2,1,1,3,4,2,2,2.158681686,2.130172235,50.5365418661941,4.07391409016009,59.6042215929674
3874,image_0070_MIXED_L4.jpg,0,0,4,2,1,4,4,4,4,3.285714286,3.556948181,3.176559604,44.5422423331235,12.6808672988522,92.9967688480264
3875,image_0072_MIXED_L1.jpg,0,1,1,2,1,1,3,4,1,1.857142857,2.002113315,1.994799371,50.5915084319685,5.48351872741097,58.1229785164067
3876,image_0073_MIXED_L1.jpg,0,1,1,2,1,2,3,4,1,2,2.172936432,2.127773108,52.245945904843,5.40824459509211,57.9858489775271
3877,image_0073_MIXED_L2.jpg,0,0,1,2,1,3,3,4,2,2.285714286,2.50032792,2.39611971,50.632101681417,3.55230254158988,49.4973590641632
3878,image_0073_MIXED_L3.jpg,0,0,2,2,1,3,4,4,3,2.714285714,2.963919,2.785968439,48.5731364243294,6.5603763139617,76.4767476849492
3879,image_0074_MIXED_L1.jpg,0,1,1,2,1,1,2,4,1,1.714285714,1.827909453,1.801445788,47.7243961675997,5.74784378362204,59.3259998820256
3880,image_0074_MIXED_L2.jpg,0,0,1,2,1,1,3,4,3,2.142857143,2.315250058,2.265545099,52.0381096338208,3.87961844119276,60.0370975003339
3881,image_0075_MIXED_L1.jpg,0,1,1,2,1,1,2,3,1,1.571428571,1.651598331,1.653934002,46.2638806854214,5.69818542211059,56.873591981457
3882,image_0075_MIXED_L3.jpg,0,0,2,2,1,3,4,4,2,2.571428571,2.807350629,2.650595575,45.9799251423557,6.91332771466886,75.421177506492
3883,image_0076_MIXED_L2.jpg,1,0,1,2,1,2,3,4,2,2.142857143,2.329504803,2.263145973,48.7712826367914,3.85927087666274,55.1256264001048
3884,image_0076_MIXED_L4.jpg,1,0,4,2,1,4,4,4,4,3.285714286,3.556948181,3.176559604,44.5339901373109,12.6542718016247,90.6624315225493
3885,image_0077_MIXED_L1.jpg,0,1,1,2,1,1,2,3,1,1.571428571,1.651598331,1.653934002,46.4079740759649,5.6717501864525,59.1016465579707
3886,image_0077_MIXED_L2.jpg,0,0,1,2,1,2,3,4,2,2.142857143,2.329504803,2.263145973,49.8819643517488,3.88810342476758,58.8979539710253
3887,image_0077_MIXED_L4.jpg,0,0,4,2,1,4,4,4,4,3.285714286,3.556948181,3.176559604,44.5317450544632,12.6822863018145,92.0167061452749
3888,image_0079_MIXED_L1.jpg,1,1,1,2,1,1,2,3,1,1.571428571,1.651598331,1.653934002,45.8050502938986,5.70901271291453,58.7033445063477
3889,image_0079_MIXED_L3.jpg,1,0,2,2,1,3,4,4,3,2.714285714,2.963919,2.785968439,45.8982442610788,6.5534085043684,75.3921838212207
3890,image_0079_MIXED_L4.jpg,1,0,4,2,1,4,4,4,4,3.285714286,3.556948181,3.176559604,44.5312284141692,12.6752361119737,93.2314565935023
3891,image_0080_MIXED_L2.jpg,0,0,1,2,1,1,3,4,2,2,2.158681686,2.130172235,46.8811506442044,3.88031422277596,56.8865603067671
3892,image_0082_MIXED_L4.jpg,0,0,4,2,1,4,4,4,4,3.285714286,3.556948181,3.176559604,44.5322775056816,12.6425731625524,91.8461661445131
3893,image_0083_MIXED_L2.jpg,0,0,1,2,1,2,3,4,2,2.142857143,2.329504803,2.263145973,50.6225392064953,3.45047645591268,49.7189019895844
3894,image_0083_MIXED_L4.jpg,0,0,4,2,1,4,4,4,4,3.285714286,3.556948181,3.176559604,44.5346242502823,12.598233841601,90.4223778438641
3895,image_0084_MIXED_L2.jpg,0,0,1,2,1,2,3,4,2,2.142857143,2.329504803,2.263145973,45.8272945926512,3.76386738630505,53.2512531085912
3896,image_0085_MIXED_L2.jpg,0,0,1,2,1,1,3,4,2,2,2.158681686,2.130172235,48.906535330002,3.65669658784426,56.1913693949416
3897,image_0086_MIXED_L1.jpg,0,1,1,2,1,1,2,4,1,1.714285714,1.827909453,1.801445788,50.6632717714256,5.7756149260896,58.3031543312968
3898,image_0086_MIXED_L2.jpg,0,0,1,2,1,1,3,4,2,2,2.158681686,2.130172235,52.0805598612326,3.91726868102288,59.6608672423585
3899,image_0087_MIXED_L2.jpg,0,0,1,2,1,1,3,4,2,2,2.158681686,2.130172235,52.1061751152799,3.94069715984467,59.6537864853158
3900,image_0087_MIXED_L3.jpg,0,0,2,2,1,4,4,4,1,2.571428571,2.821605374,2.648196448,44.717112430423,7.11157740699492,74.2364440818802
3901,image_0090_MIXED_L1.jpg,0,1,1,2,1,1,3,4,1,1.857142857,2.002113315,1.994799371,51.2708906634481,5.21981588668917,55.864559067288
3902,image_0090_MIXED_L2.jpg,0,0,1,2,1,1,3,4,2,2,2.158681686,2.130172235,48.6636364015174,3.81589739227704,57.0180248232748
3903,image_0091_MIXED_L2.jpg,0,0,1,2,1,2,3,4,2,2.142857143,2.329504803,2.263145973,51.6002491149723,3.40777470478015,52.0255177795006
3904,image_0092_MIXED_L1.jpg,0,1,1,2,1,2,3,4,1,2,2.172936432,2.127773108,52.6389429607513,5.68805484260515,57.2137417860965
3905,image_0094_MIXED_L3.jpg,0,0,2,2,1,3,4,4,3,2.714285714,2.963919,2.785968439,47.0286153479986,6.55571813741766,76.1460285984774
3906,image_0094_MIXED_L4.jpg,0,0,4,2,1,4,4,4,4,3.285714286,3.556948181,3.176559604,44.5371504232196,12.6235171784262,91.4508399320046
3907,image_0095_MIXED_L3.jpg,0,0,2,2,1,3,4,4,3,2.714285714,2.963919,2.785968439,47.503905170762,6.83852927600529,75.1084081945278
3908,image_0095_MIXED_L4.jpg,0,0,4,2,1,4,4,4,4,3.285714286,3.556948181,3.176559604,44.5371042027404,12.6165930249033,90.7725461424847
3909,image_0096_MIXED_L1.jpg,0,1,1,2,1,1,3,4,1,1.857142857,2.002113315,1.994799371,51.1410385978592,5.23824629642041,56.6743269501179
3910,image_0097_MIXED_L3.jpg,0,0,2,2,1,3,4,4,2,2.571428571,2.807350629,2.650595575,47.5187117018246,6.67363372795899,75.7358732742237
3911,image_0097_MIXED_L4.jpg,0,0,4,2,1,4,4,4,4,3.285714286,3.556948181,3.176559604,44.540216307747,12.6066330141691,90.99263978399
3912,image_0099_MIXED_L1.jpg,0,1,1,2,1,1,3,4,1,1.857142857,2.002113315,1.994799371,52.3101416995261,5.18306157649251,57.5265584811361
3913,image_0100_MIXED_L2.jpg,0,0,1,2,1,1,3,4,2,2,2.158681686,2.130172235,48.7009687863889,3.75699583438238,57.4382091074665
3914,image_0103_MIXED_L2.jpg,0,0,1,2,1,2,3,4,2,2.142857143,2.329504803,2.263145973,52.4582448418077,3.85223138216918,58.9641616873514
3915,image_0104_MIXED_L4.jpg,0,0,4,2,1,4,4,4,4,3.285714286,3.556948181,3.176559604,44.5357570147469,12.6695123447751,91.8402509353176
3916,image_0105_MIXED_L2.jpg,0,0,1,2,1,1,3,4,2,2,2.158681686,2.130172235,50.6550326887905,3.79987959457612,56.7709553624752
3917,image_0107_MIXED_L1.jpg,0,1,1,2,1,2,3,4,1,2,2.172936432,2.127773108,52.7828260967574,5.15417164469945,56.6243589877434
3918,image_0108_MIXED_L2.jpg,0,0,1,2,1,2,3,4,2,2.142857143,2.329504803,2.263145973,48.5260842626738,3.70878115815051,47.0955333038282
3919,image_0108_MIXED_L4.jpg,0,0,4,2,1,4,4,4,4,3.285714286,3.556948181,3.176559604,44.5352262886427,12.6212797843023,90.9270797227695
3920,image_0110_MIXED_L3.jpg,0,0,2,2,1,3,4,4,3,2.714285714,2.963919,2.785968439,47.8304792802185,7.20133070101115,75.4789638028707
3921,image_0112_MIXED_L1.jpg,1,1,1,2,1,1,3,4,1,1.857142857,2.002113315,1.994799371,53.4690904824478,5.19839771751708,57.7017611400786
3922,image_0112_MIXED_L3.jpg,1,0,2,2,1,3,4,4,3,2.714285714,2.963919,2.785968439,47.6757529548352,6.86094452118086,75.568584965479
3923,image_0112_MIXED_L4.jpg,1,0,4,2,1,4,4,4,4,3.285714286,3.556948181,3.176559604,44.5362436869116,12.5981921534755,90.0386617319911
3924,image_0113_MIXED_L2.jpg,0,0,1,2,1,2,3,4,2,2.142857143,2.329504803,2.263145973,51.3244391800175,3.44964255798163,47.8494557000719
3925,image_0116_MIXED_L3.jpg,1,0,2,2,1,3,4,4,3,2.714285714,2.963919,2.785968439,48.2293211376214,6.86308082756714,77.6546197411253
3926,image_0118_MIXED_L2.jpg,0,0,1,2,1,1,3,4,3,2.142857143,2.315250058,2.265545099,52.2601225319643,3.76996892837008,61.7132430436846
3927,image_0119_MIXED_L1.jpg,1,1,1,2,1,2,3,4,1,2,2.172936432,2.127773108,52.0631984768422,5.64237030292457,59.7736574457658
3928,image_0119_MIXED_L3.jpg,1,0,2,2,1,3,4,4,3,2.714285714,2.963919,2.785968439,48.2748134263632,6.78382294724133,77.2242480087543
3929,image_0121_MIXED_L1.jpg,0,1,1,2,1,2,2,4,1,1.857142857,1.99873257,1.934419526,48.0493064216996,5.8754380835777,59.3951980265436
3930,image_0121_MIXED_L4.jpg,0,0,4,2,1,4,4,4,4,3.285714286,3.556948181,3.176559604,44.5335581926291,12.696292130146,100
3931,image_0122_MIXED_L3.jpg,1,0,2,2,1,3,4,4,2,2.571428571,2.807350629,2.650595575,44.5267027053142,7.10053041897014,76.8114914961255
3932,image_0122_MIXED_L4.jpg,1,0,4,2,1,4,4,4,4,3.285714286,3.556948181,3.176559604,44.5367879603725,12.7123520720458,92.7396879134342
3933,image_0124_MIXED_L2.jpg,1,0,1,2,1,2,3,4,3,2.285714286,2.486073175,2.398518837,44.2307726075716,3.73771262010697,59.8568080953194
3934,image_0125_MIXED_L2.jpg,1,0,1,2,1,3,3,4,3,2.428571429,2.656896292,2.531492574,53.2991586812813,3.48594371593012,49.242283627134
3935,image_0127_MIXED_L4.jpg,0,0,4,2,1,4,4,4,4,3.285714286,3.556948181,3.176559604,44.6108953980182,12.5558677944039,89.7695040154043
3936,image_0128_MIXED_L1.jpg,1,1,1,2,1,2,3,4,1,2,2.172936432,2.127773108,51.938005232552,5.78101864153976,56.9250887553945
3937,image_0130_MIXED_L2.jpg,1,0,1,2,1,1,3,4,3,2.142857143,2.315250058,2.265545099,46.101525337829,3.74329017270765,56.9389194743132
3938,image_0130_MIXED_L3.jpg,1,0,2,2,1,3,4,4,2,2.571428571,2.807350629,2.650595575,47.7980639437424,7.32717305587608,76.7537132009755
3939,image_0131_MIXED_L1.jpg,0,1,1,2,1,2,2,4,1,1.857142857,1.99873257,1.934419526,47.6088982983598,5.97823241536572,55.3406814867949
3940,image_0131_MIXED_L2.jpg,0,0,1,2,1,2,3,4,3,2.285714286,2.486073175,2.398518837,44.3738423881906,3.77629816389344,56.393855988826
3941,image_0132_MIXED_L1.jpg,1,1,1,2,1,2,3,4,1,2,2.172936432,2.127773108,50.6722911569515,5.92092133948398,56.0925956309611
3942,image_0133_MIXED_L3.jpg,0,0,2,2,1,3,4,4,3,2.714285714,2.963919,2.785968439,47.8855332925005,7.68564831823337,77.9889555235805
3943,image_0134_MIXED_L3.jpg,1,0,3,2,1,4,4,4,4,3.142857143,3.424129335,3.115437322,48.3332699113056,6.91829449453355,73.1980689418183
3944,image_0135_MIXED_L4.jpg,0,0,4,2,1,4,4,4,4,3.285714286,3.556948181,3.176559604,44.5365634810425,12.6449619855452,91.066220218977
3945,image_0136_MIXED_L2.jpg,0,0,1,2,1,1,3,4,3,2.142857143,2.315250058,2.265545099,52.9735123068688,3.92186671606233,61.2430337818171
3946,image_0136_MIXED_L4.jpg,0,0,4,2,1,4,4,4,4,3.285714286,3.556948181,3.176559604,44.5410301009332,12.6665417473197,94.9113832069626
3947,image_0137_MIXED_L1.jpg,0,1,1,2,1,2,2,4,1,1.857142857,1.99873257,1.934419526,47.9458037014173,6.02957981998372,57.3199729505918
3948,image_0137_MIXED_L3.jpg,0,0,2,2,1,3,4,4,2,2.571428571,2.807350629,2.650595575,46.9222000433591,7.55338179760516,76.1913788906402
3949,image_0137_MIXED_L4.jpg,0,0,4,2,1,4,4,4,4,3.285714286,3.556948181,3.176559604,44.5403947616879,12.6659729950956,92.9886293559193
3950,image_0138_MIXED_L3.jpg,0,0,2,2,1,3,4,4,2,2.571428571,2.807350629,2.650595575,46.896796513464,7.55818465160913,76.2868953017716
3951,image_0139_MIXED_L1.jpg,1,1,1,2,1,2,2,4,1,1.857142857,1.99873257,1.934419526,48.7658154633244,5.89945004209796,55.2368302241562
3952,image_0139_MIXED_L3.jpg,1,0,2,2,1,3,4,4,2,2.571428571,2.807350629,2.650595575,47.6937857735992,7.41068727700384,76.5627079784847
3953,image_0140_MIXED_L4.jpg,1,0,4,2,1,4,4,4,4,3.285714286,3.556948181,3.176559604,44.5421845560918,12.6472544865002,90.5743106093876
3954,image_0141_MIXED_L2.jpg,1,0,1,2,1,1,3,4,2,2,2.158681686,2.130172235,50.9040443541945,3.59446873127744,59.6661828266596
3955,image_0144_MIXED_L3.jpg,1,0,2,2,1,3,4,4,2,2.571428571,2.807350629,2.650595575,46.4396658429841,7.38543655030929,76.761561796575
3956,image_0146_MIXED_L2.jpg,0,0,1,2,1,2,3,4,3,2.285714286,2.486073175,2.398518837,45.1438702891056,3.70995427688754,56.2492652155209
3957,image_0146_MIXED_L4.jpg,0,0,4,2,1,4,4,4,4,3.285714286,3.556948181,3.176559604,44.5407631397857,12.6478840314713,91.8519228862368
3958,image_0148_MIXED_L4.jpg,1,0,4,2,1,4,4,4,4,3.285714286,3.556948181,3.176559604,44.5326926340306,12.6375132167514,90.059625371376
3959,image_0149_MIXED_L1.jpg,0,1,1,2,1,1,3,4,1,1.857142857,2.002113315,1.994799371,48.6413970345444,5.19758739602557,52.9566795189476
3960,image_0149_MIXED_L3.jpg,0,0,2,2,1,4,4,4,2,2.714285714,2.978173746,2.783569312,47.5194600624523,7.39086296822721,75.7492196454626
3961,image_0150_MIXED_L1.jpg,0,1,1,2,1,2,3,4,1,2,2.172936432,2.127773108,53.7054895013229,5.37949815964693,55.3232795451361
3962,image_0150_MIXED_L2.jpg,0,0,1,2,1,3,3,4,3,2.428571429,2.656896292,2.531492574,46.8275870177102,3.50621799019967,47.7366722184986
3963,image_0150_MIXED_L4.jpg,0,0,4,2,1,4,4,4,4,3.285714286,3.556948181,3.176559604,44.5367188010497,12.6234159809291,91.17609886904
3964,image_0151_MIXED_L3.jpg,0,0,2,2,1,3,4,4,2,2.571428571,2.807350629,2.650595575,47.3050415556447,7.32479897563883,76.7595995247039
3965,image_0152_MIXED_L1.jpg,0,1,1,2,1,1,3,4,1,1.857142857,2.002113315,1.994799371,48.9922873427522,5.38862816363025,55.4418389866922
3966,image_0153_MIXED_L3.jpg,0,0,2,2,1,3,4,4,2,2.571428571,2.807350629,2.650595575,47.7383544246364,7.01909241713609,77.0824944860284
3967,image_0154_MIXED_L4.jpg,0,0,4,2,1,4,4,4,4,3.285714286,3.556948181,3.176559604,44.5427363212437,12.6724460039416,100
3968,image_0156_MIXED_L1.jpg,0,1,1,2,1,1,2,4,1,1.714285714,1.827909453,1.801445788,46.7112768861063,5.51385433465857,52.2834255049046
3969,image_0158_MIXED_L1.jpg,0,1,1,2,1,1,2,4,1,1.714285714,1.827909453,1.801445788,48.2255064118858,5.30661121809087,54.6636087608529
3970,image_0158_MIXED_L2.jpg,0,0,1,2,1,1,3,4,2,2,2.158681686,2.130172235,48.4673987070064,3.71874579389873,57.9333047161553
3971,image_0159_MIXED_L3.jpg,0,0,2,2,1,3,4,4,3,2.714285714,2.963919,2.785968439,48.5133230484155,7.16116554788299,75.9117891747316
3972,image_0159_MIXED_L4.jpg,0,0,4,2,1,4,4,4,4,3.285714286,3.556948181,3.176559604,44.5370219765335,12.6144223715225,90.1498083292861
3973,image_0161_MIXED_L2.jpg,1,0,1,2,1,1,3,4,2,2,2.158681686,2.130172235,46.9170067597635,3.82025103776755,56.1800150122598
3974,image_0161_MIXED_L4.jpg,1,0,4,2,1,4,4,4,4,3.285714286,3.556948181,3.176559604,44.5378541687764,12.6128763454488,90.7614613867943
3975,image_0162_MIXED_L1.jpg,1,1,1,2,1,2,3,4,1,2,2.172936432,2.127773108,48.5015199480696,5.45443453633054,55.3603851567338
3976,image_0162_MIXED_L2.jpg,1,0,1,2,1,2,3,4,3,2.285714286,2.486073175,2.398518837,51.128412541472,3.38560075657623,53.0972883279589
3977,image_0164_MIXED_L1.jpg,1,1,1,2,1,1,3,4,1,1.857142857,2.002113315,1.994799371,48.560666925809,5.37761061088904,57.7863415243298
3978,image_0166_MIXED_L2.jpg,0,0,1,2,1,1,3,4,2,2,2.158681686,2.130172235,49.334018305951,4.07583716418983,59.4015355612813
3979,image_0167_MIXED_L2.jpg,1,0,1,2,1,1,3,4,3,2.142857143,2.315250058,2.265545099,49.2467585189658,3.57257969394612,55.6030591501532
3980,image_0167_MIXED_L4.jpg,1,0,4,2,1,4,4,4,4,3.285714286,3.556948181,3.176559604,44.5383598955374,12.6245678743979,90.2521496351213
3981,image_0169_MIXED_L1.jpg,1,0,1,2,1,2,3,4,1,2,2.172936432,2.127773108,50.8421919929089,5.46723089838982,54.3479013710317
3982,image_0169_MIXED_L4.jpg,1,0,4,2,1,4,4,4,4,3.285714286,3.556948181,3.176559604,44.5428017417341,12.5827982537284,90.1878943354678
3983,image_0170_MIXED_L4.jpg,1,0,4,2,1,4,4,4,4,3.285714286,3.556948181,3.176559604,44.540593240298,12.6300390639943,91.0582597133814
3984,image_0171_MIXED_L3.jpg,1,0,2,2,1,3,4,4,3,2.714285714,2.963919,2.785968439,48.818133818897,6.65704506652173,76.8729508253948
3985,image_0172_MIXED_L1.jpg,1,0,1,2,1,1,2,4,1,1.714285714,1.827909453,1.801445788,46.438040992882,5.53384488128338,59.740494923382
3986,image_0172_MIXED_L2.jpg,1,0,1,2,1,2,3,4,2,2.142857143,2.329504803,2.263145973,49.6613374895858,3.87244759491009,59.4186773405725
3987,image_0173_MIXED_L4.jpg,1,0,4,2,1,4,4,4,4,3.285714286,3.556948181,3.176559604,44.5415385388661,12.6329535254054,90.7882989679965
3988,image_0174_MIXED_L3.jpg,1,0,2,2,1,3,4,4,3,2.714285714,2.963919,2.785968439,49.177709365309,7.06600020968549,76.6186829444051
3989,image_0175_MIXED_L1.jpg,1,0,1,2,1,1,3,4,1,1.857142857,2.002113315,1.994799371,50.5706548458561,5.19066092961149,56.0755282619722
3990,image_0175_MIXED_L2.jpg,1,0,1,2,1,2,3,4,3,2.285714286,2.486073175,2.398518837,53.5181754959954,3.45935527983171,51.2320818846617
3991,image_0175_MIXED_L3.jpg,1,0,2,2,1,3,4,4,3,2.714285714,2.963919,2.785968439,47.8641490235225,6.44988107084249,77.2160177201571
3992,image_0177_MIXED_L3.jpg,0,0,2,2,1,3,4,4,2,2.571428571,2.807350629,2.650595575,44.4108115793391,6.43109435892886,73.8812509739349
3993,image_0178_MIXED_L1.jpg,1,1,1,2,1,1,3,4,1,1.857142857,2.002113315,1.994799371,50.8436817397898,5.20198675643616,58.1018853214693
3994,image_0178_MIXED_L2.jpg,1,0,1,2,1,1,3,4,2,2,2.158681686,2.130172235,45.7731879600728,3.89164965083695,53.8740363734198
3995,image_0179_MIXED_L1.jpg,0,1,1,2,1,1,2,3,1,1.571428571,1.651598331,1.653934002,44.8882098925379,5.26120663132721,55.2837950233387
3996,image_0180_MIXED_L2.jpg,1,0,1,2,1,1,3,4,2,2,2.158681686,2.130172235,50.3262490370059,3.76034433540159,55.9076482495323
3997,image_0181_MIXED_L3.jpg,0,0,2,2,1,3,4,4,3,2.714285714,2.963919,2.785968439,48.6632813362202,7.04815527482465,75.1354563391692
3998,image_0182_MIXED_L1.jpg,0,1,1,2,1,1,3,4,1,1.857142857,2.002113315,1.994799371,51.9657014275367,5.30978309065444,57.9284645411858
3999,image_0182_MIXED_L3.jpg,0,0,2,2,1,3,4,4,3,2.714285714,2.963919,2.785968439,49.4796001344905,6.64736429645425,76.9284180973191
4000,image_0184_MIXED_L1.jpg,1,1,1,2,1,1,2,4,1,1.714285714,1.827909453,1.801445788,50.6280860253151,5.1370920048572,58.1142766931748
4001,image_0184_MIXED_L3.jpg,1,0,2,2,1,3,4,4,3,2.714285714,2.963919,2.785968439,48.7698025679546,6.61752044753319,73.8349880731014
4002,image_0184_MIXED_L4.jpg,1,0,4,2,1,4,4,4,4,3.285714286,3.556948181,3.176559604,44.5382320568482,12.603464669893,90.4311560602032
4003,image_0186_MIXED_L2.jpg,1,0,1,2,1,1,3,4,2,2,2.158681686,2.130172235,47.2195786761461,3.88637350933295,55.9680122246374
4004,image_0186_MIXED_L4.jpg,1,0,4,2,1,4,4,4,4,3.285714286,3.556948181,3.176559604,44.5411343460781,12.6433829550203,94.9120339404948
4005,image_0188_MIXED_L2.jpg,1,0,1,2,1,1,3,4,3,2.142857143,2.315250058,2.265545099,50.2005435486295,3.6326767770126,56.6779613712221
4006,image_0188_MIXED_L4.jpg,1,0,4,2,1,4,4,4,4,3.285714286,3.556948181,3.176559604,44.5435085577921,12.6215951461509,91.3100272847219
4007,image_0189_MIXED_L1.jpg,0,1,1,2,1,1,3,4,1,1.857142857,2.002113315,1.994799371,49.1926207279214,5.50361355577193,54.2525243347747
4008,image_0189_MIXED_L4.jpg,0,0,4,2,1,4,4,4,4,3.285714286,3.556948181,3.176559604,44.5402445375573,12.6633366922938,92.9893187841231
4009,image_0190_MIXED_L1.jpg,1,1,1,2,1,2,3,4,1,2,2.172936432,2.127773108,53.3174699265557,5.5747606850716,57.3735306877868
4010,image_0191_MIXED_L2.jpg,0,0,1,2,1,1,3,4,2,2,2.158681686,2.130172235,50.7953545817134,3.57586780729959,55.6761270611139
4011,image_0192_MIXED_L1.jpg,1,1,1,2,1,2,3,4,1,2,2.172936432,2.127773108,51.39332594361,5.49451643711725,54.3131352640279
4012,image_0193_MIXED_L4.jpg,0,0,4,2,1,4,4,4,4,3.285714286,3.556948181,3.176559604,44.5408234068271,12.6413438269323,91.019447312563
4013,image_0195_MIXED_L3.jpg,0,0,2,2,1,3,4,4,2,2.571428571,2.807350629,2.650595575,47.5320393759384,7.58200170877912,75.7061409431431
4014,image_0195_MIXED_L4.jpg,0,0,4,2,1,4,4,4,4,3.285714286,3.556948181,3.176559604,44.540808378803,12.6371519914709,90.7614613867943
4015,image_0198_MIXED_L2.jpg,1,0,1,2,1,2,3,4,3,2.285714286,2.486073175,2.398518837,49.1836514162363,3.37422687236519,53.5547089757748
4016,image_0198_MIXED_L3.jpg,1,0,2,2,1,3,4,4,2,2.571428571,2.807350629,2.650595575,47.3552008963414,7.51487470749341,76.077365343786
4017,image_0199_MIXED_L1.jpg,1,0,1,2,1,2,3,4,1,2,2.172936432,2.127773108,51.1359029164424,5.18353563317337,56.5796791458606
4018,image_0201_MIXED_L3.jpg,0,0,2,2,1,3,4,4,2,2.571428571,2.807350629,2.650595575,46.3521333426607,6.66788217502832,73.1784063891388
4019,image_0202_MIXED_L1.jpg,0,0,1,2,1,2,3,4,1,2,2.172936432,2.127773108,50.4458131946616,5.31672159214952,57.0387047694283
4020,image_0202_MIXED_L3.jpg,0,0,2,2,1,3,4,4,2,2.571428571,2.807350629,2.650595575,46.8841415433151,7.29990997366207,75.1748779102669
4021,image_0203_MIXED_L3.jpg,0,0,2,2,1,3,4,4,2,2.571428571,2.807350629,2.650595575,46.1298202253804,7.35664964108402,76.0471739465046
4022,image_0207_MIXED_L4.jpg,0,0,4,2,1,4,4,4,4,3.285714286,3.556948181,3.176559604,44.5354708204374,12.6602175925847,94.912033940492
4023,image_0209_MIXED_L3.jpg,0,0,2,2,1,3,4,4,2,2.571428571,2.807350629,2.650595575,47.5886083516626,7.2740333097101,75.7574341440747
4024,image_0210_MIXED_L3.jpg,0,0,2,2,1,3,4,4,2,2.571428571,2.807350629,2.650595575,47.3001631532957,7.61077777145931,75.7984433178882
4025,image_0211_MIXED_L1.jpg,0,1,1,2,1,2,3,4,1,2,2.172936432,2.127773108,51.3578416476459,5.38381441360698,58.4090511246747
4026,image_0211_MIXED_L2.jpg,0,0,1,2,1,1,3,4,3,2.142857143,2.315250058,2.265545099,46.5722251693491,3.78311400558834,59.5533913732417
4027,image_0212_MIXED_L1.jpg,0,1,1,2,1,2,3,4,1,2,2.172936432,2.127773108,49.3571554070307,5.58545342781301,54.57827638997
4028,image_0212_MIXED_L4.jpg,0,0,4,2,1,4,4,4,4,3.285714286,3.556948181,3.176559604,44.5484387087672,12.6332534293642,100
4029,image_0216_MIXED_L3.jpg,0,0,2,2,1,3,4,4,2,2.571428571,2.807350629,2.650595575,47.3872907164713,7.70914554600604,76.6489251560771
4030,image_0216_MIXED_L4.jpg,0,0,4,2,1,4,4,4,4,3.285714286,3.556948181,3.176559604,44.5413188466402,12.687240305399,100
4031,image_0218_MIXED_L4.jpg,0,0,4,2,1,4,4,4,4,3.285714286,3.556948181,3.176559604,44.5447355340793,12.6827363131176,100
4032,image_0219_MIXED_L1.jpg,0,1,1,2,1,2,3,4,1,2,2.172936432,2.127773108,52.3381692420521,5.53035054748399,58.9760462529199
4033,image_0219_MIXED_L3.jpg,0,0,2,2,1,3,4,4,2,2.571428571,2.807350629,2.650595575,47.1931555272062,7.67245853764004,76.8086746577276
4034,image_0219_MIXED_L4.jpg,0,0,4,2,1,4,4,4,4,3.285714286,3.556948181,3.176559604,44.5428050245172,12.6934255786294,100
4035,image_0220_MIXED_L2.jpg,0,0,1,2,1,1,3,4,3,2.142857143,2.315250058,2.265545099,45.784228484974,3.68667240306251,58.382621204213
4036,image_0220_MIXED_L3.jpg,0,0,2,2,1,3,4,4,2,2.571428571,2.807350629,2.650595575,47.3841428077741,7.77338310502931,77.2410657820393
4037,image_0220_MIXED_L4.jpg,0,0,4,2,1,4,4,4,4,3.285714286,3.556948181,3.176559604,44.5433041593976,12.6757039724183,100
4038,image_0221_MIXED_L4.jpg,0,0,4,2,1,4,4,4,4,3.285714286,3.556948181,3.176559604,44.5396204606885,12.6924568045736,94.9235924451232
4039,image_0223_MIXED_L1.jpg,0,0,1,2,1,2,3,4,1,2,2.172936432,2.127773108,51.0530771773066,5.44737800436288,55.0982340899682
4040,image_0223_MIXED_L3.jpg,0,0,2,2,1,3,4,4,2,2.571428571,2.807350629,2.650595575,47.1339537949059,7.7872892887761,77.775568691305
4041,image_0223_MIXED_L4.jpg,0,0,4,2,1,4,4,4,4,3.285714286,3.556948181,3.176559604,44.5423228704402,12.6590972988057,100
4042,image_0224_MIXED_L2.jpg,0,0,1,2,1,3,3,4,2,2.285714286,2.50032792,2.39611971,45.5145604804181,3.78566774219612,45.9483124465035
4043,image_0224_MIXED_L4.jpg,0,0,4,2,1,4,4,4,4,3.285714286,3.556948181,3.176559604,44.542884292955,12.6036837461716,90.5827923367333
4044,image_0225_MIXED_L3.jpg,0,0,2,2,1,3,4,4,2,2.571428571,2.807350629,2.650595575,47.1428637259651,7.18940730753629,75.3329412642718
4045,image_0226_MIXED_L1.jpg,0,0,1,2,1,1,2,3,1,1.571428571,1.651598331,1.653934002,45.2247975277518,5.37867438716837,52.8777090995926
4046,image_0226_MIXED_L3.jpg,0,0,2,2,1,3,4,4,2,2.571428571,2.807350629,2.650595575,46.3148425112874,7.0588750848721,74.0292181960838
4047,image_0227_MIXED_L3.jpg,0,0,2,2,1,4,4,4,2,2.714285714,2.978173746,2.783569312,44.8195483610602,7.12028221549035,76.1495221852347
4048,image_0228_MIXED_L4.jpg,0,0,4,2,1,4,4,4,4,3.285714286,3.556948181,3.176559604,44.5431651557647,12.6977142681627,94.5715608269164
4049,image_0229_MIXED_L1.jpg,0,1,1,2,1,2,3,4,1,2,2.172936432,2.127773108,50.7817599062784,5.16224855407955,58.7616407993301
4050,image_0230_MIXED_L1.jpg,1,1,1,2,1,1,3,4,1,1.857142857,2.002113315,1.994799371,49.9473571525222,5.30221942430515,56.3598612089074
4051,image_0231_MIXED_L3.jpg,1,0,2,2,1,3,4,4,3,2.714285714,2.963919,2.785968439,49.513574038293,6.72989031645728,72.4664558488028
4052,image_0232_MIXED_L1.jpg,1,1,1,2,1,2,3,4,1,2,2.172936432,2.127773108,50.867013613632,5.67418420893033,55.6133832859189
4053,image_0233_MIXED_L1.jpg,1,1,1,2,1,2,3,4,1,2,2.172936432,2.127773108,50.9247385268052,5.4001175174777,54.9452555503565
4054,image_0233_MIXED_L3.jpg,1,0,2,2,1,3,4,4,2,2.571428571,2.807350629,2.650595575,47.5289411739876,7.02394045332581,75.3148174552084
4055,image_0233_MIXED_L4.jpg,1,0,4,2,1,4,4,4,4,3.285714286,3.556948181,3.176559604,44.540071976688,12.6632923623499,94.5715608269164
4056,image_0235_MIXED_L4.jpg,1,0,4,2,1,4,4,4,4,3.285714286,3.556948181,3.176559604,44.5319529048346,12.6667619117937,92.027769501549
4057,image_0236_MIXED_L3.jpg,0,0,2,2,1,3,4,4,3,2.714285714,2.963919,2.785968439,47.0254581692513,6.18108635731974,74.1754233819943
4058,image_0237_MIXED_L1.jpg,1,1,1,2,1,2,3,4,1,2,2.172936432,2.127773108,51.8977117461152,5.60434646279182,59.5028463671306
4059,image_0239_MIXED_L3.jpg,1,0,2,2,1,3,4,4,3,2.714285714,2.963919,2.785968439,47.9596145165255,7.52069369751526,77.3867927381799
4060,image_0240_MIXED_L2.jpg,0,0,1,2,1,3,3,4,2,2.285714286,2.50032792,2.39611971,44.8705584358031,3.71619202377435,51.5017002398629
4061,image_0240_MIXED_L3.jpg,0,0,2,2,1,3,4,4,3,2.714285714,2.963919,2.785968439,48.3464857858727,7.25232564924326,77.186942711884
4062,image_0242_MIXED_L3.jpg,0,0,2,2,1,3,4,4,4,2.857142857,3.120487371,2.921341303,48.1706218318217,7.24649781939715,76.7506452127325
4063,image_0242_MIXED_L4.jpg,0,0,4,2,1,4,4,4,4,3.285714286,3.556948181,3.176559604,44.5326442661015,12.6369562368687,90.2765804804624
4064,image_0243_MIXED_L2.jpg,0,0,1,2,1,2,3,4,3,2.285714286,2.486073175,2.398518837,47.0177744599377,3.62497412808587,51.046917414195
4065,image_0243_MIXED_L4.jpg,0,0,4,2,1,4,4,4,4,3.285714286,3.556948181,3.176559604,44.539051066686,12.5511618533996,90.5037168262815
4066,image_0245_MIXED_L2.jpg,0,0,1,2,1,2,3,4,2,2.142857143,2.329504803,2.263145973,44.7004541766085,3.80975056378622,51.3217443563778
4067,image_0245_MIXED_L4.jpg,0,0,4,2,1,4,4,4,4,3.285714286,3.556948181,3.176559604,44.5393317665572,12.613761846732,90.3159716580656
4068,image_0247_MIXED_L4.jpg,0,0,4,2,1,4,4,4,4,3.285714286,3.556948181,3.176559604,44.5430891725171,12.5826563811436,91.0660113429319
4069,image_0250_MIXED_L2.jpg,0,0,1,2,1,3,3,4,3,2.428571429,2.656896292,2.531492574,44.5464994749103,3.82012731845008,52.315404850295
4070,image_0251_MIXED_L2.jpg,0,0,1,2,1,3,3,4,3,2.428571429,2.656896292,2.531492574,44.7918833295415,3.83566425235413,52.2080162753388
4071,image_0251_MIXED_L4.jpg,0,0,4,2,1,4,4,4,4,3.285714286,3.556948181,3.176559604,44.5356991404888,12.6232450043699,91.5874073937596
4072,image_0256_MIXED_L2.jpg,0,0,1,2,1,2,3,4,3,2.285714286,2.486073175,2.398518837,44.8538144640011,3.80609949574522,50.7274118142533
4073,image_0256_MIXED_L4.jpg,0,0,4,2,1,4,4,4,4,3.285714286,3.556948181,3.176559604,44.5390162028911,12.5974654330658,90.8404750461109
4074,image_0259_MIXED_L1.jpg,1,1,1,1,1,2,3,4,1,1.857142857,2.048164206,1.96221626,50.3854976887232,5.15268902512357,58.6874777948815
4075,image_0259_MIXED_L4.jpg,1,0,4,2,1,4,4,4,4,3.285714286,3.556948181,3.176559604,44.5287932412512,12.5923782019366,90.6702594924427
4076,image_0260_MIXED_L1.jpg,1,0,1,1,1,2,3,4,1,1.857142857,2.048164206,1.96221626,50.9276482220396,5.23340921593794,58.296554588247
4077,image_0260_MIXED_L2.jpg,1,0,1,2,1,3,3,4,2,2.285714286,2.50032792,2.39611971,45.9458957701566,3.70060293863017,50.3928661111072
4078,image_0261_MIXED_L1.jpg,1,1,1,2,1,2,3,4,1,2,2.172936432,2.127773108,51.6898121818883,5.41566613674731,57.4025910285576
4079,image_0261_MIXED_L3.jpg,1,0,2,2,1,3,4,4,4,2.857142857,3.120487371,2.921341303,50.8416136071989,6.52588870506657,75.3105887757676
4080,image_0262_MIXED_L1.jpg,0,1,1,2,1,2,3,4,1,2,2.172936432,2.127773108,49.6721582373324,5.73640367861826,58.0023669662005
4081,image_0262_MIXED_L3.jpg,0,0,2,2,1,3,4,4,4,2.857142857,3.120487371,2.921341303,49.9772690705796,6.75527781483989,78.1978935653418
4082,image_0264_MIXED_L2.jpg,0,0,1,2,1,2,3,4,2,2.142857143,2.329504803,2.263145973,46.8764527586136,3.80250408719138,45.8766756898454
4083,image_0265_MIXED_L3.jpg,0,0,2,2,1,3,4,4,4,2.857142857,3.120487371,2.921341303,49.1035190797327,6.83196943116923,75.3778868253644
4084,image_0266_MIXED_L2.jpg,1,0,1,2,1,2,3,4,3,2.285714286,2.486073175,2.398518837,44.1706920034842,3.70126671539649,54.5330489731206
4085,image_0266_MIXED_L4.jpg,1,0,4,2,1,4,4,4,4,3.285714286,3.556948181,3.176559604,44.533966592673,12.6470729651632,91.8517536924429
4086,image_0267_MIXED_L1.jpg,1,1,1,2,1,2,2,4,1,1.857142857,1.99873257,1.934419526,49.4103525101613,5.40880390512073,57.7893560522172
4087,image_0270_MIXED_L1.jpg,0,1,1,2,1,2,3,4,1,2,2.172936432,2.127773108,50.4015711240996,5.92185786132972,55.294261154799
4088,image_0271_MIXED_L1.jpg,0,1,1,2,1,2,3,4,1,2,2.172936432,2.127773108,50.4106076664701,5.96273839160991,54.9432636667041
4089,image_0271_MIXED_L3.jpg,0,0,2,2,1,3,4,4,3,2.714285714,2.963919,2.785968439,48.0513837448295,7.60296753822326,77.3935909416862
4090,image_0272_MIXED_L1.jpg,0,1,1,2,1,2,3,4,1,2,2.172936432,2.127773108,52.5007421691353,5.57494093185946,58.0498532326052
4091,image_0273_MIXED_L2.jpg,0,0,1,2,1,2,3,4,2,2.142857143,2.329504803,2.263145973,46.3632961027156,3.79814940893706,51.3026559145595
4092,image_0275_MIXED_L2.jpg,0,0,1,2,1,2,3,4,3,2.285714286,2.486073175,2.398518837,44.6303346850089,3.65137473594605,52.1039688053968
4093,image_0276_MIXED_L2.jpg,0,0,1,2,1,3,3,4,2,2.285714286,2.50032792,2.39611971,46.1928838255684,3.75574722350788,50.6396509444871
4094,image_0277_MIXED_L1.jpg,0,1,1,2,1,1,3,4,1,1.857142857,2.002113315,1.994799371,51.5227469870132,5.2595940606131,60.0973898436789
4095,image_0277_MIXED_L4.jpg,0,0,4,2,1,4,4,4,4,3.285714286,3.556948181,3.176559604,44.5330674456052,12.6867945383194,92.2093728585857
4096,image_0278_MIXED_L2.jpg,0,0,1,2,1,3,3,4,3,2.428571429,2.656896292,2.531492574,45.4521515066563,3.48893656207046,47.6503455740841
4097,image_0279_MIXED_L1.jpg,0,1,1,2,1,2,3,4,1,2,2.172936432,2.127773108,50.4789475662008,5.60183839678434,54.3428921827772
4098,image_0279_MIXED_L2.jpg,0,0,1,2,1,2,3,4,2,2.142857143,2.329504803,2.263145973,44.5248235089407,3.93968747035503,49.6908671540768
4099,image_0279_MIXED_L4.jpg,0,0,4,2,1,4,4,4,4,3.285714286,3.556948181,3.176559604,44.5409023271983,12.5932668318977,90.1047273343349
4100,image_0280_MIXED_L1.jpg,0,1,1,2,1,2,3,4,1,2,2.172936432,2.127773108,52.4671374859016,5.9497516990118,55.8379291247052
4101,image_0282_MIXED_L2.jpg,0,0,1,2,1,3,3,4,2,2.285714286,2.50032792,2.39611971,44.7235562519174,3.9303182177551,47.053912231922
4102,image_0282_MIXED_L4.jpg,0,0,4,2,1,4,4,4,4,3.285714286,3.556948181,3.176559604,44.5390538392894,12.6036703972033,90.0941988777019
4103,image_0284_MIXED_L2.jpg,0,0,1,2,1,2,3,4,2,2.142857143,2.329504803,2.263145973,44.361288512213,3.81308348244616,49.7225624654952
4104,image_0284_MIXED_L4.jpg,0,0,4,2,1,4,4,4,4,3.285714286,3.556948181,3.176559604,44.5404837267639,12.6356656352263,91.5871645324707
4105,image_0285_MIXED_L1.jpg,0,0,1,2,1,1,3,4,1,1.857142857,2.002113315,1.994799371,51.7497096379027,5.53289519529246,57.9152890000004
4106,image_0285_MIXED_L2.jpg,0,0,1,2,1,2,3,4,3,2.285714286,2.486073175,2.398518837,48.9758979270982,3.72912388774405,55.9484991186793
4107,image_0285_MIXED_L3.jpg,0,0,2,2,1,3,4,4,3,2.714285714,2.963919,2.785968439,48.6045691841271,6.21537988147584,76.1971375338885
4108,image_0285_MIXED_L4.jpg,0,0,4,2,1,4,4,4,4,3.285714286,3.556948181,3.176559604,44.5347281082112,12.6751733501671,94.5715608269151
4109,image_0287_MIXED_L4.jpg,0,0,4,2,1,4,4,4,4,3.285714286,3.556948181,3.176559604,44.5337356092306,12.6984008131551,100
4110,image_0288_MIXED_L1.jpg,1,0,1,2,1,2,3,4,1,2,2.172936432,2.127773108,50.7681560947365,5.43531911306334,60.8356985587558
4111,image_0288_MIXED_L4.jpg,1,0,4,2,1,4,4,4,4,3.285714286,3.556948181,3.176559604,44.5330247821111,12.591789986707,90.273125662731
4112,image_0289_MIXED_L3.jpg,0,0,2,2,1,3,4,4,4,2.857142857,3.120487371,2.921341303,49.2934633596374,6.94257740901715,76.9568097932358
4113,image_0290_MIXED_L4.jpg,1,0,4,2,1,4,4,4,4,3.285714286,3.556948181,3.176559604,44.5370155076528,12.5911253637365,90.0369115156816
4114,image_0291_MIXED_L4.jpg,1,0,4,2,1,4,4,4,4,3.285714286,3.556948181,3.176559604,44.5329178411618,12.5722037566404,90.3626954881225
4115,image_0292_MIXED_L4.jpg,1,0,4,2,1,4,4,4,4,3.285714286,3.556948181,3.176559604,44.5323729719117,12.5747856911975,90.154078691095
4116,image_0294_MIXED_L2.jpg,0,0,1,2,1,3,3,4,2,2.285714286,2.50032792,2.39611971,46.9987390300297,3.68138299626091,51.8370327039129
4117,image_0295_MIXED_L2.jpg,0,0,1,2,1,3,3,4,2,2.285714286,2.50032792,2.39611971,48.5828458117298,3.57306046387323,52.1356527309165
4118,image_0296_MIXED_L1.jpg,0,0,1,2,1,1,3,4,1,1.857142857,2.002113315,1.994799371,48.9618030967077,5.27279777760057,58.3427327757826
4119,image_0296_MIXED_L2.jpg,0,0,1,2,1,2,3,4,2,2.142857143,2.329504803,2.263145973,48.8999748860267,3.56379568748472,51.7875437268988
4120,image_0296_MIXED_L4.jpg,0,0,4,2,1,4,4,4,4,3.285714286,3.556948181,3.176559604,44.5319903301817,12.6065978072373,92.7471473554064
4121,image_0297_MIXED_L2.jpg,0,0,1,2,1,2,3,4,3,2.285714286,2.486073175,2.398518837,48.891248194664,3.47388543616761,52.3151006122024
4122,image_0297_MIXED_L3.jpg,0,0,2,2,1,3,4,4,3,2.714285714,2.963919,2.785968439,49.9890643254512,6.37718554068468,78.1493532971386
4123,image_0297_MIXED_L4.jpg,0,0,4,2,1,4,4,4,4,3.285714286,3.556948181,3.176559604,44.5349611310056,12.6437666370798,90.5031868030188
4124,image_0298_MIXED_L2.jpg,0,0,1,2,1,3,3,4,2,2.285714286,2.50032792,2.39611971,45.3107708043716,3.69349642993872,50.3633605352044
4125,image_0298_MIXED_L3.jpg,0,0,2,2,1,3,4,4,4,2.857142857,3.120487371,2.921341303,51.3201551938681,6.53526746065328,75.0266857137204
4126,image_0298_MIXED_L4.jpg,0,0,4,2,1,4,4,4,4,3.285714286,3.556948181,3.176559604,44.5323340459356,12.6231157608569,90.9452641101485
4127,image_0300_MIXED_L2.jpg,0,0,1,2,1,2,3,4,2,2.142857143,2.329504803,2.263145973,44.7358625121868,3.74345654287372,49.1312510923041
4128,image_0301_MIXED_L2.jpg,1,0,1,2,1,2,3,4,3,2.285714286,2.486073175,2.398518837,51.2331588530496,3.5916858547504,50.9963675490702
4129,image_0307_MIXED_L4.jpg,0,0,4,2,1,4,4,4,4,3.285714286,3.556948181,3.176559604,44.5367818674529,12.6781303784496,92.9967688480264
4130,image_0309_MIXED_L4.jpg,1,0,4,2,1,4,4,4,4,3.285714286,3.556948181,3.176559604,44.5350739872357,12.6536217773692,91.4465947464738
4131,image_0310_MIXED_L2.jpg,1,0,1,2,1,2,4,4,3,2.428571429,2.660277037,2.59187242,45.2042926753328,3.61548036829465,49.5289335678375
4132,image_0311_MIXED_L4.jpg,0,0,4,2,1,4,4,4,4,3.285714286,3.556948181,3.176559604,44.5378920023513,12.6493277457602,91.5917879343232
4133,image_0312_MIXED_L4.jpg,1,0,4,2,1,4,4,4,4,3.285714286,3.556948181,3.176559604,44.5453535199769,12.6524955143264,94.923592445126
4134,image_0313_MIXED_L3.jpg,1,0,2,2,1,3,4,4,3,2.714285714,2.963919,2.785968439,48.8637783835735,7.11349002230005,75.918076295232
4135,image_0313_MIXED_L4.jpg,1,0,4,2,1,4,4,4,4,3.285714286,3.556948181,3.176559604,44.5409894864315,12.6199160787999,90.5791625062737
4136,image_0314_MIXED_L1.jpg,0,1,1,2,1,2,3,4,1,2,2.172936432,2.127773108,48.2387282952027,5.15469491958209,57.5907428522676
4137,image_0314_MIXED_L3.jpg,0,0,3,2,1,3,4,4,3,2.857142857,3.096737846,2.847090721,47.5556143237685,8.06507874546822,76.7788488907969
4138,image_0317_MIXED_L2.jpg,0,0,1,2,1,3,3,4,3,2.428571429,2.656896292,2.531492574,48.1756505243026,3.61255881112502,48.8807604214721
4139,image_0317_MIXED_L3.jpg,0,0,2,2,1,3,4,4,3,2.714285714,2.963919,2.785968439,48.5751127761236,7.71137291618943,78.201693918568
4140,image_0317_MIXED_L4.jpg,0,0,4,2,1,4,4,4,4,3.285714286,3.556948181,3.176559604,44.5405455396499,12.6025689026509,90.2924531064651
4141,image_0318_MIXED_L1.jpg,0,1,1,2,1,2,3,4,1,2,2.172936432,2.127773108,50.7636012766858,5.8154311905491,57.846326476311
4142,image_0321_MIXED_L2.jpg,1,0,2,2,1,2,3,4,2,2.285714286,2.46232365,2.324268254,47.7499794363676,3.85188971929624,45.2058128570508
4143,image_0321_MIXED_L4.jpg,1,0,4,2,1,4,4,4,4,3.285714286,3.556948181,3.176559604,44.5387251973592,12.6345491594989,90.5799426266568
4144,image_0322_MIXED_L3.jpg,0,0,2,2,1,3,4,4,4,2.857142857,3.120487371,2.921341303,48.3360543918186,7.3233035022841,77.6350350218933
4145,image_0323_MIXED_L3.jpg,0,0,2,2,1,3,4,4,4,2.857142857,3.120487371,2.921341303,48.7387763342907,7.48028277922543,78.5611313423582
4146,image_0323_MIXED_L4.jpg,0,0,4,2,1,4,4,4,4,3.285714286,3.556948181,3.176559604,44.5373809486771,12.6407639740655,90.4420492740476
4147,image_0324_MIXED_L3.jpg,0,0,2,2,1,3,4,4,4,2.857142857,3.120487371,2.921341303,48.8875922269762,7.25389236798342,77.7477502980856
4148,image_0324_MIXED_L4.jpg,0,0,4,2,1,4,4,4,4,3.285714286,3.556948181,3.176559604,44.5338015764316,12.6308411402102,90.9453769060099
4149,image_0325_MIXED_L1.jpg,0,1,1,2,1,1,3,4,1,1.857142857,2.002113315,1.994799371,51.9888218898687,5.25260506279727,58.2499915641409
4150,image_0325_MIXED_L2.jpg,0,0,1,2,1,2,3,4,2,2.142857143,2.329504803,2.263145973,45.9574422403717,3.82414987882245,52.2740988704891
4151,image_0325_MIXED_L3.jpg,0,0,2,2,1,3,4,4,3,2.714285714,2.963919,2.785968439,48.7612248514111,6.48363628812776,74.8349505994919
4152,image_0326_MIXED_L2.jpg,0,0,1,2,1,1,3,4,2,2,2.158681686,2.130172235,47.1001026239775,3.76969874431842,53.8908957293465
4153,image_0326_MIXED_L4.jpg,0,0,4,2,1,4,4,4,4,3.285714286,3.556948181,3.176559604,44.5404928855195,12.5334629313249,93.2237509237482
4154,image_0327_MIXED_L1.jpg,0,1,1,2,1,1,3,4,1,1.857142857,2.002113315,1.994799371,49.660423484489,5.07600021483949,57.5940888613822
4155,image_0327_MIXED_L3.jpg,0,0,2,2,1,3,4,4,2,2.571428571,2.807350629,2.650595575,48.1558827477248,6.37702619721934,74.6602506805953
4156,image_0329_MIXED_L4.jpg,0,0,4,2,1,4,4,4,4,3.285714286,3.556948181,3.176559604,44.5435356964466,12.6559244140489,92.9967688480292
4157,image_0333_MIXED_L1.jpg,0,1,1,2,1,2,3,4,1,2,2.172936432,2.127773108,51.8853761079137,5.27353998147174,54.121342224041
4158,image_0333_MIXED_L4.jpg,0,0,4,2,1,4,4,4,4,3.285714286,3.556948181,3.176559604,44.540953807214,12.6102855630483,91.4412451893049
4159,image_0337_MIXED_L3.jpg,1,0,2,2,1,3,4,4,2,2.571428571,2.807350629,2.650595575,47.6182771384902,6.30112364174679,73.1182672789737
4160,image_0339_MIXED_L3.jpg,0,0,2,2,1,3,4,4,3,2.714285714,2.963919,2.785968439,45.9038002249373,6.37606376573991,73.6694493302383
4161,image_0340_MIXED_L1.jpg,0,1,1,1,1,1,3,4,1,1.714285714,1.877341089,1.829242523,51.5388238847025,4.8986363629735,57.4806482223823
4162,image_0340_MIXED_L2.jpg,0,0,1,2,1,2,3,4,1,2,2.172936432,2.127773108,46.7250499362066,3.89939104036777,48.2312228523666
4163,image_0341_MIXED_L1.jpg,0,1,1,1,1,1,3,4,1,1.714285714,1.877341089,1.829242523,51.6351075142543,5.12479190769998,58.175717695218
4164,image_0341_MIXED_L4.jpg,0,0,4,2,1,4,4,4,4,3.285714286,3.556948181,3.176559604,44.5356087886645,12.651518503683,92.7461242892321
4165,image_0342_MIXED_L1.jpg,0,1,1,2,1,1,3,4,1,1.857142857,2.002113315,1.994799371,50.3281555354288,5.08502882365455,55.6001797222167
4166,image_0343_MIXED_L2.jpg,0,0,1,2,1,2,3,4,2,2.142857143,2.329504803,2.263145973,46.8103602426279,3.90856119565907,51.6929038435228
4167,image_0344_MIXED_L3.jpg,0,0,2,2,1,3,4,4,4,2.857142857,3.120487371,2.921341303,50.1828350576908,6.33530510420444,72.5785001122416
4168,image_0344_MIXED_L4.jpg,0,0,4,2,1,4,4,4,4,3.285714286,3.556948181,3.176559604,44.5355486062451,12.6369330888086,91.0837227536651
4169,image_0345_MIXED_L2.jpg,0,0,1,2,1,2,3,4,1,2,2.172936432,2.127773108,46.9604583526875,3.85968141343222,48.9868266944065
4170,image_0347_MIXED_L2.jpg,0,0,1,2,1,2,3,4,1,2,2.172936432,2.127773108,47.4261046752008,3.94440684065942,49.2764319856588
4171,image_0348_MIXED_L2.jpg,0,0,1,2,1,2,3,4,1,2,2.172936432,2.127773108,48.2814632988922,3.96113258146152,49.3155815722716
4172,image_0348_MIXED_L3.jpg,0,0,2,2,1,3,4,4,3,2.714285714,2.963919,2.785968439,45.545290698829,6.10107803840514,72.0965285965647
4173,image_0348_MIXED_L4.jpg,0,0,4,2,1,4,4,4,4,3.285714286,3.556948181,3.176559604,44.5383847522284,12.6836693489704,94.5603857310556
4174,image_0349_MIXED_L2.jpg,0,0,1,2,1,2,3,4,1,2,2.172936432,2.127773108,46.7295440802995,3.83793417729844,50.4178472618378
4175,image_0349_MIXED_L3.jpg,0,0,2,2,1,3,4,4,3,2.714285714,2.963919,2.785968439,49.7692543376418,6.39064452552487,75.4394756366055
4176,image_0350_MIXED_L1.jpg,0,1,1,2,1,2,3,4,1,2,2.172936432,2.127773108,51.4089962643309,5.5151245172818,58.3154263881404
4177,image_0350_MIXED_L2.jpg,0,0,1,2,1,2,3,4,2,2.142857143,2.329504803,2.263145973,44.9677467580583,3.82783431507384,50.9080529836738
4178,image_0350_MIXED_L3.jpg,0,0,2,2,1,3,4,4,3,2.714285714,2.963919,2.785968439,47.9507743062428,6.30522920982956,74.9273316254495
4179,image_0352_MIXED_L2.jpg,0,0,1,2,1,2,3,4,2,2.142857143,2.329504803,2.263145973,45.2375153720415,3.85626186163601,49.7351530658422
4180,image_0352_MIXED_L3.jpg,0,0,2,2,1,3,4,4,3,2.714285714,2.963919,2.785968439,50.276526048716,6.59868152805028,75.4045603826041
4181,image_0353_MIXED_L1.jpg,0,1,1,2,1,1,3,4,1,1.857142857,2.002113315,1.994799371,52.0046310135169,5.29927930546717,56.6366254489743
4182,image_0353_MIXED_L4.jpg,0,0,4,2,1,4,4,4,4,3.285714286,3.556948181,3.176559604,44.5320557031863,12.6391790976421,90.7615459836929
4183,image_0354_MIXED_L3.jpg,0,0,2,2,1,3,4,4,3,2.714285714,2.963919,2.785968439,48.831556272839,6.445441491814,75.2161274643247
4184,image_0357_MIXED_L3.jpg,0,0,2,2,1,3,4,4,3,2.714285714,2.963919,2.785968439,47.5575407264234,6.1132054714021,73.8997718621139
4185,image_0357_MIXED_L4.jpg,0,0,4,2,1,4,4,4,4,3.285714286,3.556948181,3.176559604,44.5391737897529,12.6252428853145,91.1834362887911
4186,image_0358_MIXED_L1.jpg,0,1,1,2,1,1,3,4,1,1.857142857,2.002113315,1.994799371,51.0532553786198,4.88527888861775,57.329049990237
4187,image_0358_MIXED_L2.jpg,0,0,1,2,1,2,3,4,1,2,2.172936432,2.127773108,46.5632965598272,3.91090021062775,49.6691859751999
4188,image_0361_MIXED_L1.jpg,0,1,1,2,1,1,3,4,1,1.857142857,2.002113315,1.994799371,49.6807408869722,4.86931749516839,56.7588722652235
4189,image_0361_MIXED_L2.jpg,0,0,1,2,1,2,3,4,2,2.142857143,2.329504803,2.263145973,44.855451809073,3.90965890068745,49.8040072387143
4190,image_0361_MIXED_L3.jpg,0,0,2,2,1,3,4,4,3,2.714285714,2.963919,2.785968439,49.4934221063708,6.44198437611961,74.0081299108044
4191,image_0362_MIXED_L4.jpg,0,0,4,2,1,4,4,4,4,3.285714286,3.556948181,3.176559604,44.5403694987952,12.6208861123522,90.6680237590294
4192,image_0364_MIXED_L2.jpg,1,0,1,2,1,1,3,4,2,2,2.158681686,2.130172235,47.5832564956517,3.85167184606476,53.116025681817
4193,image_0365_MIXED_L1.jpg,0,1,1,2,1,2,3,4,1,2,2.172936432,2.127773108,52.471375236307,5.93901164374918,58.1627717986829
4194,image_0366_MIXED_L4.jpg,0,0,4,2,1,4,4,4,4,3.285714286,3.556948181,3.176559604,44.5368461667728,12.6075099368602,91.4420352103529
4195,image_0368_MIXED_L2.jpg,1,0,1,2,1,3,3,4,2,2.285714286,2.50032792,2.39611971,45.6957643105853,3.68137864140453,47.0348833162882
4196,image_0369_MIXED_L3.jpg,1,0,2,2,1,3,4,4,3,2.714285714,2.963919,2.785968439,48.4286818450868,6.99817180408868,74.8356990692331
4197,image_0370_MIXED_L3.jpg,1,0,2,2,1,3,4,4,3,2.714285714,2.963919,2.785968439,47.578318456118,6.31766481882646,71.49894780968
4198,image_0371_MIXED_L1.jpg,1,0,1,2,1,2,3,4,1,2,2.172936432,2.127773108,53.4701113408091,5.65983781795107,57.2943060265288
4199,image_0371_MIXED_L2.jpg,1,0,1,2,1,3,3,4,3,2.428571429,2.656896292,2.531492574,43.6213283114919,3.64249304198579,48.6349666143374
4200,image_0371_MIXED_L4.jpg,1,0,4,2,1,4,4,4,4,3.285714286,3.556948181,3.176559604,44.5385686224939,12.6099918532576,90.5800272235539
4201,image_0372_MIXED_L1.jpg,1,0,1,2,1,2,3,4,1,2,2.172936432,2.127773108,53.4430228893254,5.59636845704831,56.9337338973088
4202,image_0373_MIXED_L1.jpg,1,0,1,2,1,2,3,4,1,2,2.172936432,2.127773108,53.4034672949698,5.59375946958207,56.7845855919156
4203,image_0374_MIXED_L3.jpg,0,0,2,2,1,3,4,4,3,2.714285714,2.963919,2.785968439,50.1439572351889,6.47458270247195,73.424165098825
4204,image_0376_MIXED_L1.jpg,0,1,1,2,1,2,2,4,1,1.857142857,1.99873257,1.934419526,49.9663865203143,5.47995428240671,57.8651372949176
4205,image_0377_MIXED_L1.jpg,0,1,1,2,1,2,3,4,1,2,2.172936432,2.127773108,52.4045986690898,5.81752572334665,58.3676896426752
4206,image_0377_MIXED_L2.jpg,0,0,1,2,1,2,3,4,2,2.142857143,2.329504803,2.263145973,44.4234074801737,3.81955452203251,51.9540648834025
4207,image_0378_MIXED_L2.jpg,0,0,1,2,1,1,3,4,2,2,2.158681686,2.130172235,48.924871174901,3.94293273645063,49.8584681200615
4208,image_0380_MIXED_L1.jpg,0,1,1,2,1,2,3,4,1,2,2.172936432,2.127773108,52.0087627823855,5.91601334061397,58.193492059152
4209,image_0380_MIXED_L3.jpg,0,0,2,2,1,3,4,4,3,2.714285714,2.963919,2.785968439,48.8646289895712,7.45396755331493,77.1596064681572
4210,image_0381_MIXED_L1.jpg,0,1,1,2,1,2,3,4,1,2,2.172936432,2.127773108,51.4827905187294,6.17975959450109,60.3469024360588
4211,image_0383_MIXED_L3.jpg,0,0,2,2,1,3,4,4,3,2.714285714,2.963919,2.785968439,47.698658353018,6.7971362742199,76.2996779584607
4212,image_0386_MIXED_L2.jpg,0,0,1,2,1,1,3,4,2,2,2.158681686,2.130172235,48.687981970032,3.51447603621437,53.7711818654075
4213,image_0386_MIXED_L3.jpg,0,0,2,2,1,3,4,4,2,2.571428571,2.807350629,2.650595575,48.4044686997179,7.10625660213213,76.3317443448407
4214,image_0386_MIXED_L4.jpg,0,0,4,2,1,4,4,4,4,3.285714286,3.556948181,3.176559604,44.5408807169747,12.6524077943273,93.2314565935025
4215,image_0388_MIXED_L3.jpg,1,0,2,2,1,3,4,4,3,2.714285714,2.963919,2.785968439,47.4584830798866,7.50097837246069,76.3905273357056
4216,image_0389_MIXED_L1.jpg,1,1,1,2,1,2,3,4,1,2,2.172936432,2.127773108,52.2461059576886,5.3246618746169,57.8357050668026
4217,image_0389_MIXED_L3.jpg,1,0,2,2,1,3,4,4,3,2.714285714,2.963919,2.785968439,47.3091254923416,7.14461529967131,75.0396134864978
4218,image_0391_MIXED_L2.jpg,1,0,2,2,1,3,3,4,3,2.571428571,2.789715138,2.592614856,46.9338520420952,3.77942172163603,43.8041446372043
4219,image_0392_MIXED_L4.jpg,0,0,4,2,1,4,4,4,4,3.285714286,3.556948181,3.176559604,44.53884251792,12.5874646025065,90.0221691539494
4220,image_0393_MIXED_L1.jpg,0,0,1,2,1,2,3,4,1,2,2.172936432,2.127773108,52.205742970045,5.14510989299748,58.6402178349862
4221,image_0393_MIXED_L2.jpg,0,0,1,2,1,1,3,4,3,2.142857143,2.315250058,2.265545099,49.0828260243319,3.52479371788723,54.2759328250541
4222,image_0395_MIXED_L1.jpg,1,1,1,2,1,2,3,4,1,2,2.172936432,2.127773108,52.5581269919328,5.07852847554322,58.2290334601775
4223,image_0396_MIXED_L3.jpg,1,0,2,2,1,3,4,4,2,2.571428571,2.807350629,2.650595575,47.0698231270981,7.1921355905261,75.0412593932734
4224,image_0397_MIXED_L2.jpg,1,0,1,2,1,2,3,4,3,2.285714286,2.486073175,2.398518837,47.8547257298719,3.61057587257192,51.7902775706735
4225,image_0398_MIXED_L1.jpg,0,0,1,2,1,2,3,4,1,2,2.172936432,2.127773108,52.9504507772202,5.33225383911798,57.9072107400115
4226,image_0398_MIXED_L3.jpg,0,0,2,2,1,3,4,4,3,2.714285714,2.963919,2.785968439,47.4318075709804,7.3930987559096,76.7006868872661
4227,image_0400_MIXED_L3.jpg,0,0,2,2,1,3,4,4,2,2.571428571,2.807350629,2.650595575,47.4568385780661,7.28422051738507,76.1225981683402
4228,image_0401_MIXED_L3.jpg,0,0,2,2,1,3,4,4,2,2.571428571,2.807350629,2.650595575,47.0158554116137,7.08489374717337,74.5807691448074
4229,image_0403_MIXED_L4.jpg,0,0,4,2,1,4,4,4,4,3.285714286,3.556948181,3.176559604,44.5377640287409,12.6205601229709,91.0662202189755
4230,image_0404_MIXED_L1.jpg,0,0,1,2,1,2,3,4,1,2,2.172936432,2.127773108,52.9499585416088,5.2708811550014,58.8768485254044
4231,image_0406_MIXED_L1.jpg,0,1,1,2,1,1,3,4,1,1.857142857,2.002113315,1.994799371,51.8902924045748,5.23639999333294,58.9116529079596
4232,image_0407_MIXED_L3.jpg,0,0,2,2,1,3,4,4,3,2.714285714,2.963919,2.785968439,47.4783876624323,7.19991944623313,76.2574828081342
4233,image_0411_MIXED_L2.jpg,0,0,1,2,1,2,3,4,2,2.142857143,2.329504803,2.263145973,47.3984811978337,3.6334083965597,48.5769407129817
4234,image_0411_MIXED_L3.jpg,0,0,2,2,1,3,4,4,3,2.714285714,2.963919,2.785968439,47.9200608773027,7.07229477386257,74.9969023498205
4235,image_0412_MIXED_L2.jpg,0,0,1,2,1,2,3,4,2,2.142857143,2.329504803,2.263145973,47.4445964591304,3.62372939246255,48.849063719228
4236,image_0412_MIXED_L3.jpg,0,0,2,2,1,3,4,4,3,2.714285714,2.963919,2.785968439,47.8156938565822,6.85486163473045,74.8445359868571
4237,image_0413_MIXED_L1.jpg,0,0,1,2,1,1,3,4,1,1.857142857,2.002113315,1.994799371,51.395216036203,5.12718728695489,58.1248766438836
4238,image_0413_MIXED_L3.jpg,0,0,2,2,1,3,4,4,3,2.714285714,2.963919,2.785968439,47.5122534536638,6.61264103670595,74.4010798512089
4239,image_0418_MIXED_L2.jpg,0,0,1,2,1,2,3,4,3,2.285714286,2.486073175,2.398518837,47.4116168075265,3.5796553553253,50.5825123317101
4240,image_0419_MIXED_L2.jpg,0,0,1,2,1,3,3,4,3,2.428571429,2.656896292,2.531492574,46.7815175990863,3.56325400566409,45.5135809580599
4241,image_0420_MIXED_L1.jpg,0,0,1,2,1,2,3,4,1,2,2.172936432,2.127773108,51.577962436687,5.08272053625485,59.2250776432883
4242,image_0421_MIXED_L3.jpg,0,0,2,2,1,3,4,4,3,2.714285714,2.963919,2.785968439,47.1787186796278,7.03675117314858,77.238522653923
4243,image_0422_MIXED_L2.jpg,0,0,1,2,1,1,3,4,3,2.142857143,2.315250058,2.265545099,49.087997079097,3.57440444837529,55.5813982427207
4244,image_0422_MIXED_L3.jpg,0,0,2,2,1,3,4,4,2,2.571428571,2.807350629,2.650595575,47.2710835758354,7.04328642105021,75.2477110897733
4245,image_0422_MIXED_L4.jpg,0,0,4,2,1,4,4,4,4,3.285714286,3.556948181,3.176559604,44.5400699370942,12.6411935244218,90.419994937619
4246,image_0423_MIXED_L1.jpg,0,0,1,2,1,1,3,4,1,1.857142857,2.002113315,1.994799371,50.8080258403218,4.83173131861697,58.388476738938
4247,image_0425_MIXED_L3.jpg,0,0,2,2,1,3,4,4,3,2.714285714,2.963919,2.785968439,48.7285187184725,7.5764316829377,77.3008105009458
4248,image_0426_MIXED_L1.jpg,0,0,1,2,1,2,3,4,1,2,2.172936432,2.127773108,51.9983321513824,4.88331910668772,58.473210713769
4249,image_0429_MIXED_L4.jpg,1,0,4,2,1,4,4,4,4,3.285714286,3.556948181,3.176559604,44.5408223065742,12.6227386775198,90.7558899595921
4250,image_0430_MIXED_L4.jpg,1,0,4,2,1,4,4,4,4,3.285714286,3.556948181,3.176559604,44.546412863036,12.6415602539255,92.0333570494794
4251,image_0433_MIXED_L2.jpg,1,0,1,2,1,2,3,4,3,2.285714286,2.486073175,2.398518837,49.3983943686761,3.51276760487085,52.9807380013088
4252,image_0434_MIXED_L3.jpg,0,0,2,2,1,3,4,4,4,2.857142857,3.120487371,2.921341303,48.5130101158348,7.40719699172925,76.7341754576572
4253,image_0435_MIXED_L1.jpg,0,0,1,2,1,2,3,4,1,2,2.172936432,2.127773108,53.5534383044831,5.54093408397687,59.2053085115523
4254,image_0437_MIXED_L1.jpg,1,1,1,2,1,1,2,4,1,1.714285714,1.827909453,1.801445788,45.6552366720352,5.4772226506581,59.6029667174179
4255,image_0437_MIXED_L2.jpg,1,0,1,2,1,1,3,4,2,2,2.158681686,2.130172235,50.1627981951538,3.65852601667937,57.311176589685
4256,image_0437_MIXED_L4.jpg,1,0,4,2,1,4,4,4,4,3.285714286,3.556948181,3.176559604,44.5371840715035,12.6643005981905,91.2970532329832
4257,image_0438_MIXED_L1.jpg,1,1,1,2,1,1,2,4,1,1.714285714,1.827909453,1.801445788,45.4605980333708,5.54796694580283,62.2581087278725
4258,image_0438_MIXED_L2.jpg,1,0,1,2,1,1,3,4,3,2.142857143,2.315250058,2.265545099,46.3775069808999,3.78852498837506,56.9198349192075
4259,image_0440_MIXED_L1.jpg,0,0,1,2,1,1,3,4,1,1.857142857,2.002113315,1.994799371,52.0033016204781,5.40403613864349,58.097596530241
4260,image_0445_MIXED_L3.jpg,0,0,2,2,1,3,4,4,2,2.571428571,2.807350629,2.650595575,47.8528687957551,6.98409510230165,74.4617857645887
4261,image_0445_MIXED_L4.jpg,0,0,4,2,1,4,4,4,4,3.285714286,3.556948181,3.176559604,44.5391980496976,12.6391070792516,92.0216769351689
4262,image_0447_MIXED_L1.jpg,0,0,1,2,1,1,3,4,1,1.857142857,2.002113315,1.994799371,46.7776223501957,5.4709695659497,59.2843549738175
4263,image_0447_MIXED_L3.jpg,0,0,2,2,1,3,4,4,2,2.571428571,2.807350629,2.650595575,47.3240935515305,7.08113084059972,74.0420355084297
4264,image_0449_MIXED_L2.jpg,1,0,1,2,1,2,3,4,2,2.142857143,2.329504803,2.263145973,44.5581741446347,3.92258304651094,49.3671299850856
4265,image_0450_MIXED_L4.jpg,1,0,4,2,1,4,4,4,4,3.285714286,3.556948181,3.176559604,44.5467206492309,12.6059521375855,90.3140096158887
4266,image_0451_MIXED_L3.jpg,0,0,2,2,1,3,4,4,3,2.714285714,2.963919,2.785968439,47.6160413662848,6.82632287738047,74.9621453709374
4267,image_0452_MIXED_L3.jpg,0,0,2,2,1,3,4,4,3,2.714285714,2.963919,2.785968439,47.7978602084535,6.8086471005395,75.8444046625816
4268,image_0453_MIXED_L2.jpg,0,0,1,2,1,1,3,4,2,2,2.158681686,2.130172235,52.4511939454917,3.853439748312,57.7950446597842
4269,image_0455_MIXED_L1.jpg,0,1,1,2,1,1,3,4,1,1.857142857,2.002113315,1.994799371,52.7363844826972,5.04334608007878,56.5441518461331
4270,image_0455_MIXED_L3.jpg,0,0,2,2,1,3,4,4,3,2.714285714,2.963919,2.785968439,47.4479083544988,6.87498668331203,74.662803924509
4271,image_0456_MIXED_L1.jpg,0,1,1,2,1,1,3,4,1,1.857142857,2.002113315,1.994799371,52.0747452531732,5.0550615628678,56.6446309574377
4272,image_0456_MIXED_L2.jpg,0,0,1,2,1,2,3,4,2,2.142857143,2.329504803,2.263145973,47.5073478421578,3.85050576524679,49.9344274184931
4273,image_0457_MIXED_L4.jpg,0,0,4,2,1,4,4,4,4,3.285714286,3.556948181,3.176559604,44.5376373680019,12.6036863701354,90.2476097510699
4274,image_0458_MIXED_L2.jpg,0,0,1,2,1,2,3,4,2,2.142857143,2.329504803,2.263145973,45.9788736079956,3.80391461370122,52.1871553143254
4275,image_0458_MIXED_L4.jpg,0,0,4,2,1,4,4,4,4,3.285714286,3.556948181,3.176559604,44.5381449806523,12.6156154484011,90.5791625062749
4276,image_0459_MIXED_L2.jpg,0,0,1,2,1,1,3,4,2,2,2.158681686,2.130172235,45.9856394432332,3.84787035350527,52.149387963398
4277,image_0459_MIXED_L3.jpg,0,0,2,2,1,3,4,4,3,2.714285714,2.963919,2.785968439,48.0389886241853,6.79000652548065,74.1684072635149
4278,image_0459_MIXED_L4.jpg,0,0,4,2,1,4,4,4,4,3.285714286,3.556948181,3.176559604,44.5383608082056,12.6305892866024,90.5058999670545
4279,image_0461_MIXED_L2.jpg,0,0,1,2,1,2,3,4,2,2.142857143,2.329504803,2.263145973,44.9820213196466,3.81171088219095,53.2787104095517
4280,image_0462_MIXED_L1.jpg,0,1,1,2,1,2,3,4,1,2,2.172936432,2.127773108,51.1693157191895,5.23897583392716,54.7612648140264
4281,image_0462_MIXED_L4.jpg,0,0,4,2,1,4,4,4,4,3.285714286,3.556948181,3.176559604,44.5429486973991,12.6253208151306,90.0002459314005
4282,image_0463_MIXED_L2.jpg,0,0,1,2,1,1,3,4,2,2,2.158681686,2.130172235,46.8249642398076,3.86268700566133,50.3323670061022
4283,image_0464_MIXED_L3.jpg,0,0,2,2,1,3,4,4,3,2.714285714,2.963919,2.785968439,48.3811247801398,7.08784512663472,76.2601095162519
4284,image_0465_MIXED_L3.jpg,0,0,2,2,1,3,4,4,3,2.714285714,2.963919,2.785968439,47.41321820321,6.8949407386895,74.6982267140244
4285,image_0467_MIXED_L1.jpg,0,1,1,2,1,2,3,4,1,2,2.172936432,2.127773108,50.4959429047221,5.82922977669611,57.5004950399899
4286,image_0467_MIXED_L4.jpg,0,0,4,2,1,4,4,4,4,3.285714286,3.556948181,3.176559604,44.5405170828855,12.6035533859755,90.2928812508618
4287,image_0468_MIXED_L2.jpg,0,0,1,2,1,1,3,4,2,2,2.158681686,2.130172235,45.890120055001,3.79214536525003,55.1137716638983
4288,image_0469_MIXED_L1.jpg,0,1,1,2,1,1,3,4,1,1.857142857,2.002113315,1.994799371,50.9213956609327,5.23107647328227,57.414233448385
4289,image_0470_MIXED_L2.jpg,0,0,1,2,1,1,3,4,2,2,2.158681686,2.130172235,49.6783548338916,3.87909832004161,51.6105531942575
4290,image_0471_MIXED_L4.jpg,0,0,4,2,1,4,4,4,4,3.285714286,3.556948181,3.176559604,44.5359971714216,12.651617400081,92.9967688480283
4291,image_0473_MIXED_L4.jpg,0,0,4,2,1,4,4,4,4,3.285714286,3.556948181,3.176559604,44.5416186355662,12.5958515381322,90.6814607056378
4292,image_0474_MIXED_L1.jpg,0,1,1,2,1,1,3,4,1,1.857142857,2.002113315,1.994799371,51.1799229940822,5.17762571153349,55.0809587742559
4293,image_0474_MIXED_L3.jpg,0,0,2,2,1,3,4,4,3,2.714285714,2.963919,2.785968439,47.427461466775,7.10126892160205,74.4276006643673
4294,image_0476_MIXED_L1.jpg,0,1,1,2,1,2,3,4,1,2,2.172936432,2.127773108,49.8693568506642,5.48964630296603,57.2502922944183
4295,image_0476_MIXED_L3.jpg,0,0,2,2,1,3,4,4,3,2.714285714,2.963919,2.785968439,48.4253651638605,7.11685463086293,75.6518125350625
4296,image_0476_MIXED_L4.jpg,0,0,4,2,1,4,4,4,4,3.285714286,3.556948181,3.176559604,44.5411026381228,12.6013370574621,91.4219768691392
4297,image_0482_MIXED_L3.jpg,1,0,2,2,1,3,4,4,3,2.714285714,2.963919,2.785968439,48.1755620295676,7.14577900386418,75.73656896201
4298,image_0483_MIXED_L4.jpg,0,0,4,2,1,4,4,4,4,3.285714286,3.556948181,3.176559604,44.5394442849828,12.6147994811707,90.2089039432965
4299,image_0484_MIXED_L1.jpg,0,1,1,2,1,2,2,4,1,1.857142857,1.99873257,1.934419526,46.2072218400158,5.65381430914042,56.6184862787896
4300,image_0484_MIXED_L2.jpg,0,0,1,2,1,2,3,4,3,2.285714286,2.486073175,2.398518837,48.8402467453187,3.77799402552371,57.7535550090438
4301,image_0484_MIXED_L4.jpg,0,0,4,2,1,4,4,4,4,3.285714286,3.556948181,3.176559604,44.5412850358586,12.6054996223212,91.0660113429335
4302,image_0485_MIXED_L3.jpg,0,0,2,2,1,3,4,4,2,2.571428571,2.807350629,2.650595575,47.6613408717262,7.01943501678739,75.863291388548
4303,image_0490_MIXED_L4.jpg,1,0,4,2,1,4,4,4,4,3.285714286,3.556948181,3.176559604,44.5399514896277,12.6243639806509,94.9113832069654
4304,image_0491_MIXED_L4.jpg,1,0,4,2,1,4,4,4,4,3.285714286,3.556948181,3.176559604,44.536903525187,12.6226899490505,91.1723337893958
4305,image_0492_MIXED_L1.jpg,1,1,1,2,1,2,3,4,1,2,2.172936432,2.127773108,53.3625936969771,5.14915898193853,60.1701014647552
4306,image_0492_MIXED_L2.jpg,1,0,1,2,1,3,3,4,3,2.428571429,2.656896292,2.531492574,47.6215510082063,3.66264651888812,47.1402405943128
4307,image_0492_MIXED_L4.jpg,1,0,4,2,1,4,4,4,4,3.285714286,3.556948181,3.176559604,44.53487984887,12.6007758045286,90.0485029294819
4308,image_0493_MIXED_L2.jpg,0,0,1,2,1,1,3,4,3,2.142857143,2.315250058,2.265545099,48.6122177845639,3.56430590429045,54.1664718774419
4309,image_0494_MIXED_L2.jpg,0,0,1,2,1,1,3,4,3,2.142857143,2.315250058,2.265545099,49.1251570530345,3.54847719879755,54.5515527190806
4310,image_0495_MIXED_L3.jpg,0,0,2,2,1,3,4,4,2,2.571428571,2.807350629,2.650595575,47.3040205869728,6.91334497530254,73.7151384845647
4311,image_0496_MIXED_L1.jpg,0,0,1,2,1,1,2,4,1,1.714285714,1.827909453,1.801445788,50.1163044208309,5.01176075207612,56.8093067254865
4312,image_0496_MIXED_L2.jpg,0,0,1,2,1,1,3,4,3,2.142857143,2.315250058,2.265545099,48.8767048928596,3.56936211926786,54.1029688716547
4313,image_0497_MIXED_L3.jpg,0,0,2,2,1,3,4,4,2,2.571428571,2.807350629,2.650595575,47.8632253480169,6.67635186009837,74.1792603947583
4314,image_0498_MIXED_L1.jpg,0,0,1,2,1,2,3,4,1,2,2.172936432,2.127773108,51.8554481810742,5.38180771387947,58.7052527129539
4315,image_0499_MIXED_L4.jpg,0,0,4,2,1,4,4,4,4,3.285714286,3.556948181,3.176559604,44.5389402719256,12.6481733463894,90.8522630653124
4316,image_0501_MIXED_L4.jpg,0,0,4,2,1,4,4,4,4,3.285714286,3.556948181,3.176559604,44.5417760463539,12.5532215199905,90.3402832782255
4317,image_0502_MIXED_L2.jpg,0,0,1,2,1,2,3,4,2,2.142857143,2.329504803,2.263145973,45.7366820632057,3.80890616423054,48.6653238534428
4318,image_0503_MIXED_L1.jpg,0,1,1,2,1,1,3,4,1,1.857142857,2.002113315,1.994799371,49.9322631477695,4.9286359763971,55.8609784389324
4319,image_0504_MIXED_L4.jpg,0,0,4,2,1,4,4,4,4,3.285714286,3.556948181,3.176559604,44.5422507062177,12.565458457694,90.4539028201469
4320,image_0505_MIXED_L3.jpg,0,0,2,2,1,3,4,4,3,2.714285714,2.963919,2.785968439,48.2190006539267,7.75944767454518,77.7690896685182
4321,image_0507_MIXED_L1.jpg,0,0,1,2,1,1,3,4,1,1.857142857,2.002113315,1.994799371,49.6767991576683,5.04150314698912,56.0801062918464
4322,image_0508_MIXED_L3.jpg,0,0,2,2,1,3,4,4,3,2.714285714,2.963919,2.785968439,48.4768656653143,7.08763396543197,75.4833166938492
4323,image_0509_MIXED_L4.jpg,0,0,4,2,1,4,4,4,4,3.285714286,3.556948181,3.176559604,44.5442022133546,12.6295858407486,90.4439298989991
4324,image_0510_MIXED_L3.jpg,0,0,2,2,1,3,4,4,3,2.714285714,2.963919,2.785968439,48.1833650875777,7.29795887646707,74.3881048259423
4325,image_0512_MIXED_L2.jpg,0,0,1,2,1,1,3,4,3,2.142857143,2.315250058,2.265545099,48.190801817045,3.75205512028693,51.5277522828334
4326,image_0512_MIXED_L3.jpg,0,0,2,2,1,3,4,4,3,2.714285714,2.963919,2.785968439,47.9333516665588,7.70004966010909,75.6686705463146
4327,image_0513_MIXED_L1.jpg,1,1,1,2,1,2,3,4,1,2,2.172936432,2.127773108,53.2330548299697,5.18494654875728,60.3270512283902
4328,image_0513_MIXED_L2.jpg,1,0,1,2,1,2,3,4,3,2.285714286,2.486073175,2.398518837,50.2376611180587,3.5815897438332,47.530998039329
4329,image_0513_MIXED_L4.jpg,1,0,4,2,1,4,4,4,4,3.285714286,3.556948181,3.176559604,44.5412161448101,12.5976130750054,90.0046950441288
4330,image_0515_MIXED_L1.jpg,1,1,1,2,1,2,3,4,1,2,2.172936432,2.127773108,53.2125221292029,5.20961097359344,59.3497847419707
4331,image_0516_MIXED_L4.jpg,1,0,4,2,1,4,4,4,4,3.285714286,3.556948181,3.176559604,44.5403995268033,12.6071351273245,90.5841292155449
4332,image_0519_MIXED_L1.jpg,1,0,1,2,1,1,3,4,2,2,2.158681686,2.130172235,52.9838440700338,4.62875245862441,58.8585188095632
4333,image_0521_MIXED_L1.jpg,0,1,1,2,1,1,4,4,1,2,2.176317177,2.188152954,53.3328027495299,4.8397555003721,57.631527982974
4334,image_0521_MIXED_L4.jpg,0,0,4,2,1,4,4,4,4,3.285714286,3.556948181,3.176559604,44.5412747837023,12.5993934838853,90.3941439005401
4335,image_0522_MIXED_L3.jpg,0,0,2,2,1,3,4,4,3,2.714285714,2.963919,2.785968439,48.2252670809909,6.60207167797249,73.2310363485154
4336,image_0524_MIXED_L1.jpg,0,1,1,2,1,2,3,4,1,2,2.172936432,2.127773108,53.4780233942855,5.31703812600677,57.7886107098907
4337,image_0524_MIXED_L3.jpg,0,0,2,2,1,3,4,4,4,2.857142857,3.120487371,2.921341303,47.8319345176682,6.78212626626735,76.5719160991705
4338,image_0525_MIXED_L1.jpg,0,1,1,2,1,2,3,4,1,2,2.172936432,2.127773108,53.7363293842227,5.37334549077744,57.7090568372977
4339,image_0526_MIXED_L1.jpg,0,1,1,2,1,2,3,4,1,2,2.172936432,2.127773108,53.4911523920367,5.24378927316896,57.2309806304384
4340,image_0526_MIXED_L3.jpg,0,0,2,2,1,3,4,4,3,2.714285714,2.963919,2.785968439,47.8341377806765,7.18466398754408,76.2556115065318
4341,image_0526_MIXED_L4.jpg,0,0,4,2,1,4,4,4,4,3.285714286,3.556948181,3.176559604,44.536481605741,12.6033620562223,90.4150294927403
4342,image_0528_MIXED_L1.jpg,0,1,1,2,1,1,3,4,2,2,2.158681686,2.130172235,49.9801456567684,5.00103054229013,59.1271811766131
4343,image_0528_MIXED_L3.jpg,0,0,2,2,1,3,4,4,2,2.571428571,2.807350629,2.650595575,47.4484238941851,6.75440977664317,72.6337831513578
4344,image_0529_MIXED_L2.jpg,0,0,1,2,1,1,3,4,2,2,2.158681686,2.130172235,46.1503865836635,3.86120943532347,52.2651005562717
4345,image_0529_MIXED_L3.jpg,0,0,2,2,1,3,4,4,2,2.571428571,2.807350629,2.650595575,47.4583330228434,6.76615832385108,72.8395665078483
4346,image_0529_MIXED_L4.jpg,0,0,4,2,1,4,4,4,4,3.285714286,3.556948181,3.176559604,44.5444218010462,12.6147170769035,94.912033940492
4347,image_0530_MIXED_L3.jpg,1,0,2,2,1,3,4,4,3,2.714285714,2.963919,2.785968439,48.3127689915138,6.57584442884935,75.9421949889014
4348,image_0532_MIXED_L3.jpg,1,0,2,2,1,3,4,4,4,2.857142857,3.120487371,2.921341303,48.06745317221,6.12984513672329,74.2955847855754
4349,image_0534_MIXED_L3.jpg,1,0,2,2,1,3,4,4,4,2.857142857,3.120487371,2.921341303,47.9350833900382,6.19850655625479,74.3552060610196
4350,image_0537_MIXED_L4.jpg,0,0,4,2,1,4,4,4,4,3.285714286,3.556948181,3.176559604,44.5556924590048,12.6331617154725,100
4351,image_0538_MIXED_L4.jpg,0,0,4,2,1,4,4,4,4,3.285714286,3.556948181,3.176559604,44.542676990969,12.47889422769,90.3160224084687
4352,image_0540_MIXED_L3.jpg,0,0,2,2,1,4,4,4,4,3,3.291310488,3.05431504,48.0634999109728,5.69133970811478,70.5135418742783
4353,image_0542_MIXED_L2.jpg,0,0,2,2,1,2,3,4,2,2.285714286,2.46232365,2.324268254,47.0101155163741,3.84151738191933,43.1721046099217
4354,image_0542_MIXED_L3.jpg,0,0,2,2,1,3,4,4,3,2.714285714,2.963919,2.785968439,48.0563039464894,5.93765465278206,71.0294591826814
4355,image_0542_MIXED_L4.jpg,0,0,4,2,1,4,4,4,4,3.285714286,3.556948181,3.176559604,44.5466762364043,12.6449245941877,90.7354716467184
4356,image_0543_MIXED_L1.jpg,0,1,1,2,1,1,3,4,1,1.857142857,2.002113315,1.994799371,52.9980635665659,5.20396316419385,62.0126555482681
4357,image_0543_MIXED_L4.jpg,0,0,4,2,1,4,4,4,4,3.285714286,3.556948181,3.176559604,44.5457707097116,12.5938756782543,90.2750916940472
4358,image_0547_MIXED_L3.jpg,0,0,2,2,1,3,4,4,3,2.714285714,2.963919,2.785968439,47.8271472983779,6.17087629442977,71.3045803075075
4359,image_0548_MIXED_L3.jpg,0,0,2,2,1,3,4,4,3,2.714285714,2.963919,2.785968439,47.588797157904,6.33307991663965,75.2812085389218
4360,image_0550_MIXED_L1.jpg,0,1,1,2,1,1,4,4,1,2,2.176317177,2.188152954,51.6765209704835,5.22926176999326,56.962428756464
4361,image_0550_MIXED_L2.jpg,0,0,2,2,1,2,4,4,3,2.571428571,2.793095883,2.652994701,48.5923183354393,3.80066872311255,44.7285529423453
4362,image_0553_MIXED_L1.jpg,1,0,1,2,1,2,4,4,1,2.142857143,2.347140294,2.321126691,51.4411382490658,5.16398324392304,59.0828770404831
4363,image_0554_MIXED_L3.jpg,1,0,2,2,1,3,4,4,3,2.714285714,2.963919,2.785968439,47.1440765416367,8.20932729368756,77.8493719459072
4364,image_0555_MIXED_L1.jpg,1,0,1,2,1,2,4,4,1,2.142857143,2.347140294,2.321126691,51.5790511867517,5.1500388541999,57.0074475210753
4365,image_0555_MIXED_L2.jpg,1,0,2,2,1,1,4,4,3,2.428571429,2.622272766,2.520020964,48.2660610515874,3.90875421313009,48.7468171280841
4366,image_0558_MIXED_L2.jpg,0,0,1,2,1,1,3,4,3,2.142857143,2.315250058,2.265545099,43.9259066364902,3.66813232010593,56.8840477247259
4367,image_0559_MIXED_L1.jpg,0,0,1,2,1,1,2,4,1,1.714285714,1.827909453,1.801445788,43.8467414844019,6.00027023391029,54.2737484558743
4368,image_0561_MIXED_L3.jpg,0,0,2,2,1,3,4,4,3,2.714285714,2.963919,2.785968439,47.7868606892363,7.65221862069256,77.9432501521902
4369,image_0562_MIXED_L3.jpg,0,0,2,2,1,3,4,4,3,2.714285714,2.963919,2.785968439,49.30523783825,6.52084485605188,73.7729465425728
4370,image_0563_MIXED_L1.jpg,0,0,1,2,1,1,3,4,1,1.857142857,2.002113315,1.994799371,53.8327250849182,5.24040058183044,55.2307310932295
4371,image_0563_MIXED_L3.jpg,0,0,2,2,1,3,4,4,3,2.714285714,2.963919,2.785968439,48.289481342074,7.28224492731504,75.3291859327379
4372,image_0564_MIXED_L2.jpg,0,0,2,2,1,1,3,4,2,2.142857143,2.291500533,2.191294517,47.9669783367651,3.96285526152946,48.7778834476584
4373,image_0565_MIXED_L2.jpg,0,0,1,2,1,1,3,4,3,2.142857143,2.315250058,2.265545099,49.7057420037458,3.68352055814629,58.0399771647099
4374,image_0567_MIXED_L3.jpg,1,0,2,2,1,3,4,4,2,2.571428571,2.807350629,2.650595575,47.952405273536,7.18891444457649,75.3965034354139
4375,image_0571_MIXED_L1.jpg,0,0,1,2,1,1,3,4,2,2,2.158681686,2.130172235,45.061258610601,4.97448152003677,57.8470971300395
4376,image_0571_MIXED_L4.jpg,0,0,4,2,1,4,4,4,4,3.285714286,3.556948181,3.176559604,44.5488518559524,12.5471258945857,90.7405877125279
4377,image_0572_MIXED_L3.jpg,0,0,2,2,1,3,4,4,3,2.714285714,2.963919,2.785968439,48.4662339996748,7.08632402564716,74.5588558012929
4378,image_0573_MIXED_L1.jpg,0,0,1,2,1,1,3,4,1,1.857142857,2.002113315,1.994799371,50.0727132782256,5.06084403338525,56.9962624441761
4379,image_0574_MIXED_L1.jpg,0,1,1,2,1,2,4,4,2,2.285714286,2.503708665,2.456499555,52.446457735515,5.34896184824161,56.4906114238889
4380,image_0575_MIXED_L1.jpg,0,1,1,2,1,2,4,4,2,2.285714286,2.503708665,2.456499555,51.6767836989985,5.30415967505426,55.3766516116802
4381,image_0578_MIXED_L4.jpg,0,0,4,2,1,4,4,4,4,3.285714286,3.556948181,3.176559604,44.5422700529767,12.5350250423655,89.8572369810415
4382,image_0579_MIXED_L4.jpg,0,0,4,2,1,4,4,4,4,3.285714286,3.556948181,3.176559604,44.5423131073643,12.5641585285071,90.6707443051748
4383,image_0580_MIXED_L2.jpg,0,0,1,2,1,2,3,4,3,2.285714286,2.486073175,2.398518837,46.7189103310879,3.68737223763293,53.8222477950252
4384,image_0581_MIXED_L1.jpg,0,0,1,2,1,1,3,4,2,2,2.158681686,2.130172235,44.098238053458,4.92595350724269,60.9696875046265
4385,image_0583_MIXED_L3.jpg,0,0,2,2,1,3,4,4,2,2.571428571,2.807350629,2.650595575,44.1480610518334,6.83232101794907,73.6956035637799
4386,image_0584_MIXED_L1.jpg,0,1,1,2,1,1,3,4,2,2,2.158681686,2.130172235,50.1796879965648,4.91818788258212,54.0484940577418
4387,image_0584_MIXED_L3.jpg,0,0,2,2,1,3,4,4,2,2.571428571,2.807350629,2.650595575,47.0209623665658,7.15648178726595,74.5394905953194
4388,image_0587_MIXED_L2.jpg,0,0,1,2,1,1,3,4,3,2.142857143,2.315250058,2.265545099,48.0715286009545,3.72599506331345,52.7553039241242
4389,image_0587_MIXED_L3.jpg,0,0,2,2,1,3,4,4,2,2.571428571,2.807350629,2.650595575,47.0550232844588,7.60904702686642,75.785429698371
4390,image_0587_MIXED_L4.jpg,0,0,4,2,1,4,4,4,4,3.285714286,3.556948181,3.176559604,44.5491010160365,12.6101201827612,92.0219874043486
4391,image_0592_MIXED_L1.jpg,1,1,1,2,1,1,3,4,1,1.857142857,2.002113315,1.994799371,50.6299726271198,4.94884405834272,57.5984406876268
4392,image_0594_MIXED_L2.jpg,1,0,1,2,1,2,3,4,3,2.285714286,2.486073175,2.398518837,47.2378002667966,3.53277588373923,48.2052070940976
4393,image_0595_MIXED_L3.jpg,1,0,2,2,1,3,4,4,3,2.714285714,2.963919,2.785968439,47.9630375890604,6.70822736510287,74.4728636022644
4394,image_0596_MIXED_L2.jpg,0,0,1,2,1,2,3,4,3,2.285714286,2.486073175,2.398518837,48.046109206925,3.55307828924262,48.7760241357848
4395,image_0596_MIXED_L3.jpg,0,0,2,2,1,3,4,4,3,2.714285714,2.963919,2.785968439,47.9881522775516,7.00678102116434,75.9610556552347
4396,image_0601_MIXED_L3.jpg,1,0,2,2,1,3,4,4,3,2.714285714,2.963919,2.785968439,48.0484844419293,7.09601539754433,74.849398851017
4397,image_0602_MIXED_L2.jpg,0,0,1,2,1,2,3,4,2,2.142857143,2.329504803,2.263145973,47.7220853186514,3.88340258133719,54.1376419487651
4398,image_0603_MIXED_L1.jpg,0,1,1,2,1,1,2,4,1,1.714285714,1.827909453,1.801445788,49.5899795821438,5.18561310210495,54.7973157527894
4399,image_0603_MIXED_L2.jpg,0,0,1,2,1,2,3,4,2,2.142857143,2.329504803,2.263145973,47.7488766891289,3.84180043823297,52.7929336895148
4400,image_0603_MIXED_L3.jpg,0,0,2,2,1,3,4,4,3,2.714285714,2.963919,2.785968439,46.6505592420761,6.40911118436125,73.4723048530088
4401,image_0604_MIXED_L2.jpg,0,0,1,2,1,2,3,4,2,2.142857143,2.329504803,2.263145973,49.0434811254327,3.83761917289579,55.6129862508639
4402,image_0605_MIXED_L1.jpg,0,1,1,2,1,1,3,4,1,1.857142857,2.002113315,1.994799371,49.4826213895418,5.19971518406934,56.3248537398789
4403,image_0605_MIXED_L2.jpg,0,0,1,2,1,2,3,4,2,2.142857143,2.329504803,2.263145973,46.2565136727835,3.77783459381009,51.8887222747995
4404,image_0605_MIXED_L3.jpg,0,0,2,2,1,3,4,4,3,2.714285714,2.963919,2.785968439,48.4152528739173,6.62430101382317,73.4506587987118
4405,image_0607_MIXED_L2.jpg,0,0,1,2,1,3,3,4,2,2.285714286,2.50032792,2.39611971,46.6870599320086,3.75455020400182,49.4344587344473
4406,image_0608_MIXED_L1.jpg,0,1,1,2,1,1,2,3,1,1.571428571,1.651598331,1.653934002,48.1771554047667,5.41703664978164,55.1157964034729
4407,image_0608_MIXED_L4.jpg,0,0,4,2,1,4,4,4,4,3.285714286,3.556948181,3.176559604,44.5369384401431,12.6980559275923,100
4408,image_0612_MIXED_L2.jpg,0,0,1,2,1,2,3,4,3,2.285714286,2.486073175,2.398518837,47.3779711299813,3.67673039883064,52.936088747764
4409,image_0614_MIXED_L1.jpg,0,1,1,2,1,2,3,4,1,2,2.172936432,2.127773108,53.4916881545666,5.24625778397248,56.0097402025524
4410,image_0616_MIXED_L4.jpg,0,0,4,2,1,4,4,4,4,3.285714286,3.556948181,3.176559604,44.5344380732895,12.6480517790543,90.4975222700345
4411,image_0617_MIXED_L1.jpg,1,1,1,2,1,2,3,4,1,2,2.172936432,2.127773108,52.357711589279,4.94858962301458,56.3098330306171
4412,image_0619_MIXED_L3.jpg,0,0,2,2,1,3,4,4,3,2.714285714,2.963919,2.785968439,48.3349609824014,6.78422653155056,75.0670437651459
4413,image_0619_MIXED_L4.jpg,0,0,4,2,1,4,4,4,4,3.285714286,3.556948181,3.176559604,44.5368968627842,12.6334648655875,91.7323118630653
4414,image_0620_MIXED_L1.jpg,1,1,1,2,1,1,3,4,2,2,2.158681686,2.130172235,52.0452918547458,4.93563518073451,56.6726607932307
4415,image_0620_MIXED_L3.jpg,1,0,2,2,1,3,4,4,3,2.714285714,2.963919,2.785968439,47.4515900604292,6.34286759216777,73.4308982372835
4416,image_0621_MIXED_L1.jpg,0,1,1,2,1,1,2,4,1,1.714285714,1.827909453,1.801445788,49.7077991596724,5.42042711938903,57.1049288875287
4417,image_0621_MIXED_L3.jpg,0,0,2,2,1,3,4,4,3,2.714285714,2.963919,2.785968439,48.2709263000678,6.69863291879882,74.2042597627084
4418,image_0624_MIXED_L3.jpg,0,0,2,2,1,3,4,4,3,2.714285714,2.963919,2.785968439,49.0749626607595,6.64211012887314,74.7732001134903
4419,image_0624_MIXED_L4.jpg,0,0,4,2,1,4,4,4,4,3.285714286,3.556948181,3.176559604,44.5349038785522,12.6277450432146,90.5799426266571
4420,image_0625_MIXED_L1.jpg,0,1,1,2,1,1,2,4,1,1.714285714,1.827909453,1.801445788,49.60155976659,5.45154837540181,55.8951196146882
4421,image_0626_MIXED_L4.jpg,0,0,4,2,1,4,4,4,4,3.285714286,3.556948181,3.176559604,44.5392951518976,12.6116763697436,90.2170104604741
4422,image_0627_MIXED_L3.jpg,0,0,2,2,1,3,4,4,3,2.714285714,2.963919,2.785968439,48.7679913269892,6.61905898226489,74.5186247001764
4423,image_0627_MIXED_L4.jpg,0,0,4,2,1,4,4,4,4,3.285714286,3.556948181,3.176559604,44.5370791081529,12.6576489637916,90.4145656478394
4424,image_0628_MIXED_L2.jpg,0,0,1,2,1,1,3,4,2,2,2.158681686,2.130172235,49.2109963899048,3.88531929425118,51.9640951671547
4425,image_0630_MIXED_L4.jpg,0,0,4,2,1,4,4,4,4,3.285714286,3.556948181,3.176559604,44.5328612002273,12.6281459104412,90.4286454731733
4426,image_0632_MIXED_L3.jpg,0,0,2,2,1,3,4,4,3,2.714285714,2.963919,2.785968439,49.8577092667835,6.69269085823885,76.229057651812
4427,image_0633_MIXED_L4.jpg,0,0,4,2,1,4,4,4,4,3.285714286,3.556948181,3.176559604,44.5394240949727,12.6632394161557,90.4310158814523
4428,image_0634_MIXED_L3.jpg,1,0,2,2,1,3,4,4,4,2.857142857,3.120487371,2.921341303,48.6515398106493,7.13951171080905,75.4259422760052
4429,image_0634_MIXED_L4.jpg,1,0,4,2,1,4,4,4,4,3.285714286,3.556948181,3.176559604,44.530153422634,12.6127933668056,90.0941067295642
4430,image_0635_MIXED_L3.jpg,0,0,2,2,1,3,4,4,3,2.714285714,2.963919,2.785968439,47.7712323614313,7.38472413890252,78.0827736272718
4431,image_0635_MIXED_L4.jpg,0,0,4,2,1,4,4,4,4,3.285714286,3.556948181,3.176559604,44.535634123028,12.6212856055893,90.2472440446237
4432,image_0636_MIXED_L3.jpg,0,0,2,2,1,3,4,4,3,2.714285714,2.963919,2.785968439,48.9861247353943,6.97000456658719,77.2185854429558
4433,image_0637_MIXED_L3.jpg,0,0,2,2,1,3,4,4,3,2.714285714,2.963919,2.785968439,50.0699817381327,6.67694828298634,75.9432293885617
4434,image_0638_MIXED_L3.jpg,0,0,2,2,1,3,4,4,3,2.714285714,2.963919,2.785968439,49.5818839478229,6.41022981447019,75.5973016437776
4435,image_0638_MIXED_L4.jpg,0,0,4,2,1,4,4,4,4,3.285714286,3.556948181,3.176559604,44.5301069590028,12.6409992675748,91.0930542029576
4436,image_0639_MIXED_L1.jpg,0,1,1,2,1,1,3,4,1,1.857142857,2.002113315,1.994799371,50.6831422622884,5.03351256925222,63.7977637830561
4437,image_0640_MIXED_L4.jpg,0,0,4,2,1,4,4,4,4,3.285714286,3.556948181,3.176559604,44.529323115021,12.6073867218656,90.5816458609098
4438,image_0644_MIXED_L2.jpg,1,0,1,2,1,3,3,4,2,2.285714286,2.50032792,2.39611971,45.9945637893033,3.77629785380184,47.2085923036564
4439,image_0645_MIXED_L1.jpg,0,1,1,2,1,2,3,4,1,2,2.172936432,2.127773108,52.5839187280086,5.22266431046553,59.465520090156
4440,image_0646_MIXED_L2.jpg,1,0,1,2,1,3,3,4,2,2.285714286,2.50032792,2.39611971,45.9677840064982,3.8712354189342,46.586255108999
4441,image_0646_MIXED_L3.jpg,1,0,2,2,1,3,4,4,4,2.857142857,3.120487371,2.921341303,48.765240087674,7.37445905367661,76.3188114546769
4442,image_0646_MIXED_L4.jpg,1,0,4,2,1,4,4,4,4,3.285714286,3.556948181,3.176559604,44.5317075248868,12.5916714531803,90.0371458727768
4443,image_0647_MIXED_L2.jpg,0,0,1,2,1,1,3,4,2,2,2.158681686,2.130172235,48.0484011604382,3.71521941790198,55.2439287470456
4444,image_0647_MIXED_L3.jpg,0,0,2,2,1,3,4,4,3,2.714285714,2.963919,2.785968439,47.2626793492512,6.4115848743756,76.297639414808
4445,image_0647_MIXED_L4.jpg,0,0,4,2,1,4,4,4,4,3.285714286,3.556948181,3.176559604,44.5350488492344,12.6138149988651,90.7614500177182
4446,image_0648_MIXED_L2.jpg,1,0,1,2,1,2,3,4,2,2.142857143,2.329504803,2.263145973,46.1324081728683,3.84376218792183,46.8472853681967
4447,image_0649_MIXED_L1.jpg,0,1,1,1,1,2,3,4,1,1.857142857,2.048164206,1.96221626,52.5799424034098,5.23989503503637,58.1411371655416
4448,image_0650_MIXED_L1.jpg,1,1,1,2,1,2,3,4,1,2,2.172936432,2.127773108,51.6920337885536,5.20387047870815,56.7337981477671
4449,image_0650_MIXED_L2.jpg,1,0,1,2,1,3,3,4,2,2.285714286,2.50032792,2.39611971,46.4435892079745,3.76107785808886,47.8834252766002
4450,image_0652_MIXED_L2.jpg,0,0,1,2,1,2,3,4,3,2.285714286,2.486073175,2.398518837,45.884703093897,3.67599511060165,53.6161824755491
4451,image_0653_MIXED_L1.jpg,0,1,1,1,1,2,3,4,1,1.857142857,2.048164206,1.96221626,50.8496178555901,5.02187548377921,55.7063796033368
4452,image_0653_MIXED_L4.jpg,0,0,4,2,1,4,4,4,4,3.285714286,3.556948181,3.176559604,44.5381401102242,12.5998101082983,89.8517276670436
4453,image_0655_MIXED_L3.jpg,0,0,2,2,1,3,4,4,3,2.714285714,2.963919,2.785968439,48.9919753065442,6.95799586030702,76.0785170034245
4454,image_0656_MIXED_L1.jpg,0,1,1,2,1,1,3,4,1,1.857142857,2.002113315,1.994799371,51.9794157963776,5.43018713780865,56.9822988302117
4455,image_0656_MIXED_L2.jpg,0,0,1,2,1,2,3,4,2,2.142857143,2.329504803,2.263145973,46.4013861505751,3.70998946067689,53.5598704727514
4456,image_0657_MIXED_L2.jpg,0,0,1,2,1,2,3,4,3,2.285714286,2.486073175,2.398518837,46.4307052465446,3.71545182375822,53.309815341021
4457,image_0658_MIXED_L4.jpg,0,0,4,2,1,4,4,4,4,3.285714286,3.556948181,3.176559604,44.5339639127527,12.5947914443226,89.6810778146954
4458,image_0659_MIXED_L4.jpg,0,0,4,2,1,4,4,4,4,3.285714286,3.556948181,3.176559604,44.5404309039411,12.6524667455845,94.5715608269164
4459,image_0660_MIXED_L1.jpg,0,1,1,1,1,2,3,4,1,1.857142857,2.048164206,1.96221626,51.8671264660477,5.11984802676985,55.1830533706938
4460,image_0660_MIXED_L4.jpg,0,0,4,2,1,4,4,4,4,3.285714286,3.556948181,3.176559604,44.5385894565153,12.6001714897595,89.7827954245364
4461,image_0661_MIXED_L2.jpg,0,0,1,2,1,3,3,4,2,2.285714286,2.50032792,2.39611971,46.7690240460288,3.68511017690866,47.3224816917144
4462,image_0662_MIXED_L4.jpg,0,0,4,2,1,4,4,4,4,3.285714286,3.556948181,3.176559604,44.5348871491863,12.619995620262,89.8579585373907
4463,image_0664_MIXED_L1.jpg,0,1,1,2,1,2,3,4,1,2,2.172936432,2.127773108,51.3457141935971,5.56194633363512,56.6181341234575
4464,image_0664_MIXED_L2.jpg,0,0,1,2,1,2,3,4,2,2.142857143,2.329504803,2.263145973,47.0510016959271,3.84778668203478,54.2789686157551
4465,image_0664_MIXED_L3.jpg,0,0,2,2,1,3,4,4,3,2.714285714,2.963919,2.785968439,47.3577325529182,7.39640512231353,76.6506262921519
4466,image_0665_MIXED_L1.jpg,0,1,1,1,1,2,3,4,1,1.857142857,2.048164206,1.96221626,52.2746529132034,5.35420487135803,59.567640821548
4467,image_0665_MIXED_L2.jpg,0,0,1,2,1,3,3,4,1,2.142857143,2.343759549,2.260746846,46.4513886524371,3.9664460983861,46.5942225910389
4468,image_0667_MIXED_L3.jpg,0,0,2,2,1,3,4,4,3,2.714285714,2.963919,2.785968439,48.1861669486745,7.12370963899805,76.4917076623564
4469,image_0669_MIXED_L4.jpg,0,0,4,2,1,4,4,4,4,3.285714286,3.556948181,3.176559604,44.5407444233342,12.6603713646283,90.7531245656151
4470,image_0670_MIXED_L1.jpg,0,0,1,2,1,2,3,4,1,2,2.172936432,2.127773108,53.9575527100734,6.0682189994235,59.7881081763476
4471,image_0670_MIXED_L3.jpg,0,0,2,2,1,3,4,4,2,2.571428571,2.807350629,2.650595575,46.8785000217853,7.29276404810249,76.2204073838385
4472,image_0672_MIXED_L2.jpg,0,0,1,2,1,1,3,4,3,2.142857143,2.315250058,2.265545099,45.8048087128655,4.05562294871937,62.5157107927434
4473,image_0674_MIXED_L2.jpg,0,0,1,2,1,3,3,4,2,2.285714286,2.50032792,2.39611971,46.0722332847034,3.76859691829047,48.964664164407
4474,image_0674_MIXED_L3.jpg,0,0,2,2,1,3,4,4,3,2.714285714,2.963919,2.785968439,48.030875693722,6.85840600480585,76.6857442618984
4475,image_0675_MIXED_L4.jpg,0,0,4,2,1,4,4,4,4,3.285714286,3.556948181,3.176559604,44.5351881688938,12.6429501883294,90.9414262823332
4476,image_0676_MIXED_L2.jpg,0,0,1,2,1,2,3,4,3,2.285714286,2.486073175,2.398518837,49.3248838762008,3.82509515446358,58.9585464060514
4477,image_0678_MIXED_L1.jpg,1,0,1,1,1,1,3,4,1,1.714285714,1.877341089,1.829242523,50.2791298789351,4.98220824024183,56.7445666845874
4478,image_0678_MIXED_L2.jpg,1,0,1,2,1,2,3,4,2,2.142857143,2.329504803,2.263145973,48.4363830185139,3.8094418258522,48.2872233814052
4479,image_0678_MIXED_L3.jpg,1,0,2,2,1,4,4,4,4,3,3.291310488,3.05431504,48.1754941180366,6.30433225302772,73.1114960066799
4480,image_0679_MIXED_L3.jpg,1,0,2,2,1,3,4,4,4,2.857142857,3.120487371,2.921341303,47.9518647695528,6.38227376566968,72.6636772029225
4481,image_0680_MIXED_L4.jpg,0,0,4,2,1,4,4,4,4,3.285714286,3.556948181,3.176559604,44.5371193942652,12.6206374129557,89.8155471096262
4482,image_0681_MIXED_L4.jpg,0,0,4,2,1,4,4,4,4,3.285714286,3.556948181,3.176559604,44.5322040346092,12.6004097375421,89.8188980032128
4483,image_0683_MIXED_L1.jpg,0,1,1,2,1,2,3,4,1,2,2.172936432,2.127773108,51.951580335706,5.7903420054573,56.8393524520084
4484,image_0684_MIXED_L2.jpg,0,0,1,2,1,2,3,4,3,2.285714286,2.486073175,2.398518837,52.0278134945292,3.84939077979294,57.0742853972596
4485,image_0685_MIXED_L2.jpg,0,0,1,2,1,2,3,4,3,2.285714286,2.486073175,2.398518837,51.7016329851455,3.86509616259262,56.9720030843152
4486,image_0686_MIXED_L1.jpg,0,1,1,2,1,2,2,4,1,1.857142857,1.99873257,1.934419526,46.6566284614858,5.44710998064337,55.3462324881614
4487,image_0686_MIXED_L2.jpg,0,0,1,2,1,2,3,4,2,2.142857143,2.329504803,2.263145973,52.1714054234248,3.88819969249811,57.1345058337459
4488,image_0687_MIXED_L1.jpg,0,1,1,2,1,2,3,4,1,2,2.172936432,2.127773108,51.9409042943599,5.50197017786044,58.4725645765636
4489,image_0688_MIXED_L3.jpg,0,0,2,2,1,3,4,4,3,2.714285714,2.963919,2.785968439,47.1695024936825,6.87433590417548,75.6843207813617
4490,image_0689_MIXED_L1.jpg,1,1,1,2,1,1,3,4,1,1.857142857,2.002113315,1.994799371,52.4847030712783,5.17276790041166,59.2714228761999
4491,image_0689_MIXED_L2.jpg,1,0,2,2,1,2,3,4,1,2.142857143,2.305755278,2.18889539,47.2961784001374,3.96794642933561,45.6667081867393
4492,image_0690_MIXED_L1.jpg,1,1,1,2,1,1,3,4,1,1.857142857,2.002113315,1.994799371,52.5193060489509,5.12844522038396,59.2615982468098
4493,image_0690_MIXED_L2.jpg,1,0,2,2,1,2,3,4,1,2.142857143,2.305755278,2.18889539,48.9412963804397,4.00215578586212,46.0283646612623
4494,image_0690_MIXED_L3.jpg,1,0,2,2,1,3,4,4,4,2.857142857,3.120487371,2.921341303,48.171918921788,6.77091790011944,71.3704617758365
4495,image_0691_MIXED_L1.jpg,0,1,1,2,1,1,2,4,1,1.714285714,1.827909453,1.801445788,49.8012034116901,5.28997476948416,56.8530864221811
4496,image_0691_MIXED_L2.jpg,0,0,1,2,1,2,3,4,2,2.142857143,2.329504803,2.263145973,51.8879611654542,3.86899433499553,56.2359032823115
4497,image_0694_MIXED_L1.jpg,0,1,1,2,1,2,2,4,1,1.857142857,1.99873257,1.934419526,49.2677912082794,5.74246606489874,56.4210601898074
4498,image_0696_MIXED_L1.jpg,0,1,1,2,1,1,2,4,1,1.714285714,1.827909453,1.801445788,49.1220909473462,5.60657699906452,57.113525932844
4499,image_0696_MIXED_L2.jpg,0,0,1,2,1,2,3,4,2,2.142857143,2.329504803,2.263145973,48.4633453810955,3.82759525554166,55.4432090329517
4500,image_0697_MIXED_L2.jpg,0,0,1,2,1,2,3,4,2,2.142857143,2.329504803,2.263145973,47.5904228316889,3.73029149671249,56.7273987530714
4501,image_0698_MIXED_L2.jpg,0,0,1,2,1,2,3,4,3,2.285714286,2.486073175,2.398518837,44.5262423670556,3.6073819480405,57.4702682699093
4502,image_0701_MIXED_L1.jpg,0,1,1,2,1,1,2,4,1,1.714285714,1.827909453,1.801445788,49.4333737923486,5.63027132012595,54.8017980183225
4503,image_0701_MIXED_L4.jpg,0,0,4,2,1,4,4,4,4,3.285714286,3.556948181,3.176559604,44.5424400733461,12.6563227716463,92.0168527335531
4504,image_0702_MIXED_L3.jpg,1,0,2,2,1,3,4,4,3,2.714285714,2.963919,2.785968439,48.1627190566288,6.76391886527724,76.1861526088196
4505,image_0703_MIXED_L1.jpg,0,1,1,2,1,2,3,4,1,2,2.172936432,2.127773108,53.6811622041454,5.34392899742151,56.6479027117589
4506,image_0703_MIXED_L3.jpg,0,0,2,2,1,3,4,4,4,2.857142857,3.120487371,2.921341303,48.3097966465115,7.14076581707272,77.1337840998174
4507,image_0704_MIXED_L4.jpg,0,0,4,2,1,4,4,4,4,3.285714286,3.556948181,3.176559604,44.5335724609439,12.5794007203424,90.0001541444638
4508,image_0706_MIXED_L3.jpg,0,0,2,2,1,3,4,4,3,2.714285714,2.963919,2.785968439,47.7749055700586,6.92155144614264,74.8116948715768
4509,image_0706_MIXED_L4.jpg,0,0,4,2,1,4,4,4,4,3.285714286,3.556948181,3.176559604,44.5393562282008,12.6211575821441,90.8854945159729
4510,image_0707_MIXED_L2.jpg,0,0,1,2,1,2,3,4,3,2.285714286,2.486073175,2.398518837,43.8113849693342,3.74675596074189,52.7551479133294
4511,image_0708_MIXED_L4.jpg,0,0,4,2,1,4,4,4,4,3.285714286,3.556948181,3.176559604,44.5354228322166,12.5421576288458,89.8183232206551
4512,image_0709_MIXED_L4.jpg,0,0,4,2,1,4,4,4,4,3.285714286,3.556948181,3.176559604,44.5380082889304,12.6538999618814,90.6841777769579
4513,image_0712_MIXED_L4.jpg,0,0,4,2,1,4,4,4,4,3.285714286,3.556948181,3.176559604,44.5387511409807,12.6114920797518,90.2241636367086
4514,image_0713_MIXED_L2.jpg,0,0,1,2,1,2,3,4,2,2.142857143,2.329504803,2.263145973,50.2092293668797,3.83566708156225,58.8224970366185
4515,image_0714_MIXED_L3.jpg,1,0,2,2,1,3,4,4,4,2.857142857,3.120487371,2.921341303,48.3067971092694,6.79285541888051,73.3295367099302
4516,image_0714_MIXED_L4.jpg,1,0,4,2,1,4,4,4,4,3.285714286,3.556948181,3.176559604,44.5350177745194,12.5936203155103,90.2139757461101
4517,image_0715_MIXED_L3.jpg,1,0,2,2,1,3,4,4,4,2.857142857,3.120487371,2.921341303,48.2779354340489,6.63726400409394,72.1480250085572
4518,image_0715_MIXED_L4.jpg,1,0,4,2,1,4,4,4,4,3.285714286,3.556948181,3.176559604,44.5420314809862,12.5725313061641,90.365287452423
4519,image_0716_MIXED_L1.jpg,0,1,1,2,1,2,2,4,1,1.857142857,1.99873257,1.934419526,49.5254699303239,5.42249188372799,58.9310423719452
4520,image_0717_MIXED_L2.jpg,0,0,1,2,1,2,3,4,3,2.285714286,2.486073175,2.398518837,49.6452729042266,3.76478786672247,57.793725581576
4521,image_0717_MIXED_L3.jpg,0,0,2,2,1,3,4,4,2,2.571428571,2.807350629,2.650595575,47.1196025166716,7.1127833661843,75.5456243429051
4522,image_0718_MIXED_L1.jpg,0,1,1,2,1,2,2,4,1,1.857142857,1.99873257,1.934419526,46.3401406500468,5.91358291593664,58.8553328830339
4523,image_0719_MIXED_L3.jpg,1,0,2,2,1,3,4,4,4,2.857142857,3.120487371,2.921341303,48.1512496180532,7.08549006610385,76.1965290636075
4524,image_0720_MIXED_L1.jpg,0,1,1,2,1,2,2,4,1,1.857142857,1.99873257,1.934419526,46.0674158964418,5.74952805340476,59.0895602561038
4525,image_0720_MIXED_L4.jpg,0,0,4,2,1,4,4,4,4,3.285714286,3.556948181,3.176559604,44.5349082806634,12.6622869826344,92.7542132865617
4526,image_0721_MIXED_L2.jpg,0,0,1,2,1,2,3,4,2,2.142857143,2.329504803,2.263145973,50.5085645244715,3.90799761673449,58.0544887162227
4527,image_0721_MIXED_L3.jpg,0,0,2,2,1,3,4,4,3,2.714285714,2.963919,2.785968439,46.9628113394666,6.89412793608885,76.1986277467786
4528,image_0726_MIXED_L2.jpg,0,0,1,2,1,2,3,4,3,2.285714286,2.486073175,2.398518837,46.6644949095605,3.79925689914708,55.6519181329025
4529,image_0727_MIXED_L2.jpg,0,0,1,2,1,1,3,4,3,2.142857143,2.315250058,2.265545099,45.3431344737581,3.76966508312432,55.6195340192667
4530,image_0727_MIXED_L4.jpg,0,0,4,2,1,4,4,4,4,3.285714286,3.556948181,3.176559604,44.539529739132,12.648091937996,94.912033940492
4531,image_0728_MIXED_L3.jpg,0,0,2,2,1,3,4,4,2,2.571428571,2.807350629,2.650595575,48.175871302326,6.97618946009054,74.2270688610952
4532,image_0729_MIXED_L3.jpg,0,0,2,2,1,3,4,4,2,2.571428571,2.807350629,2.650595575,47.4820152061982,6.97879860898614,75.6596251788749
4533,image_0730_MIXED_L2.jpg,0,0,1,2,1,1,3,4,2,2,2.158681686,2.130172235,50.9702640891229,3.80761337106008,57.6149532744107
4534,image_0730_MIXED_L3.jpg,0,0,2,2,1,3,4,4,2,2.571428571,2.807350629,2.650595575,47.4388006316471,6.90133920519342,74.7584861217414
4535,image_0730_MIXED_L4.jpg,0,0,4,2,1,4,4,4,4,3.285714286,3.556948181,3.176559604,44.5392885222807,12.6429988212629,90.6705876481407
4536,image_0731_MIXED_L1.jpg,0,1,1,2,1,2,2,4,1,1.857142857,1.99873257,1.934419526,50.2832377753335,5.89045349717791,55.1332893660673
4537,image_0732_MIXED_L2.jpg,0,0,1,2,1,1,3,4,3,2.142857143,2.315250058,2.265545099,49.1259021197657,4.03163589032594,61.6899824687429
4538,image_0732_MIXED_L4.jpg,0,0,4,2,1,4,4,4,4,3.285714286,3.556948181,3.176559604,44.5438306090934,12.7158885659781,92.7546310386471
4539,image_0733_MIXED_L3.jpg,0,0,2,2,1,3,4,4,2,2.571428571,2.807350629,2.650595575,44.3776566243156,6.26568920883441,73.0765973887286
4540,image_0733_MIXED_L4.jpg,0,0,4,2,1,4,4,4,4,3.285714286,3.556948181,3.176559604,44.5401754523675,12.6578367045249,90.7587522097262
4541,image_0734_MIXED_L2.jpg,0,0,1,2,1,1,3,4,2,2,2.158681686,2.130172235,53.4342254298605,3.90862280256754,58.0042049653178
4542,image_0734_MIXED_L3.jpg,0,0,2,2,1,3,4,4,2,2.571428571,2.807350629,2.650595575,44.8616459167742,6.51565902224108,73.8121903783907
4543,image_0734_MIXED_L4.jpg,0,0,4,2,1,4,4,4,4,3.285714286,3.556948181,3.176559604,44.5381899134214,12.6593468145964,94.5597591029261
4544,image_0736_MIXED_L2.jpg,0,0,1,2,1,2,3,4,2,2.142857143,2.329504803,2.263145973,45.5951500328304,3.79720401762032,54.485405534684
4545,image_0736_MIXED_L3.jpg,0,0,2,2,1,3,4,4,3,2.714285714,2.963919,2.785968439,49.0317070718033,6.68104102430234,75.9644891124887
4546,image_0737_MIXED_L3.jpg,0,0,2,2,1,3,4,4,3,2.714285714,2.963919,2.785968439,47.6930617055025,7.01584300229768,75.8636165695062
4547,image_0738_MIXED_L4.jpg,0,0,4,2,1,4,4,4,4,3.285714286,3.556948181,3.176559604,44.5332802207231,12.6571607059347,91.4371611572477
4548,image_0742_MIXED_L1.jpg,0,1,1,1,1,1,4,4,1,1.857142857,2.051544951,2.022596106,45.4179758580827,4.88843701333131,59.3837222649665
4549,image_0742_MIXED_L2.jpg,0,0,2,2,1,2,3,4,1,2.142857143,2.305755278,2.18889539,48.5335223163237,4.16769723540977,43.3420193124519
4550,image_0742_MIXED_L4.jpg,0,0,4,2,1,4,4,4,4,3.285714286,3.556948181,3.176559604,44.5372625607288,12.5911649575333,89.9848651229142
4551,image_0743_MIXED_L3.jpg,0,0,2,2,1,4,4,4,4,3,3.291310488,3.05431504,47.9731296710564,6.47459485882682,71.6563396663892
4552,image_0746_MIXED_L2.jpg,0,0,1,2,1,2,3,4,2,2.142857143,2.329504803,2.263145973,47.3392123191573,3.66673199153119,47.5588535874022
4553,image_0747_MIXED_L3.jpg,0,0,2,2,1,3,4,4,3,2.714285714,2.963919,2.785968439,47.3125485248772,6.74600825836224,75.2843030687286
4554,image_0747_MIXED_L4.jpg,0,0,4,2,1,4,4,4,4,3.285714286,3.556948181,3.176559604,44.5396946685055,12.6044249374936,91.0662202189764
4555,image_0748_MIXED_L1.jpg,0,1,1,2,1,2,3,4,1,2,2.172936432,2.127773108,52.8257879903329,5.62404340549708,56.8744227578
4556,image_0749_MIXED_L2.jpg,0,0,1,2,1,2,3,4,2,2.142857143,2.329504803,2.263145973,45.5298940612479,3.6756994480359,51.7800879272249
4557,image_0749_MIXED_L4.jpg,0,0,4,2,1,4,4,4,4,3.285714286,3.556948181,3.176559604,44.5365687270521,12.6230873546651,90.2126434398159
4558,image_0750_MIXED_L1.jpg,0,1,1,2,1,1,3,4,1,1.857142857,2.002113315,1.994799371,51.2149442012725,5.12351603512137,58.3477629157219
4559,image_0750_MIXED_L2.jpg,0,0,1,2,1,2,3,4,2,2.142857143,2.329504803,2.263145973,46.0052204693069,3.91520888456961,45.8573337269648
4560,image_0750_MIXED_L3.jpg,0,0,2,2,1,3,4,4,3,2.714285714,2.963919,2.785968439,48.2866560282324,6.9781794809259,75.0170819855803
4561,image_0752_MIXED_L2.jpg,0,0,2,2,1,2,3,4,1,2.142857143,2.305755278,2.18889539,47.1932373241059,4.07629477120322,44.2799377583114
4562,image_0752_MIXED_L4.jpg,0,0,4,2,1,4,4,4,4,3.285714286,3.556948181,3.176559604,44.5375228640501,12.5892006564319,91.0587168452027
4563,image_0754_MIXED_L1.jpg,0,1,1,2,1,2,3,4,1,2,2.172936432,2.127773108,52.2035718913262,5.03620078199193,57.6693336086661
4564,image_0754_MIXED_L3.jpg,0,0,2,2,1,3,4,4,3,2.714285714,2.963919,2.785968439,47.8453737608024,7.08410656496327,76.4429447663544
4565,image_0755_MIXED_L1.jpg,0,1,1,2,1,2,3,4,1,2,2.172936432,2.127773108,53.1338747104892,5.04550810980939,58.5408441323783
4566,image_0755_MIXED_L4.jpg,0,0,4,2,1,4,4,4,4,3.285714286,3.556948181,3.176559604,44.5367264229478,12.6264882837798,94.5715608269164
4567,image_0756_MIXED_L4.jpg,0,0,4,2,1,4,4,4,4,3.285714286,3.556948181,3.176559604,44.5379537602806,12.7061085084603,93.2151776092864
4568,image_0757_MIXED_L1.jpg,0,1,1,2,1,1,2,4,1,1.714285714,1.827909453,1.801445788,48.5723978027728,5.47440684710069,56.7356482836464
4569,image_0757_MIXED_L3.jpg,0,0,2,2,1,3,4,4,2,2.571428571,2.807350629,2.650595575,44.7539505548743,6.33917076867965,74.0005711401569
4570,image_0758_MIXED_L2.jpg,0,0,1,2,1,2,3,4,2,2.142857143,2.329504803,2.263145973,50.2130173329011,3.8110626891519,49.8174277957213
4571,image_0759_MIXED_L4.jpg,0,0,4,2,1,4,4,4,4,3.285714286,3.556948181,3.176559604,44.5360748340176,12.6691263454342,92.9811792920152
4572,image_0760_MIXED_L3.jpg,0,0,2,2,1,3,4,4,3,2.714285714,2.963919,2.785968439,44.5810038334785,6.49563433866247,74.2006600731715
4573,image_0761_MIXED_L1.jpg,0,1,1,2,1,1,3,4,1,1.857142857,2.002113315,1.994799371,50.9260695242442,5.1863856151724,57.6306253414423
4574,image_0762_MIXED_L2.jpg,0,0,1,2,1,2,3,4,2,2.142857143,2.329504803,2.263145973,49.4073512841927,3.8256750189461,56.4105193993147
4575,image_0763_MIXED_L1.jpg,0,1,1,2,1,1,3,4,1,1.857142857,2.002113315,1.994799371,50.8168431785437,5.39463100902248,57.1595582394897
4576,image_0764_MIXED_L2.jpg,0,0,1,2,1,1,3,4,2,2,2.158681686,2.130172235,48.5871511478672,3.90512961405264,56.6138455248559
4577,image_0766_MIXED_L4.jpg,0,0,4,2,1,4,4,4,4,3.285714286,3.556948181,3.176559604,44.5385601460813,12.5908305190039,90.1864165905745
4578,image_0767_MIXED_L2.jpg,0,0,1,2,1,2,3,4,3,2.285714286,2.486073175,2.398518837,44.9678952268395,3.7256709857589,55.7243424473371
4579,image_0767_MIXED_L4.jpg,0,0,4,2,1,4,4,4,4,3.285714286,3.556948181,3.176559604,44.5293469501646,12.6624300011121,92.0277695015497
4580,image_0768_MIXED_L2.jpg,0,0,1,2,1,1,3,4,2,2,2.158681686,2.130172235,50.9948813455549,3.81465946542783,58.862485821472
4581,image_0768_MIXED_L4.jpg,0,0,4,2,1,4,4,4,4,3.285714286,3.556948181,3.176559604,44.5339502489124,12.6820027213868,91.8016614012016
4582,image_0769_MIXED_L4.jpg,0,0,4,2,1,4,4,4,4,3.285714286,3.556948181,3.176559604,44.5351941595352,12.6937301041822,100
4583,image_0770_MIXED_L1.jpg,0,1,1,2,1,1,2,4,1,1.714285714,1.827909453,1.801445788,48.2926523155422,5.42891643775253,55.6622130439914
4584,image_0772_MIXED_L1.jpg,0,1,1,2,1,1,3,4,1,1.857142857,2.002113315,1.994799371,50.5054690942552,5.12828821694466,58.8874110573653
4585,image_0773_MIXED_L1.jpg,0,1,1,2,1,1,3,4,1,1.857142857,2.002113315,1.994799371,50.8172007003788,5.52563336289418,58.519508329373
4586,image_0774_MIXED_L4.jpg,0,0,4,2,1,4,4,4,4,3.285714286,3.556948181,3.176559604,44.5403080298266,12.6393648671033,91.4553099703495
4587,image_0775_MIXED_L2.jpg,0,0,1,2,1,1,3,4,3,2.142857143,2.315250058,2.265545099,49.3057744889431,3.70374750372305,58.8823837052241
4588,image_0775_MIXED_L4.jpg,0,0,4,2,1,4,4,4,4,3.285714286,3.556948181,3.176559604,44.5373567081107,12.6909281509956,94.9120339404948
4589,image_0776_MIXED_L4.jpg,0,0,4,2,1,4,4,4,4,3.285714286,3.556948181,3.176559604,44.5364571956633,12.6586128692054,90.5714122029793
4590,image_0777_MIXED_L1.jpg,0,1,1,2,1,2,3,4,1,2,2.172936432,2.127773108,52.3567831889477,5.45215918456351,56.4710036045038
4591,image_0777_MIXED_L2.jpg,0,0,1,2,1,2,3,4,2,2.142857143,2.329504803,2.263145973,47.3010888952077,3.76960449794599,54.4747849684643
4592,image_0778_MIXED_L2.jpg,0,0,1,2,1,2,3,4,2,2.142857143,2.329504803,2.263145973,45.6754770236909,3.79075221521558,53.4368189603426
4593,image_0780_MIXED_L4.jpg,0,0,4,2,1,4,4,4,4,3.285714286,3.556948181,3.176559604,44.5337983778454,12.6417901646157,90.3159544375
4594,image_0781_MIXED_L2.jpg,0,0,1,2,1,2,3,4,2,2.142857143,2.329504803,2.263145973,45.2428396719794,3.77215804905943,50.95909840611
4595,image_0781_MIXED_L4.jpg,0,0,4,2,1,4,4,4,4,3.285714286,3.556948181,3.176559604,44.5346833672,12.6201075960559,90.5854455776905
4596,image_0783_MIXED_L3.jpg,0,0,2,2,1,3,4,4,3,2.714285714,2.963919,2.785968439,48.5238643718676,7.06703898166165,77.4991903467943
4597,image_0785_MIXED_L1.jpg,0,1,1,2,1,2,3,4,1,2,2.172936432,2.127773108,53.2689737570328,5.20602973009695,56.5494868165034
4598,image_0785_MIXED_L2.jpg,0,0,1,2,1,3,3,4,3,2.428571429,2.656896292,2.531492574,46.5822179162572,3.88497040007148,44.6670226061581
4599,image_0787_MIXED_L1.jpg,0,1,1,2,1,2,3,4,1,2,2.172936432,2.127773108,53.9170000176751,5.36714849066338,57.7855912174872
4600,image_0788_MIXED_L1.jpg,0,1,1,2,1,2,3,4,1,2,2.172936432,2.127773108,53.6381796205258,5.37755697961301,56.1917657505349
4601,image_0788_MIXED_L3.jpg,0,0,2,2,1,3,4,4,3,2.714285714,2.963919,2.785968439,47.2966304120524,6.88594573419983,77.5883408794311
4602,image_0789_MIXED_L3.jpg,0,0,2,2,1,3,4,4,3,2.714285714,2.963919,2.785968439,48.153129152868,6.45390326794731,74.4374207910071
4603,image_0789_MIXED_L4.jpg,0,0,4,2,1,4,4,4,4,3.285714286,3.556948181,3.176559604,44.5405636722189,12.6095906994449,90.4306172931057
4604,image_0793_MIXED_L1.jpg,0,1,1,2,1,1,3,4,1,1.857142857,2.002113315,1.994799371,51.6607349995216,5.65091555770653,58.0058376364316
4605,image_0793_MIXED_L3.jpg,0,0,2,2,1,3,4,4,3,2.714285714,2.963919,2.785968439,47.7940926662526,6.7994923318303,74.5144141036348
4606,image_0794_MIXED_L3.jpg,0,0,2,2,1,3,4,4,3,2.714285714,2.963919,2.785968439,47.5450403220319,6.55968427726555,74.8913855437403
4607,image_0795_MIXED_L1.jpg,0,1,1,2,1,1,3,4,1,1.857142857,2.002113315,1.994799371,51.1224333493645,5.66901895049422,57.3476856625063
4608,image_0796_MIXED_L4.jpg,0,0,4,2,1,4,4,4,4,3.285714286,3.556948181,3.176559604,44.5366307362616,12.6133619206441,90.8112021791073
4609,image_0797_MIXED_L2.jpg,0,0,1,2,1,3,3,4,3,2.428571429,2.656896292,2.531492574,48.4851039557936,3.67910264530242,48.0911595853748
4610,image_0797_MIXED_L4.jpg,0,0,4,2,1,4,4,4,4,3.285714286,3.556948181,3.176559604,44.5391978380255,12.6457157632647,91.1762862463834
4611,image_0799_MIXED_L2.jpg,0,0,2,2,1,2,3,4,2,2.285714286,2.46232365,2.324268254,46.9767090254884,3.79320765745711,46.2147706944976
4612,image_0800_MIXED_L4.jpg,0,0,4,2,1,4,4,4,4,3.285714286,3.556948181,3.176559604,44.5367730997016,12.6068603651765,90.8858799101446
4613,image_0801_MIXED_L4.jpg,0,0,4,2,1,4,4,4,4,3.285714286,3.556948181,3.176559604,44.5337919543763,12.6368442575409,91.0624024974241
4614,image_0802_MIXED_L1.jpg,0,1,1,2,1,1,3,4,1,1.857142857,2.002113315,1.994799371,52.2472467742347,5.73337563738322,58.4377528376679
4615,image_0804_MIXED_L2.jpg,0,0,1,2,1,2,3,4,3,2.285714286,2.486073175,2.398518837,51.0482323449211,3.8344833404855,58.1415876716464
4616,image_0805_MIXED_L3.jpg,0,0,2,2,1,3,4,4,3,2.714285714,2.963919,2.785968439,47.650877581025,6.9834900125989,75.6386421400613
4617,image_0805_MIXED_L4.jpg,0,0,4,2,1,4,4,4,4,3.285714286,3.556948181,3.176559604,44.5379376468895,12.6379909239361,90.7463951982954
4618,image_0806_MIXED_L1.jpg,0,1,1,2,1,1,3,4,1,1.857142857,2.002113315,1.994799371,50.6810234500125,5.53734416846411,57.0235155017321
4619,image_0806_MIXED_L3.jpg,0,0,2,2,1,3,4,4,2,2.571428571,2.807350629,2.650595575,44.3229149932322,6.93489615781944,74.5688764783765
4620,image_0806_MIXED_L4.jpg,0,0,4,2,1,4,4,4,4,3.285714286,3.556948181,3.176559604,44.5375891184597,12.7234084992239,94.5494341143652
4621,image_0808_MIXED_L1.jpg,0,1,1,2,1,2,3,4,1,2,2.172936432,2.127773108,53.4509157536987,5.17391499019496,58.442719603027
4622,image_0810_MIXED_L4.jpg,0,0,4,2,1,4,4,4,4,3.285714286,3.556948181,3.176559604,44.5322406024428,12.6273535364111,90.6645171415566
4623,image_0811_MIXED_L1.jpg,0,1,1,2,1,1,3,4,1,1.857142857,2.002113315,1.994799371,50.5722592553536,5.11108667492906,60.2319002521462
4624,image_0811_MIXED_L3.jpg,0,0,2,2,1,3,4,4,4,2.857142857,3.120487371,2.921341303,48.8665766911962,6.6015301031373,73.7799255651199
4625,image_0813_MIXED_L1.jpg,0,1,1,2,1,2,3,4,1,2,2.172936432,2.127773108,53.8163437619466,5.41527900937489,60.0315444987278
4626,image_0813_MIXED_L3.jpg,0,0,2,2,1,3,4,4,3,2.714285714,2.963919,2.785968439,48.9609269480993,6.70594422858869,77.230734129331
4627,image_0815_MIXED_L3.jpg,0,0,2,2,1,3,4,4,3,2.714285714,2.963919,2.785968439,48.5353937990499,6.4760811947683,76.5165170857124
4628,image_0818_MIXED_L2.jpg,0,0,1,2,1,1,3,4,2,2,2.158681686,2.130172235,50.5194648110831,3.81710426456052,57.5472200460435
4629,image_0818_MIXED_L4.jpg,0,0,4,2,1,4,4,4,4,3.285714286,3.556948181,3.176559604,44.5402451293488,12.6584504920578,92.0333570494801
4630,image_0819_MIXED_L1.jpg,0,1,1,2,1,1,2,4,1,1.714285714,1.827909453,1.801445788,49.4228182459647,5.77701467758148,56.4772862243599
4631,image_0821_MIXED_L1.jpg,0,1,1,2,1,2,3,4,1,2,2.172936432,2.127773108,53.1000598543835,5.48036957721365,57.388379583461
4632,image_0821_MIXED_L2.jpg,0,0,1,2,1,1,3,4,3,2.142857143,2.315250058,2.265545099,46.7928574567108,3.72933380837371,56.8358279335671
4633,image_0821_MIXED_L4.jpg,0,0,4,2,1,4,4,4,4,3.285714286,3.556948181,3.176559604,44.5448966897378,12.6326422561603,93.2314565935023
4634,image_0822_MIXED_L1.jpg,0,1,1,2,1,2,3,4,1,2,2.172936432,2.127773108,54.1909197037293,5.67329601068164,59.1146239101888
4635,image_0823_MIXED_L2.jpg,0,0,1,2,1,2,3,4,2,2.142857143,2.329504803,2.263145973,45.1509479619061,3.78614041505421,54.5740371448214
4636,image_0825_MIXED_L3.jpg,0,0,2,2,1,3,4,4,3,2.714285714,2.963919,2.785968439,47.452008543159,6.98577917442846,76.067166733672
4637,image_0826_MIXED_L2.jpg,0,0,1,2,1,1,3,4,3,2.142857143,2.315250058,2.265545099,48.9645227308834,3.73835068375893,57.4003382110941
4638,image_0828_MIXED_L3.jpg,0,0,2,2,1,3,4,4,2,2.571428571,2.807350629,2.650595575,47.2798248965654,6.82994090801054,74.6803597952816
4639,image_0829_MIXED_L3.jpg,0,0,2,2,1,3,4,4,3,2.714285714,2.963919,2.785968439,47.4734175475283,6.73611221819506,74.0160256907147
4640,image_0831_MIXED_L2.jpg,0,0,1,2,1,1,3,4,2,2,2.158681686,2.130172235,52.6290922797019,3.77634358602316,58.3798822102264
4641,image_0831_MIXED_L3.jpg,0,0,2,2,1,3,4,4,2,2.571428571,2.807350629,2.650595575,44.2880966588396,6.18055845789547,74.571049773636
4642,image_0831_MIXED_L4.jpg,0,0,4,2,1,4,4,4,4,3.285714286,3.556948181,3.176559604,44.5367989997399,12.6874121799773,92.9967688480294
4643,image_0832_MIXED_L2.jpg,0,0,1,2,1,1,3,4,2,2,2.158681686,2.130172235,52.7898262612496,3.97168202298224,61.6276127164608
4644,image_0835_MIXED_L4.jpg,0,0,4,2,1,4,4,4,4,3.285714286,3.556948181,3.176559604,44.5383390032251,12.70946728232,100
4645,image_0836_MIXED_L2.jpg,0,0,1,2,1,2,3,4,3,2.285714286,2.486073175,2.398518837,44.43702898251,3.75206080976826,52.1845372665904
4646,image_0838_MIXED_L1.jpg,0,1,1,2,1,2,3,4,1,2,2.172936432,2.127773108,52.1472446495308,5.72862797483108,63.3921535684691
4647,image_0838_MIXED_L4.jpg,0,0,4,2,1,4,4,4,4,3.285714286,3.556948181,3.176559604,44.5374506394826,12.6623027017169,91.6107615997588
4648,image_0839_MIXED_L2.jpg,0,0,1,2,1,2,3,4,2,2.142857143,2.329504803,2.263145973,46.0686513314471,3.66908895947401,48.242154675313
4649,image_0839_MIXED_L4.jpg,0,0,4,2,1,4,4,4,4,3.285714286,3.556948181,3.176559604,44.536775377395,12.6654099552397,91.179711256838
4650,image_0840_MIXED_L1.jpg,0,1,1,2,1,2,3,4,1,2,2.172936432,2.127773108,49.9334782759769,5.57002075623215,56.7670538022396
4651,image_0840_MIXED_L3.jpg,0,0,2,2,1,3,4,4,3,2.714285714,2.963919,2.785968439,48.0128683664315,7.03302184927002,76.802319135944
4652,image_0841_MIXED_L1.jpg,0,1,1,2,1,1,3,4,1,1.857142857,2.002113315,1.994799371,50.0486496755988,5.45314018904554,56.6717250825868
4653,image_0841_MIXED_L4.jpg,0,0,4,2,1,4,4,4,4,3.285714286,3.556948181,3.176559604,44.5397319791571,12.6553846796314,91.1833552156685
4654,image_0843_MIXED_L1.jpg,0,1,1,1,1,1,3,4,1,1.714285714,1.877341089,1.829242523,50.9830091109604,5.15029336606149,58.9480398361115
4655,image_0843_MIXED_L3.jpg,0,0,2,2,1,3,4,4,3,2.714285714,2.963919,2.785968439,48.0614717562499,6.54278248145542,74.7408171784183
4656,image_0844_MIXED_L1.jpg,0,1,1,2,1,1,3,4,1,1.857142857,2.002113315,1.994799371,53.3397636708718,5.19427037306174,59.7911261289057
4657,image_0844_MIXED_L3.jpg,0,0,2,2,1,3,4,4,3,2.714285714,2.963919,2.785968439,49.1192379137702,6.64982712765328,75.0433614195306
4658,image_0846_MIXED_L1.jpg,0,0,1,2,1,1,3,4,1,1.857142857,2.002113315,1.994799371,51.826151884196,5.6651791868203,59.1756216149448
4659,image_0846_MIXED_L3.jpg,0,0,2,2,1,3,4,4,3,2.714285714,2.963919,2.785968439,48.5921789448708,6.85754335381236,76.1898611936064
4660,image_0850_MIXED_L1.jpg,0,1,1,2,1,1,3,4,1,1.857142857,2.002113315,1.994799371,51.2416959795484,5.82014185982754,55.9287726831498
4661,image_0850_MIXED_L4.jpg,0,0,4,2,1,4,4,4,4,3.285714286,3.556948181,3.176559604,44.5420536487919,12.6156299705671,91.7369352649178
4662,image_0852_MIXED_L1.jpg,0,1,1,2,1,1,2,4,1,1.714285714,1.827909453,1.801445788,48.4856845585147,5.86424985736128,55.3333043903676
4663,image_0852_MIXED_L2.jpg,0,0,1,2,1,1,3,4,2,2,2.158681686,2.130172235,50.6743776716241,3.92323838752082,60.7224962916497
4664,image_0852_MIXED_L3.jpg,0,0,2,2,1,3,4,4,2,2.571428571,2.807350629,2.650595575,44.9270473765395,6.82950871670681,75.1129528279934
4665,image_0853_MIXED_L1.jpg,0,1,1,2,1,1,2,4,1,1.714285714,1.827909453,1.801445788,48.1985257004863,5.70341648209204,54.8102522000349
4666,image_0853_MIXED_L2.jpg,0,0,1,2,1,1,3,4,2,2,2.158681686,2.130172235,52.4224911508968,3.94918985478578,58.8857221788465
4667,image_0854_MIXED_L4.jpg,0,0,4,2,1,4,4,4,4,3.285714286,3.556948181,3.176559604,44.5372368027541,12.6647871284259,92.75381940227
4668,image_0855_MIXED_L1.jpg,0,1,1,2,1,1,2,4,1,1.714285714,1.827909453,1.801445788,48.2131859449999,5.6944895428971,57.4680366807725
4669,image_0857_MIXED_L1.jpg,0,1,1,2,1,1,2,3,1,1.571428571,1.651598331,1.653934002,46.4129823701362,5.74226403765912,54.9775937701648
4670,image_0857_MIXED_L2.jpg,0,0,1,2,1,1,3,4,2,2,2.158681686,2.130172235,49.4231917874078,3.96026593994589,59.4842026982716
4671,image_0857_MIXED_L3.jpg,0,0,2,2,1,3,4,4,2,2.571428571,2.807350629,2.650595575,44.0448273681015,6.60631120384313,74.4437189326315
4672,image_0861_MIXED_L1.jpg,0,1,1,2,1,1,3,4,1,1.857142857,2.002113315,1.994799371,51.2081752613924,5.66604137507976,57.2837583702433
4673,image_0861_MIXED_L2.jpg,0,0,1,2,1,1,3,4,2,2,2.158681686,2.130172235,50.0809448679834,3.78520759941484,56.9964998535313
4674,image_0861_MIXED_L4.jpg,0,0,4,2,1,4,4,4,4,3.285714286,3.556948181,3.176559604,44.5396081330096,12.6443378981351,92.9967688480255
4675,image_0865_MIXED_L2.jpg,0,0,1,2,1,2,3,4,3,2.285714286,2.486073175,2.398518837,45.0739561203672,3.77543131552811,55.365971972474
4676,image_0866_MIXED_L1.jpg,0,1,1,2,1,1,3,4,1,1.857142857,2.002113315,1.994799371,52.0670523023827,5.24539138496942,60.1789192773979
4677,image_0866_MIXED_L2.jpg,0,0,1,2,1,2,3,4,2,2.142857143,2.329504803,2.263145973,44.4396615364299,3.7500384678801,50.0536156355788
4678,image_0866_MIXED_L4.jpg,0,0,4,2,1,4,4,4,4,3.285714286,3.556948181,3.176559604,44.5386111868883,12.6383954386879,91.8573412403739
4679,image_0867_MIXED_L1.jpg,0,1,1,2,1,2,3,4,1,2,2.172936432,2.127773108,53.1829916236113,5.16113009544449,59.3325624346735
4680,image_0870_MIXED_L1.jpg,0,1,1,2,1,1,2,4,1,1.714285714,1.827909453,1.801445788,50.3314589520527,5.44870384607154,58.6778006727482
4681,image_0870_MIXED_L3.jpg,0,0,2,2,1,3,4,4,2,2.571428571,2.807350629,2.650595575,44.1929529769601,6.6848070468575,74.7824580705598
4682,image_0870_MIXED_L4.jpg,0,0,4,2,1,4,4,4,4,3.285714286,3.556948181,3.176559604,44.5360859366296,12.7099601072276,94.5715608269151
4683,image_0873_MIXED_L2.jpg,0,0,1,2,1,2,3,4,3,2.285714286,2.486073175,2.398518837,45.4896274226006,3.65205499075636,53.9776681737161
4684,image_0874_MIXED_L2.jpg,0,0,1,2,1,1,3,4,2,2,2.158681686,2.130172235,47.8601168459041,3.7725338229097,56.3866825058637
4685,image_0875_MIXED_L1.jpg,0,1,1,2,1,2,3,4,1,2,2.172936432,2.127773108,52.0598812642796,5.60066738967282,58.0868374527051
4686,image_0876_MIXED_L1.jpg,0,1,1,2,1,2,3,4,1,2,2.172936432,2.127773108,52.3671481518464,5.55150175580575,62.1478085622022
4687,image_0879_MIXED_L2.jpg,0,0,1,2,1,1,3,4,2,2,2.158681686,2.130172235,53.0115143524745,3.88663471187323,57.645580438069
4688,image_0881_MIXED_L2.jpg,0,0,1,2,1,2,3,4,3,2.285714286,2.486073175,2.398518837,43.9195905843483,3.75504298803348,51.4463947162284
4689,image_0882_MIXED_L1.jpg,0,1,1,2,1,1,3,4,1,1.857142857,2.002113315,1.994799371,52.2117630755322,5.13623002797002,58.8553095151807
4690,image_0882_MIXED_L4.jpg,0,0,4,2,1,4,4,4,4,3.285714286,3.556948181,3.176559604,44.5381081095108,12.6409690363036,92.0276304671473
4691,image_0884_MIXED_L4.jpg,0,0,4,2,1,4,4,4,4,3.285714286,3.556948181,3.176559604,44.5378902361747,12.6938773172442,94.5497727672265
4692,image_0889_MIXED_L2.jpg,0,0,2,2,1,3,3,4,3,2.571428571,2.789715138,2.592614856,48.4332312868941,3.60964252551112,45.1522705395219
4693,image_0890_MIXED_L4.jpg,0,0,4,2,1,4,4,4,4,3.285714286,3.556948181,3.176559604,44.5387883270744,12.6587418999038,94.5603857310569
4694,image_0891_MIXED_L1.jpg,0,1,1,2,1,2,3,4,1,2,2.172936432,2.127773108,53.2533946302375,5.59316654808446,58.6571746363809
4695,image_0893_MIXED_L1.jpg,0,1,1,2,1,1,3,4,1,1.857142857,2.002113315,1.994799371,53.2746635177807,5.14975190637048,60.9003850576344
4696,image_0893_MIXED_L3.jpg,0,0,2,2,1,3,4,4,3,2.714285714,2.963919,2.785968439,48.9552945204227,6.5643185333687,75.8136469570997
4697,image_0893_MIXED_L4.jpg,0,0,4,2,1,4,4,4,4,3.285714286,3.556948181,3.176559604,44.5325779512146,12.6153527336702,90.8440222764272
4698,image_0894_MIXED_L2.jpg,0,0,1,2,1,2,3,4,2,2.142857143,2.329504803,2.263145973,45.7751981471354,3.8031883583953,49.9062102351807
4699,image_0895_MIXED_L1.jpg,0,1,1,2,1,1,3,4,1,1.857142857,2.002113315,1.994799371,52.1901866937484,5.20490543417298,60.1687497629552
4700,image_0895_MIXED_L3.jpg,0,0,2,2,1,3,4,4,3,2.714285714,2.963919,2.785968439,48.9884256761156,6.47871948500532,75.1963941650566
4701,image_0896_MIXED_L3.jpg,0,0,2,2,1,3,4,4,3,2.714285714,2.963919,2.785968439,47.567586133012,7.01186358232657,75.1570242051553
4702,image_0897_MIXED_L3.jpg,0,0,2,2,1,3,4,4,3,2.714285714,2.963919,2.785968439,47.2636953152389,7.35003150082487,75.6965284952627
4703,image_0897_MIXED_L4.jpg,0,0,4,2,1,4,4,4,4,3.285714286,3.556948181,3.176559604,44.5346120361874,12.6747853828102,91.8517536924435
4704,image_0898_MIXED_L1.jpg,0,1,1,2,1,1,3,4,1,1.857142857,2.002113315,1.994799371,50.3515106328912,5.11217420523976,59.4313325201999
4705,image_0898_MIXED_L4.jpg,0,0,4,2,1,4,4,4,4,3.285714286,3.556948181,3.176559604,44.5349953515108,12.6917767752676,92.0279386953409
4706,image_0902_MIXED_L4.jpg,0,0,4,2,1,4,4,4,4,3.285714286,3.556948181,3.176559604,44.5355264547556,12.6296652801136,92.9967688480284
4707,image_0903_MIXED_L2.jpg,0,0,1,2,1,3,3,4,3,2.428571429,2.656896292,2.531492574,44.7529118851701,3.79267460926228,57.2137313243539
4708,image_0904_MIXED_L3.jpg,0,0,2,2,1,3,4,4,2,2.571428571,2.807350629,2.650595575,48.3443032926709,6.87362217881264,74.5298437786282
4709,image_0906_MIXED_L4.jpg,0,0,4,2,1,4,4,4,4,3.285714286,3.556948181,3.176559604,44.5394537023376,12.6286314041592,91.5870291774384
4710,image_0907_MIXED_L3.jpg,1,0,2,2,1,3,4,4,4,2.857142857,3.120487371,2.921341303,48.2590975144396,7.01699897193336,73.4894478091771
4711,image_0907_MIXED_L4.jpg,1,0,4,2,1,4,4,4,4,3.285714286,3.556948181,3.176559604,44.5362156520403,12.5282156307186,89.7462652552733
4712,image_0909_MIXED_L1.jpg,1,1,1,2,1,1,3,4,1,1.857142857,2.002113315,1.994799371,51.5977787902666,5.2591637017389,56.7231404278112
4713,image_0910_MIXED_L2.jpg,0,0,1,2,1,1,3,4,2,2,2.158681686,2.130172235,50.0754060187281,4.01581226989962,60.5748995183765
4714,image_0910_MIXED_L3.jpg,0,0,2,2,1,3,4,4,2,2.571428571,2.807350629,2.650595575,44.7073652044459,6.69470615641982,74.2558847344665
4715,image_0911_MIXED_L4.jpg,1,0,4,2,1,4,4,4,4,3.285714286,3.556948181,3.176559604,44.5352338874582,12.6520481454096,91.3144973230657
4716,image_0913_MIXED_L4.jpg,0,0,4,2,1,4,4,4,4,3.285714286,3.556948181,3.176559604,44.5365541648439,12.6384955861052,91.1797112568355
4717,image_0914_MIXED_L3.jpg,0,0,2,2,1,3,4,4,3,2.714285714,2.963919,2.785968439,48.8588863553246,7.46535029046133,77.0344637898196
4718,image_0915_MIXED_L3.jpg,1,0,2,2,1,3,4,4,3,2.714285714,2.963919,2.785968439,48.0293792510664,7.36344419189933,76.4744068570778
4719,image_0915_MIXED_L4.jpg,1,0,4,2,1,4,4,4,4,3.285714286,3.556948181,3.176559604,44.5369741757406,12.6094101171542,90.9416501610402
4720,image_0916_MIXED_L2.jpg,0,0,1,2,1,2,3,4,2,2.142857143,2.329504803,2.263145973,47.4736501459039,3.81760493612901,53.6034676805369
4721,image_0916_MIXED_L4.jpg,0,0,4,2,1,4,4,4,4,3.285714286,3.556948181,3.176559604,44.5371653434947,12.6277008775435,91.5867688840243
4722,image_0918_MIXED_L1.jpg,0,0,1,2,1,1,3,4,1,1.857142857,2.002113315,1.994799371,52.6685198793848,5.52236019863599,58.8519350214684
4723,image_0918_MIXED_L3.jpg,0,0,2,2,1,3,4,4,3,2.714285714,2.963919,2.785968439,49.3418171015749,7.11805753324693,76.0840770051089
4724,image_0920_MIXED_L3.jpg,1,0,2,2,1,3,4,4,3,2.714285714,2.963919,2.785968439,49.0538376555911,6.67323002016105,75.5035476059955
4725,image_0920_MIXED_L4.jpg,1,0,4,2,1,4,4,4,4,3.285714286,3.556948181,3.176559604,44.5342573671376,12.6179339656829,91.5872997054559
4726,image_0921_MIXED_L1.jpg,1,1,1,2,1,2,3,4,1,2,2.172936432,2.127773108,51.7658888805985,5.44637544255317,57.0808225722997
4727,image_0921_MIXED_L3.jpg,1,0,2,2,1,3,4,4,3,2.714285714,2.963919,2.785968439,47.8895807929951,6.73099630577329,76.6757437112819
4728,image_0921_MIXED_L4.jpg,1,0,4,2,1,4,4,4,4,3.285714286,3.556948181,3.176559604,44.5351480388455,12.6202354437392,90.4172714063457
4729,image_0924_MIXED_L1.jpg,1,1,1,2,1,2,3,4,1,2,2.172936432,2.127773108,53.2264566713954,5.33483960413924,57.5241723682754
4730,image_0927_MIXED_L1.jpg,1,0,1,1,1,1,4,4,1,1.857142857,2.051544951,2.022596106,48.3003800817862,5.17378939640553,57.843800455179
4731,image_0927_MIXED_L2.jpg,1,0,2,2,1,2,3,4,1,2.142857143,2.305755278,2.18889539,48.9051509188364,4.50119290147446,41.8028476169159
4732,image_0928_MIXED_L2.jpg,1,0,1,2,1,2,3,4,2,2.142857143,2.329504803,2.263145973,47.8334276682523,3.75677233128826,45.6486431502087
4733,image_0928_MIXED_L4.jpg,1,0,4,2,1,4,4,4,4,3.285714286,3.556948181,3.176559604,44.5394265100133,12.60872414192,90.1540310713457
4734,image_0929_MIXED_L2.jpg,0,0,1,2,1,1,3,4,2,2,2.158681686,2.130172235,48.8776469379648,3.75815192849694,49.6878452481561
4735,image_0931_MIXED_L2.jpg,0,0,2,2,1,2,3,4,2,2.285714286,2.46232365,2.324268254,46.3452859352022,4.03373113069477,43.5527234597094
4736,image_0932_MIXED_L3.jpg,0,0,2,2,1,3,4,4,3,2.714285714,2.963919,2.785968439,48.3823167497426,6.40386947479844,75.8574124790474
4737,image_0933_MIXED_L4.jpg,0,0,4,2,1,4,4,4,4,3.285714286,3.556948181,3.176559604,44.5413209519605,12.6021289468541,90.3513434768865
4738,image_0934_MIXED_L1.jpg,0,1,1,2,1,2,3,4,1,2,2.172936432,2.127773108,53.4970150772114,5.28247149936039,55.6736768111113
4739,image_0935_MIXED_L3.jpg,0,0,2,2,1,3,4,4,2,2.571428571,2.807350629,2.650595575,48.0203741751806,7.22707018604575,77.9540984074802
4740,image_0937_MIXED_L1.jpg,0,1,1,2,1,2,3,4,1,2,2.172936432,2.127773108,54.069824440776,5.21465557178341,55.1822440752982
4741,image_0937_MIXED_L3.jpg,0,0,2,2,1,3,4,4,2,2.571428571,2.807350629,2.650595575,48.0607768110846,6.66614600790052,76.0899194924359
4742,image_0938_MIXED_L3.jpg,0,0,2,2,1,3,4,4,3,2.714285714,2.963919,2.785968439,48.4321077268599,6.94609524535743,74.0377666020091
4743,image_0938_MIXED_L4.jpg,0,0,4,2,1,4,4,4,4,3.285714286,3.556948181,3.176559604,44.5388365264374,12.6187164970633,90.5717775337647
4744,image_0939_MIXED_L2.jpg,0,0,1,2,1,1,3,4,1,1.857142857,2.002113315,1.994799371,53.533838213102,4.12432629781407,58.9131077752056
4745,image_0939_MIXED_L3.jpg,0,0,2,2,1,4,4,4,1,2.571428571,2.821605374,2.648196448,47.0163964950763,7.68640238170691,74.947173974524
4746,image_0942_MIXED_L2.jpg,0,0,1,2,1,2,3,4,2,2.142857143,2.329504803,2.263145973,47.1477769865555,3.68491162253545,50.4379662452661
4747,image_0942_MIXED_L3.jpg,0,0,2,2,1,3,4,4,3,2.714285714,2.963919,2.785968439,47.8135416418069,6.55322688089363,74.3767581919272
4748,image_0945_MIXED_L1.jpg,0,1,1,2,1,1,3,4,1,1.857142857,2.002113315,1.994799371,53.2599005702488,5.20323579221427,56.6088187645364
4749,image_0945_MIXED_L2.jpg,0,0,1,2,1,1,3,4,2,2,2.158681686,2.130172235,48.1769573208015,3.81016087421669,51.0151826231909
4750,image_0947_MIXED_L4.jpg,0,0,4,2,1,4,4,4,4,3.285714286,3.556948181,3.176559604,44.5374263701488,12.666114618802,91.5903989280818
4751,image_0948_MIXED_L3.jpg,0,0,2,2,1,3,4,4,3,2.714285714,2.963919,2.785968439,48.4300609716137,6.72752608700965,74.0652503978402
4752,image_0948_MIXED_L4.jpg,0,0,4,2,1,4,4,4,4,3.285714286,3.556948181,3.176559604,44.5371715729068,12.6624704631187,94.5603857310569
4753,image_0949_MIXED_L3.jpg,0,0,2,2,1,3,4,4,3,2.714285714,2.963919,2.785968439,47.5481521890105,6.50593221115505,75.9510737087793
4754,image_0949_MIXED_L4.jpg,0,0,4,2,1,4,4,4,4,3.285714286,3.556948181,3.176559604,44.5398773233605,12.6304991758724,90.2923087471939
4755,image_0953_MIXED_L2.jpg,0,0,1,2,1,2,3,4,2,2.142857143,2.329504803,2.263145973,48.3152764179071,3.55487136522431,48.4918366394036
4756,image_0956_MIXED_L3.jpg,0,0,2,2,1,3,4,4,2,2.571428571,2.807350629,2.650595575,47.9197160204262,6.93384979517987,75.8861864814364
4757,image_0957_MIXED_L2.jpg,0,0,1,2,1,2,3,4,2,2.142857143,2.329504803,2.263145973,47.4201239074505,3.66666294717463,54.8664357684545
4758,image_0957_MIXED_L3.jpg,0,0,2,2,1,3,4,4,3,2.714285714,2.963919,2.785968439,48.4493063588151,6.79120705814657,77.291968261672
4759,image_0958_MIXED_L1.jpg,1,0,1,1,1,1,4,4,1,1.857142857,2.051544951,2.022596106,44.9412221051184,4.89886005669404,58.9058818811679
4760,image_0959_MIXED_L2.jpg,0,0,1,2,1,2,3,4,2,2.142857143,2.329504803,2.263145973,46.9394337637975,3.6544941818255,53.2474876024366
4761,image_0959_MIXED_L4.jpg,0,0,4,2,1,4,4,4,4,3.285714286,3.556948181,3.176559604,44.5357901946594,12.6428265499278,90.6907323535733
4762,image_0960_MIXED_L1.jpg,0,1,1,2,1,1,3,4,1,1.857142857,2.002113315,1.994799371,50.9667779163786,5.56084009141099,56.3732101808355
4763,image_0960_MIXED_L3.jpg,0,0,2,2,1,3,4,4,3,2.714285714,2.963919,2.785968439,48.1820373373411,6.68875156154016,75.2133678581903
4764,image_0961_MIXED_L1.jpg,0,1,1,2,1,2,3,4,1,2,2.172936432,2.127773108,50.6976134246984,5.61242402066113,59.3543029224227
4765,image_0964_MIXED_L2.jpg,1,0,1,2,1,3,3,4,2,2.285714286,2.50032792,2.39611971,47.1000920505005,3.73180544263528,45.9648926328895
4766,image_0964_MIXED_L4.jpg,1,0,4,2,1,4,4,4,4,3.285714286,3.556948181,3.176559604,44.5370611209366,12.5885864038662,89.9330202094511
4767,image_0966_MIXED_L2.jpg,0,0,1,2,1,1,3,4,2,2,2.158681686,2.130172235,51.1559806960792,3.50134369785933,54.1899435045432
4768,image_0968_MIXED_L2.jpg,0,0,1,2,1,1,3,4,2,2,2.158681686,2.130172235,47.9518633757986,3.82165071393802,54.9977152230041
4769,image_0969_MIXED_L3.jpg,0,0,2,2,1,3,4,4,2,2.571428571,2.807350629,2.650595575,45.5406338245805,6.79851363171236,76.1009510125061
4770,image_0971_MIXED_L3.jpg,0,0,2,2,1,3,4,4,3,2.714285714,2.963919,2.785968439,45.7087088896643,6.62791385822155,75.2840676330261
4771,image_0972_MIXED_L1.jpg,1,0,1,2,1,1,3,4,1,1.857142857,2.002113315,1.994799371,48.2029919394078,5.09732995660179,57.2451669753109
4772,image_0972_MIXED_L3.jpg,1,0,2,2,1,3,4,4,3,2.714285714,2.963919,2.785968439,47.9121136221614,7.23852284550108,76.0534501514082
4773,image_0973_MIXED_L1.jpg,1,1,1,2,1,1,3,4,1,1.857142857,2.002113315,1.994799371,48.4770412196799,5.06450676628825,57.3249576299531
4774,image_0973_MIXED_L3.jpg,1,0,2,2,1,3,4,4,3,2.714285714,2.963919,2.785968439,47.8850588721228,6.62208304570677,75.0524474944549
4775,image_0975_MIXED_L2.jpg,0,0,1,2,1,1,3,4,2,2,2.158681686,2.130172235,47.5615153138762,3.76342175274455,54.9563064362396
4776,image_0977_MIXED_L2.jpg,0,0,1,2,1,2,3,4,3,2.285714286,2.486073175,2.398518837,48.8497561182111,3.67887243687934,52.5284013398592
4777,image_0978_MIXED_L1.jpg,0,1,1,2,1,1,2,3,1,1.571428571,1.651598331,1.653934002,45.6245331564404,5.37994322882535,56.1065450200716
4778,image_0978_MIXED_L2.jpg,0,0,1,2,1,1,3,4,2,2,2.158681686,2.130172235,53.3392725861961,3.92681046252932,59.0243443160176
4779,image_0980_MIXED_L4.jpg,0,0,4,2,1,4,4,4,4,3.285714286,3.556948181,3.176559604,44.5346296526191,12.6749264213728,91.7270945494831
4780,image_0981_MIXED_L2.jpg,0,0,1,2,1,2,3,4,2,2.142857143,2.329504803,2.263145973,46.2136628951824,3.83757343866854,57.17620229142
4781,image_0982_MIXED_L2.jpg,0,0,1,2,1,1,3,4,2,2,2.158681686,2.130172235,53.5690290259327,3.926987913501,60.0048473185114
4782,image_0982_MIXED_L4.jpg,0,0,4,2,1,4,4,4,4,3.285714286,3.556948181,3.176559604,44.5346209519664,12.6970344428988,94.5603857310569
4783,image_0983_MIXED_L4.jpg,0,0,4,2,1,4,4,4,4,3.285714286,3.556948181,3.176559604,44.5357709050086,12.6334691648893,91.0625152932858
4784,image_0985_MIXED_L2.jpg,0,0,1,2,1,3,3,4,3,2.428571429,2.656896292,2.531492574,44.8852593030635,3.76228374630663,53.2825421127763
4785,image_0985_MIXED_L3.jpg,0,0,2,2,1,3,4,4,3,2.714285714,2.963919,2.785968439,48.88743238352,7.04773024265731,76.8272037975693
4786,image_0987_MIXED_L3.jpg,0,0,2,2,1,3,4,4,3,2.714285714,2.963919,2.785968439,48.4529309873034,7.3548237886123,77.4411788201368
4787,image_0988_MIXED_L2.jpg,0,0,1,2,1,2,3,4,2,2.142857143,2.329504803,2.263145973,46.117908577133,3.83168848635868,52.5660964854603
4788,image_0989_MIXED_L2.jpg,1,0,1,2,1,1,3,4,2,2,2.158681686,2.130172235,48.6898372079334,3.86716708391306,53.8835138589848
4789,image_0990_MIXED_L3.jpg,1,0,2,2,1,3,4,4,3,2.714285714,2.963919,2.785968439,48.0531643450372,7.22874727776804,77.1420940349421
4790,image_0991_MIXED_L2.jpg,0,0,1,2,1,1,3,4,2,2,2.158681686,2.130172235,53.39840296488,3.91512971297959,59.1049696032545
4791,image_0991_MIXED_L4.jpg,0,0,4,2,1,4,4,4,4,3.285714286,3.556948181,3.176559604,44.5363976439194,12.6753607491191,94.560724118641
4792,image_0992_MIXED_L2.jpg,1,0,1,2,1,1,3,4,2,2,2.158681686,2.130172235,50.5139151384817,3.80338057354242,52.3194322295706
